2025-11-04 13:10:34,926 - aiogram.event - INFO - Update id=301315376 is handled. Duration 1261 ms by bot id=6339314152
2025-11-04 13:10:36,292 - aiogram.event - INFO - Update id=301315377 is handled. Duration 446 ms by bot id=6339314152
2025-11-04 13:10:38,191 - aiogram.event - INFO - Update id=301315378 is handled. Duration 395 ms by bot id=6339314152
2025-11-04 13:10:39,744 - aiogram.event - INFO - Update id=301315379 is handled. Duration 431 ms by bot id=6339314152
2025-11-04 13:10:42,374 - aiogram.event - INFO - Update id=301315380 is handled. Duration 501 ms by bot id=6339314152
2025-11-04 13:10:44,796 - aiogram.event - INFO - Update id=301315381 is handled. Duration 412 ms by bot id=6339314152
2025-11-04 13:10:47,584 - aiogram.event - INFO - Update id=301315382 is handled. Duration 370 ms by bot id=6339314152
2025-11-04 13:10:49,926 - aiogram.event - INFO - Update id=301315383 is handled. Duration 430 ms by bot id=6339314152
2025-11-04 13:10:51,926 - aiogram.event - INFO - Update id=301315384 is handled. Duration 460 ms by bot id=6339314152
2025-11-04 13:10:54,598 - aiogram.event - INFO - Update id=301315385 is handled. Duration 559 ms by bot id=6339314152
2025-11-04 13:10:56,622 - aiogram.event - INFO - Update id=301315386 is handled. Duration 601 ms by bot id=6339314152
2025-11-04 13:10:59,053 - aiogram.event - INFO - Update id=301315387 is handled. Duration 1001 ms by bot id=6339314152
2025-11-04 13:11:00,705 - aiogram.event - INFO - Update id=301315388 is handled. Duration 380 ms by bot id=6339314152
2025-11-04 13:11:02,475 - aiogram.event - INFO - Update id=301315389 is handled. Duration 637 ms by bot id=6339314152
2025-11-04 13:11:05,603 - aiogram.event - INFO - Update id=301315390 is handled. Duration 367 ms by bot id=6339314152
2025-11-04 13:11:07,296 - aiogram.event - INFO - Update id=301315391 is handled. Duration 387 ms by bot id=6339314152
2025-11-04 13:11:12,173 - aiogram.event - INFO - Update id=301315392 is handled. Duration 1671 ms by bot id=6339314152
2025-11-04 13:13:24,043 - root - DEBUG - ✅ Переопределён метод Message.answer с retry-логикой
2025-11-04 13:13:24,043 - root - DEBUG - ✅ Переопределён метод Message.reply с retry-логикой
2025-11-04 13:13:24,044 - root - DEBUG - ✅ Переопределён метод Message.edit_text с retry-логикой
2025-11-04 13:13:24,044 - root - DEBUG - ✅ Переопределён метод Message.edit_caption с retry-логикой
2025-11-04 13:13:24,044 - root - DEBUG - ✅ Переопределён метод Message.edit_reply_markup с retry-логикой
2025-11-04 13:13:24,044 - root - DEBUG - ✅ Переопределён метод Message.delete с retry-логикой
2025-11-04 13:13:24,044 - root - DEBUG - ✅ Переопределён метод Message.forward с retry-логикой
2025-11-04 13:13:24,044 - root - DEBUG - ✅ Переопределён метод Message.copy_to с retry-логикой
2025-11-04 13:13:24,044 - root - DEBUG - ✅ Переопределён метод Message.send_copy с retry-логикой
2025-11-04 13:13:24,045 - asyncio - DEBUG - Using proactor: IocpProactor
2025-11-04 13:13:27,623 - root - INFO - Бот запускается...
2025-11-04 13:13:27,624 - root - INFO - Загружено 1 администраторов
2025-11-04 13:13:27,629 - apscheduler.scheduler - INFO - Adding job tentatively -- it will be properly scheduled when the scheduler starts
2025-11-04 13:13:27,630 - apscheduler.scheduler - INFO - Added job "process_interest" to job store "default"
2025-11-04 13:13:27,631 - apscheduler.scheduler - INFO - Scheduler started
2025-11-04 13:13:27,631 - utils.background_tasks - INFO - ✅ InterestScheduler запущен
2025-11-04 13:13:27,631 - root - INFO - Фоновые задачи запущены
2025-11-04 13:13:27,632 - aiogram.dispatcher - INFO - Start polling
2025-11-04 13:13:27,632 - apscheduler.scheduler - DEBUG - Looking for jobs to run
2025-11-04 13:13:27,632 - apscheduler.scheduler - DEBUG - Next wakeup is due at 2025-11-04 16:02:00+03:00 (in 10112.367459 seconds)
2025-11-04 13:13:27,972 - aiogram.dispatcher - INFO - Run polling for bot @CtvtytestBot id=6339314152 - 'test0'
2025-11-04 13:13:31,181 - aiogram.event - INFO - Update id=301315393 is handled. Duration 1672 ms by bot id=6339314152
2025-11-04 13:13:33,412 - aiogram.event - INFO - Update id=301315394 is handled. Duration 553 ms by bot id=6339314152
2025-11-04 13:13:35,219 - aiogram.event - INFO - Update id=301315395 is handled. Duration 433 ms by bot id=6339314152
2025-11-04 13:13:36,833 - aiogram.event - INFO - Update id=301315396 is handled. Duration 603 ms by bot id=6339314152
2025-11-04 13:13:38,780 - aiogram.event - INFO - Update id=301315397 is handled. Duration 878 ms by bot id=6339314152
2025-11-04 13:13:44,260 - aiogram.event - INFO - Update id=301315398 is handled. Duration 432 ms by bot id=6339314152
2025-11-04 13:13:46,016 - aiogram.event - INFO - Update id=301315399 is handled. Duration 601 ms by bot id=6339314152
2025-11-04 13:13:47,325 - aiogram.event - INFO - Update id=301315400 is handled. Duration 393 ms by bot id=6339314152
2025-11-04 13:13:49,111 - aiogram.event - INFO - Update id=301315401 is handled. Duration 382 ms by bot id=6339314152
2025-11-04 13:13:52,926 - aiogram.event - INFO - Update id=301315402 is handled. Duration 1747 ms by bot id=6339314152
2025-11-04 13:16:33,172 - root - DEBUG - ✅ Переопределён метод Message.answer с retry-логикой
2025-11-04 13:16:33,172 - root - DEBUG - ✅ Переопределён метод Message.reply с retry-логикой
2025-11-04 13:16:33,172 - root - DEBUG - ✅ Переопределён метод Message.edit_text с retry-логикой
2025-11-04 13:16:33,172 - root - DEBUG - ✅ Переопределён метод Message.edit_caption с retry-логикой
2025-11-04 13:16:33,172 - root - DEBUG - ✅ Переопределён метод Message.edit_reply_markup с retry-логикой
2025-11-04 13:16:33,172 - root - DEBUG - ✅ Переопределён метод Message.delete с retry-логикой
2025-11-04 13:16:33,173 - root - DEBUG - ✅ Переопределён метод Message.forward с retry-логикой
2025-11-04 13:16:33,173 - root - DEBUG - ✅ Переопределён метод Message.copy_to с retry-логикой
2025-11-04 13:16:33,173 - root - DEBUG - ✅ Переопределён метод Message.send_copy с retry-логикой
2025-11-04 13:16:33,173 - asyncio - DEBUG - Using proactor: IocpProactor
2025-11-04 13:16:36,602 - root - INFO - Бот запускается...
2025-11-04 13:16:36,604 - root - INFO - Загружено 1 администраторов
2025-11-04 13:16:36,624 - apscheduler.scheduler - INFO - Adding job tentatively -- it will be properly scheduled when the scheduler starts
2025-11-04 13:16:36,626 - apscheduler.scheduler - INFO - Added job "process_interest" to job store "default"
2025-11-04 13:16:36,627 - apscheduler.scheduler - INFO - Scheduler started
2025-11-04 13:16:36,627 - utils.background_tasks - INFO - ✅ InterestScheduler запущен
2025-11-04 13:16:36,628 - root - INFO - Фоновые задачи запущены
2025-11-04 13:16:36,629 - aiogram.dispatcher - INFO - Start polling
2025-11-04 13:16:36,629 - apscheduler.scheduler - DEBUG - Looking for jobs to run
2025-11-04 13:16:36,630 - apscheduler.scheduler - DEBUG - Next wakeup is due at 2025-11-04 16:02:00+03:00 (in 9923.369893 seconds)
2025-11-04 13:16:36,983 - aiogram.dispatcher - INFO - Run polling for bot @CtvtytestBot id=6339314152 - 'test0'
2025-11-04 13:16:41,759 - aiogram.event - INFO - Update id=301315403 is handled. Duration 1335 ms by bot id=6339314152
2025-11-04 13:16:42,586 - aiogram.event - INFO - Update id=301315404 is handled. Duration 466 ms by bot id=6339314152
2025-11-04 13:16:44,263 - aiogram.event - INFO - Update id=301315405 is handled. Duration 384 ms by bot id=6339314152
2025-11-04 13:16:46,770 - aiogram.event - INFO - Update id=301315406 is handled. Duration 427 ms by bot id=6339314152
2025-11-04 13:16:48,075 - aiogram.event - INFO - Update id=301315407 is handled. Duration 385 ms by bot id=6339314152
2025-11-04 13:16:50,260 - aiogram.event - INFO - Update id=301315408 is handled. Duration 579 ms by bot id=6339314152
2025-11-04 13:16:52,015 - aiogram.event - INFO - Update id=301315409 is handled. Duration 352 ms by bot id=6339314152
2025-11-04 13:16:55,254 - aiogram.event - INFO - Update id=301315410 is handled. Duration 964 ms by bot id=6339314152
2025-11-04 13:16:57,735 - aiogram.event - INFO - Update id=301315411 is handled. Duration 367 ms by bot id=6339314152
2025-11-04 13:17:00,645 - aiogram.event - INFO - Update id=301315412 is handled. Duration 601 ms by bot id=6339314152
2025-11-04 13:17:02,180 - aiogram.event - INFO - Update id=301315413 is handled. Duration 421 ms by bot id=6339314152
2025-11-04 13:17:03,808 - aiogram.event - INFO - Update id=301315414 is handled. Duration 414 ms by bot id=6339314152
2025-11-04 13:17:07,247 - aiogram.event - INFO - Update id=301315415 is not handled. Duration 1819 ms by bot id=6339314152
2025-11-04 13:17:07,248 - aiogram.event - ERROR - Cause exception while process update id=301315415 by bot id=6339314152
TelegramBadRequest: Telegram server says - Bad Request: message is not modified: specified new message content and reply markup are exactly the same as a current content and reply markup of the message
Traceback (most recent call last):
  File "c:\Users\ThinkPad\Desktop\тг боты\No database\бот домера\venv\Lib\site-packages\aiogram\dispatcher\dispatcher.py", line 309, in _process_update
    response = await self.feed_update(bot, update, **kwargs)
               ^^^^^^^^^^^^^^^^^^^^^^^^^^^^^^^^^^^^^^^^^^^^^
  File "c:\Users\ThinkPad\Desktop\тг боты\No database\бот домера\venv\Lib\site-packages\aiogram\dispatcher\dispatcher.py", line 158, in feed_update
    response = await self.update.wrap_outer_middleware(
               ^^^^^^^^^^^^^^^^^^^^^^^^^^^^^^^^^^^^^^^^
    ...<7 lines>...
    )
    ^
  File "c:\Users\ThinkPad\Desktop\тг боты\No database\бот домера\venv\Lib\site-packages\aiogram\dispatcher\middlewares\error.py", line 25, in __call__
    return await handler(event, data)
           ^^^^^^^^^^^^^^^^^^^^^^^^^^
  File "c:\Users\ThinkPad\Desktop\тг боты\No database\бот домера\venv\Lib\site-packages\aiogram\dispatcher\middlewares\user_context.py", line 56, in __call__
    return await handler(event, data)
           ^^^^^^^^^^^^^^^^^^^^^^^^^^
  File "c:\Users\ThinkPad\Desktop\тг боты\No database\бот домера\venv\Lib\site-packages\aiogram\fsm\middleware.py", line 42, in __call__
    return await handler(event, data)
           ^^^^^^^^^^^^^^^^^^^^^^^^^^
  File "c:\Users\ThinkPad\Desktop\тг боты\No database\бот домера\venv\Lib\site-packages\aiogram\dispatcher\event\telegram.py", line 121, in trigger
    return await wrapped_inner(event, kwargs)
           ^^^^^^^^^^^^^^^^^^^^^^^^^^^^^^^^^^
  File "c:\Users\ThinkPad\Desktop\тг боты\No database\бот домера\venv\Lib\site-packages\aiogram\dispatcher\event\handler.py", line 43, in call
    return await wrapped()
           ^^^^^^^^^^^^^^^
  File "c:\Users\ThinkPad\Desktop\тг боты\No database\бот домера\venv\Lib\site-packages\aiogram\dispatcher\dispatcher.py", line 276, in _listen_update
    return await self.propagate_event(update_type=update_type, event=event, **kwargs)
           ^^^^^^^^^^^^^^^^^^^^^^^^^^^^^^^^^^^^^^^^^^^^^^^^^^^^^^^^^^^^^^^^^^^^^^^^^^
  File "c:\Users\ThinkPad\Desktop\тг боты\No database\бот домера\venv\Lib\site-packages\aiogram\dispatcher\router.py", line 146, in propagate_event
    return await observer.wrap_outer_middleware(_wrapped, event=event, data=kwargs)
           ^^^^^^^^^^^^^^^^^^^^^^^^^^^^^^^^^^^^^^^^^^^^^^^^^^^^^^^^^^^^^^^^^^^^^^^^
  File "c:\Users\ThinkPad\Desktop\тг боты\No database\бот домера\venv\Lib\site-packages\aiogram\dispatcher\router.py", line 141, in _wrapped
    return await self._propagate_event(
           ^^^^^^^^^^^^^^^^^^^^^^^^^^^^
        observer=observer, update_type=update_type, event=telegram_event, **data
        ^^^^^^^^^^^^^^^^^^^^^^^^^^^^^^^^^^^^^^^^^^^^^^^^^^^^^^^^^^^^^^^^^^^^^^^^
    )
    ^
  File "c:\Users\ThinkPad\Desktop\тг боты\No database\бот домера\venv\Lib\site-packages\aiogram\dispatcher\router.py", line 174, in _propagate_event
    response = await router.propagate_event(update_type=update_type, event=event, **kwargs)
               ^^^^^^^^^^^^^^^^^^^^^^^^^^^^^^^^^^^^^^^^^^^^^^^^^^^^^^^^^^^^^^^^^^^^^^^^^^^^
  File "c:\Users\ThinkPad\Desktop\тг боты\No database\бот домера\venv\Lib\site-packages\aiogram\dispatcher\router.py", line 146, in propagate_event
    return await observer.wrap_outer_middleware(_wrapped, event=event, data=kwargs)
           ^^^^^^^^^^^^^^^^^^^^^^^^^^^^^^^^^^^^^^^^^^^^^^^^^^^^^^^^^^^^^^^^^^^^^^^^
  File "c:\Users\ThinkPad\Desktop\тг боты\No database\бот домера\venv\Lib\site-packages\aiogram\dispatcher\router.py", line 141, in _wrapped
    return await self._propagate_event(
           ^^^^^^^^^^^^^^^^^^^^^^^^^^^^
        observer=observer, update_type=update_type, event=telegram_event, **data
        ^^^^^^^^^^^^^^^^^^^^^^^^^^^^^^^^^^^^^^^^^^^^^^^^^^^^^^^^^^^^^^^^^^^^^^^^
    )
    ^
  File "c:\Users\ThinkPad\Desktop\тг боты\No database\бот домера\venv\Lib\site-packages\aiogram\dispatcher\router.py", line 174, in _propagate_event
    response = await router.propagate_event(update_type=update_type, event=event, **kwargs)
               ^^^^^^^^^^^^^^^^^^^^^^^^^^^^^^^^^^^^^^^^^^^^^^^^^^^^^^^^^^^^^^^^^^^^^^^^^^^^
  File "c:\Users\ThinkPad\Desktop\тг боты\No database\бот домера\venv\Lib\site-packages\aiogram\dispatcher\router.py", line 146, in propagate_event
    return await observer.wrap_outer_middleware(_wrapped, event=event, data=kwargs)
           ^^^^^^^^^^^^^^^^^^^^^^^^^^^^^^^^^^^^^^^^^^^^^^^^^^^^^^^^^^^^^^^^^^^^^^^^
  File "c:\Users\ThinkPad\Desktop\тг боты\No database\бот домера\venv\Lib\site-packages\aiogram\dispatcher\router.py", line 141, in _wrapped
    return await self._propagate_event(
           ^^^^^^^^^^^^^^^^^^^^^^^^^^^^
        observer=observer, update_type=update_type, event=telegram_event, **data
        ^^^^^^^^^^^^^^^^^^^^^^^^^^^^^^^^^^^^^^^^^^^^^^^^^^^^^^^^^^^^^^^^^^^^^^^^
    )
    ^
  File "c:\Users\ThinkPad\Desktop\тг боты\No database\бот домера\venv\Lib\site-packages\aiogram\dispatcher\router.py", line 174, in _propagate_event
    response = await router.propagate_event(update_type=update_type, event=event, **kwargs)
               ^^^^^^^^^^^^^^^^^^^^^^^^^^^^^^^^^^^^^^^^^^^^^^^^^^^^^^^^^^^^^^^^^^^^^^^^^^^^
  File "c:\Users\ThinkPad\Desktop\тг боты\No database\бот домера\venv\Lib\site-packages\aiogram\dispatcher\router.py", line 146, in propagate_event
    return await observer.wrap_outer_middleware(_wrapped, event=event, data=kwargs)
           ^^^^^^^^^^^^^^^^^^^^^^^^^^^^^^^^^^^^^^^^^^^^^^^^^^^^^^^^^^^^^^^^^^^^^^^^
  File "c:\Users\ThinkPad\Desktop\тг боты\No database\бот домера\venv\Lib\site-packages\aiogram\dispatcher\router.py", line 141, in _wrapped
    return await self._propagate_event(
           ^^^^^^^^^^^^^^^^^^^^^^^^^^^^
        observer=observer, update_type=update_type, event=telegram_event, **data
        ^^^^^^^^^^^^^^^^^^^^^^^^^^^^^^^^^^^^^^^^^^^^^^^^^^^^^^^^^^^^^^^^^^^^^^^^
    )
    ^
  File "c:\Users\ThinkPad\Desktop\тг боты\No database\бот домера\venv\Lib\site-packages\aiogram\dispatcher\router.py", line 174, in _propagate_event
    response = await router.propagate_event(update_type=update_type, event=event, **kwargs)
               ^^^^^^^^^^^^^^^^^^^^^^^^^^^^^^^^^^^^^^^^^^^^^^^^^^^^^^^^^^^^^^^^^^^^^^^^^^^^
  File "c:\Users\ThinkPad\Desktop\тг боты\No database\бот домера\venv\Lib\site-packages\aiogram\dispatcher\router.py", line 146, in propagate_event
    return await observer.wrap_outer_middleware(_wrapped, event=event, data=kwargs)
           ^^^^^^^^^^^^^^^^^^^^^^^^^^^^^^^^^^^^^^^^^^^^^^^^^^^^^^^^^^^^^^^^^^^^^^^^
  File "c:\Users\ThinkPad\Desktop\тг боты\No database\бот домера\venv\Lib\site-packages\aiogram\dispatcher\router.py", line 141, in _wrapped
    return await self._propagate_event(
           ^^^^^^^^^^^^^^^^^^^^^^^^^^^^
        observer=observer, update_type=update_type, event=telegram_event, **data
        ^^^^^^^^^^^^^^^^^^^^^^^^^^^^^^^^^^^^^^^^^^^^^^^^^^^^^^^^^^^^^^^^^^^^^^^^
    )
    ^
  File "c:\Users\ThinkPad\Desktop\тг боты\No database\бот домера\venv\Lib\site-packages\aiogram\dispatcher\router.py", line 166, in _propagate_event
    response = await observer.trigger(event, **kwargs)
               ^^^^^^^^^^^^^^^^^^^^^^^^^^^^^^^^^^^^^^^
  File "c:\Users\ThinkPad\Desktop\тг боты\No database\бот домера\venv\Lib\site-packages\aiogram\dispatcher\event\telegram.py", line 121, in trigger
    return await wrapped_inner(event, kwargs)
           ^^^^^^^^^^^^^^^^^^^^^^^^^^^^^^^^^^
  File "c:\Users\ThinkPad\Desktop\тг боты\No database\бот домера\venv\Lib\site-packages\aiogram\dispatcher\event\handler.py", line 43, in call
    return await wrapped()
           ^^^^^^^^^^^^^^^
  File "C:\Users\ThinkPad\Desktop\тг боты\No database\бот домера\бот1.1\src\handlers\components\decorators.py", line 31, in wrapper
    return await handler(callback, *args, **kwargs)
           ^^^^^^^^^^^^^^^^^^^^^^^^^^^^^^^^^^^^^^^^
  File "C:\Users\ThinkPad\Desktop\тг боты\No database\бот домера\бот1.1\src\handlers\shop\minecraft\inventory.py", line 147, in transfer_items_to_game
    await show_inventory(callback, state)
  File "C:\Users\ThinkPad\Desktop\тг боты\No database\бот домера\бот1.1\src\handlers\components\decorators.py", line 31, in wrapper
    return await handler(callback, *args, **kwargs)
           ^^^^^^^^^^^^^^^^^^^^^^^^^^^^^^^^^^^^^^^^
  File "C:\Users\ThinkPad\Desktop\тг боты\No database\бот домера\бот1.1\src\handlers\shop\minecraft\inventory.py", line 79, in show_inventory
    await callback.message.edit_text(
    ...<3 lines>...
    )
  File "C:\Users\ThinkPad\Desktop\тг боты\No database\бот домера\бот1.1\src\app.py", line 64, in safe_wrapper
    return await original_func(self, *args, **kwargs)
           ^^^^^^^^^^^^^^^^^^^^^^^^^^^^^^^^^^^^^^^^^^
  File "c:\Users\ThinkPad\Desktop\тг боты\No database\бот домера\venv\Lib\site-packages\aiogram\methods\base.py", line 84, in emit
    return await bot(self)
           ^^^^^^^^^^^^^^^
  File "c:\Users\ThinkPad\Desktop\тг боты\No database\бот домера\venv\Lib\site-packages\aiogram\client\bot.py", line 485, in __call__
    return await self.session(self, method, timeout=request_timeout)
           ^^^^^^^^^^^^^^^^^^^^^^^^^^^^^^^^^^^^^^^^^^^^^^^^^^^^^^^^^
  File "c:\Users\ThinkPad\Desktop\тг боты\No database\бот домера\venv\Lib\site-packages\aiogram\client\session\base.py", line 254, in __call__
    return cast(TelegramType, await middleware(bot, method))
                              ^^^^^^^^^^^^^^^^^^^^^^^^^^^^^
  File "c:\Users\ThinkPad\Desktop\тг боты\No database\бот домера\venv\Lib\site-packages\aiogram\client\session\aiohttp.py", line 185, in make_request
    response = self.check_response(
        bot=bot, method=method, status_code=resp.status, content=raw_result
    )
  File "c:\Users\ThinkPad\Desktop\тг боты\No database\бот домера\venv\Lib\site-packages\aiogram\client\session\base.py", line 120, in check_response
    raise TelegramBadRequest(method=method, message=description)
aiogram.exceptions.TelegramBadRequest: Telegram server says - Bad Request: message is not modified: specified new message content and reply markup are exactly the same as a current content and reply markup of the message
2025-11-04 13:18:16,625 - root - DEBUG - ✅ Переопределён метод Message.answer с retry-логикой
2025-11-04 13:18:16,626 - root - DEBUG - ✅ Переопределён метод Message.reply с retry-логикой
2025-11-04 13:18:16,626 - root - DEBUG - ✅ Переопределён метод Message.edit_text с retry-логикой
2025-11-04 13:18:16,626 - root - DEBUG - ✅ Переопределён метод Message.edit_caption с retry-логикой
2025-11-04 13:18:16,626 - root - DEBUG - ✅ Переопределён метод Message.edit_reply_markup с retry-логикой
2025-11-04 13:18:16,626 - root - DEBUG - ✅ Переопределён метод Message.delete с retry-логикой
2025-11-04 13:18:16,626 - root - DEBUG - ✅ Переопределён метод Message.forward с retry-логикой
2025-11-04 13:18:16,626 - root - DEBUG - ✅ Переопределён метод Message.copy_to с retry-логикой
2025-11-04 13:18:16,627 - root - DEBUG - ✅ Переопределён метод Message.send_copy с retry-логикой
2025-11-04 13:18:16,628 - asyncio - DEBUG - Using proactor: IocpProactor
2025-11-04 13:18:17,079 - root - DEBUG - ✅ Переопределён метод Message.answer с retry-логикой
2025-11-04 13:18:17,079 - root - DEBUG - ✅ Переопределён метод Message.reply с retry-логикой
2025-11-04 13:18:17,079 - root - DEBUG - ✅ Переопределён метод Message.edit_text с retry-логикой
2025-11-04 13:18:17,079 - root - DEBUG - ✅ Переопределён метод Message.edit_caption с retry-логикой
2025-11-04 13:18:17,079 - root - DEBUG - ✅ Переопределён метод Message.edit_reply_markup с retry-логикой
2025-11-04 13:18:17,079 - root - DEBUG - ✅ Переопределён метод Message.delete с retry-логикой
2025-11-04 13:18:17,079 - root - DEBUG - ✅ Переопределён метод Message.forward с retry-логикой
2025-11-04 13:18:17,079 - root - DEBUG - ✅ Переопределён метод Message.copy_to с retry-логикой
2025-11-04 13:18:17,079 - root - DEBUG - ✅ Переопределён метод Message.send_copy с retry-логикой
2025-11-04 13:18:26,209 - root - DEBUG - ✅ Переопределён метод Message.answer с retry-логикой
2025-11-04 13:18:26,209 - root - DEBUG - ✅ Переопределён метод Message.reply с retry-логикой
2025-11-04 13:18:26,210 - root - DEBUG - ✅ Переопределён метод Message.edit_text с retry-логикой
2025-11-04 13:18:26,210 - root - DEBUG - ✅ Переопределён метод Message.edit_caption с retry-логикой
2025-11-04 13:18:26,210 - root - DEBUG - ✅ Переопределён метод Message.edit_reply_markup с retry-логикой
2025-11-04 13:18:26,210 - root - DEBUG - ✅ Переопределён метод Message.delete с retry-логикой
2025-11-04 13:18:26,210 - root - DEBUG - ✅ Переопределён метод Message.forward с retry-логикой
2025-11-04 13:18:26,210 - root - DEBUG - ✅ Переопределён метод Message.copy_to с retry-логикой
2025-11-04 13:18:26,210 - root - DEBUG - ✅ Переопределён метод Message.send_copy с retry-логикой
2025-11-04 13:18:26,211 - asyncio - DEBUG - Using proactor: IocpProactor
2025-11-04 13:18:26,639 - root - DEBUG - ✅ Переопределён метод Message.answer с retry-логикой
2025-11-04 13:18:26,639 - root - DEBUG - ✅ Переопределён метод Message.reply с retry-логикой
2025-11-04 13:18:26,639 - root - DEBUG - ✅ Переопределён метод Message.edit_text с retry-логикой
2025-11-04 13:18:26,639 - root - DEBUG - ✅ Переопределён метод Message.edit_caption с retry-логикой
2025-11-04 13:18:26,639 - root - DEBUG - ✅ Переопределён метод Message.edit_reply_markup с retry-логикой
2025-11-04 13:18:26,639 - root - DEBUG - ✅ Переопределён метод Message.delete с retry-логикой
2025-11-04 13:18:26,640 - root - DEBUG - ✅ Переопределён метод Message.forward с retry-логикой
2025-11-04 13:18:26,640 - root - DEBUG - ✅ Переопределён метод Message.copy_to с retry-логикой
2025-11-04 13:18:26,640 - root - DEBUG - ✅ Переопределён метод Message.send_copy с retry-логикой
2025-11-04 13:18:47,419 - root - DEBUG - ✅ Переопределён метод Message.answer с retry-логикой
2025-11-04 13:18:47,420 - root - DEBUG - ✅ Переопределён метод Message.reply с retry-логикой
2025-11-04 13:18:47,420 - root - DEBUG - ✅ Переопределён метод Message.edit_text с retry-логикой
2025-11-04 13:18:47,420 - root - DEBUG - ✅ Переопределён метод Message.edit_caption с retry-логикой
2025-11-04 13:18:47,420 - root - DEBUG - ✅ Переопределён метод Message.edit_reply_markup с retry-логикой
2025-11-04 13:18:47,420 - root - DEBUG - ✅ Переопределён метод Message.delete с retry-логикой
2025-11-04 13:18:47,420 - root - DEBUG - ✅ Переопределён метод Message.forward с retry-логикой
2025-11-04 13:18:47,420 - root - DEBUG - ✅ Переопределён метод Message.copy_to с retry-логикой
2025-11-04 13:18:47,420 - root - DEBUG - ✅ Переопределён метод Message.send_copy с retry-логикой
2025-11-04 13:18:47,421 - asyncio - DEBUG - Using proactor: IocpProactor
2025-11-04 13:18:47,807 - root - DEBUG - ✅ Переопределён метод Message.answer с retry-логикой
2025-11-04 13:18:47,807 - root - DEBUG - ✅ Переопределён метод Message.reply с retry-логикой
2025-11-04 13:18:47,807 - root - DEBUG - ✅ Переопределён метод Message.edit_text с retry-логикой
2025-11-04 13:18:47,807 - root - DEBUG - ✅ Переопределён метод Message.edit_caption с retry-логикой
2025-11-04 13:18:47,807 - root - DEBUG - ✅ Переопределён метод Message.edit_reply_markup с retry-логикой
2025-11-04 13:18:47,808 - root - DEBUG - ✅ Переопределён метод Message.delete с retry-логикой
2025-11-04 13:18:47,808 - root - DEBUG - ✅ Переопределён метод Message.forward с retry-логикой
2025-11-04 13:18:47,808 - root - DEBUG - ✅ Переопределён метод Message.copy_to с retry-логикой
2025-11-04 13:18:47,808 - root - DEBUG - ✅ Переопределён метод Message.send_copy с retry-логикой
2025-11-04 13:19:12,540 - root - DEBUG - ✅ Переопределён метод Message.answer с retry-логикой
2025-11-04 13:19:12,540 - root - DEBUG - ✅ Переопределён метод Message.reply с retry-логикой
2025-11-04 13:19:12,540 - root - DEBUG - ✅ Переопределён метод Message.edit_text с retry-логикой
2025-11-04 13:19:12,540 - root - DEBUG - ✅ Переопределён метод Message.edit_caption с retry-логикой
2025-11-04 13:19:12,540 - root - DEBUG - ✅ Переопределён метод Message.edit_reply_markup с retry-логикой
2025-11-04 13:19:12,540 - root - DEBUG - ✅ Переопределён метод Message.delete с retry-логикой
2025-11-04 13:19:12,540 - root - DEBUG - ✅ Переопределён метод Message.forward с retry-логикой
2025-11-04 13:19:12,540 - root - DEBUG - ✅ Переопределён метод Message.copy_to с retry-логикой
2025-11-04 13:19:12,540 - root - DEBUG - ✅ Переопределён метод Message.send_copy с retry-логикой
2025-11-04 13:19:12,541 - asyncio - DEBUG - Using proactor: IocpProactor
2025-11-04 13:19:12,869 - root - DEBUG - ✅ Переопределён метод Message.answer с retry-логикой
2025-11-04 13:19:12,869 - root - DEBUG - ✅ Переопределён метод Message.reply с retry-логикой
2025-11-04 13:19:12,869 - root - DEBUG - ✅ Переопределён метод Message.edit_text с retry-логикой
2025-11-04 13:19:12,869 - root - DEBUG - ✅ Переопределён метод Message.edit_caption с retry-логикой
2025-11-04 13:19:12,869 - root - DEBUG - ✅ Переопределён метод Message.edit_reply_markup с retry-логикой
2025-11-04 13:19:12,870 - root - DEBUG - ✅ Переопределён метод Message.delete с retry-логикой
2025-11-04 13:19:12,870 - root - DEBUG - ✅ Переопределён метод Message.forward с retry-логикой
2025-11-04 13:19:12,870 - root - DEBUG - ✅ Переопределён метод Message.copy_to с retry-логикой
2025-11-04 13:19:12,870 - root - DEBUG - ✅ Переопределён метод Message.send_copy с retry-логикой
2025-11-04 13:19:19,907 - root - DEBUG - ✅ Переопределён метод Message.answer с retry-логикой
2025-11-04 13:19:19,907 - root - DEBUG - ✅ Переопределён метод Message.reply с retry-логикой
2025-11-04 13:19:19,907 - root - DEBUG - ✅ Переопределён метод Message.edit_text с retry-логикой
2025-11-04 13:19:19,907 - root - DEBUG - ✅ Переопределён метод Message.edit_caption с retry-логикой
2025-11-04 13:19:19,907 - root - DEBUG - ✅ Переопределён метод Message.edit_reply_markup с retry-логикой
2025-11-04 13:19:19,907 - root - DEBUG - ✅ Переопределён метод Message.delete с retry-логикой
2025-11-04 13:19:19,907 - root - DEBUG - ✅ Переопределён метод Message.forward с retry-логикой
2025-11-04 13:19:19,908 - root - DEBUG - ✅ Переопределён метод Message.copy_to с retry-логикой
2025-11-04 13:19:19,908 - root - DEBUG - ✅ Переопределён метод Message.send_copy с retry-логикой
2025-11-04 13:19:19,908 - asyncio - DEBUG - Using proactor: IocpProactor
2025-11-04 13:19:20,187 - root - DEBUG - ✅ Переопределён метод Message.answer с retry-логикой
2025-11-04 13:19:20,187 - root - DEBUG - ✅ Переопределён метод Message.reply с retry-логикой
2025-11-04 13:19:20,187 - root - DEBUG - ✅ Переопределён метод Message.edit_text с retry-логикой
2025-11-04 13:19:20,187 - root - DEBUG - ✅ Переопределён метод Message.edit_caption с retry-логикой
2025-11-04 13:19:20,187 - root - DEBUG - ✅ Переопределён метод Message.edit_reply_markup с retry-логикой
2025-11-04 13:19:20,187 - root - DEBUG - ✅ Переопределён метод Message.delete с retry-логикой
2025-11-04 13:19:20,187 - root - DEBUG - ✅ Переопределён метод Message.forward с retry-логикой
2025-11-04 13:19:20,187 - root - DEBUG - ✅ Переопределён метод Message.copy_to с retry-логикой
2025-11-04 13:19:20,187 - root - DEBUG - ✅ Переопределён метод Message.send_copy с retry-логикой
2025-11-04 13:20:05,598 - root - DEBUG - ✅ Переопределён метод Message.answer с retry-логикой
2025-11-04 13:20:05,598 - root - DEBUG - ✅ Переопределён метод Message.reply с retry-логикой
2025-11-04 13:20:05,599 - root - DEBUG - ✅ Переопределён метод Message.edit_text с retry-логикой
2025-11-04 13:20:05,599 - root - DEBUG - ✅ Переопределён метод Message.edit_caption с retry-логикой
2025-11-04 13:20:05,599 - root - DEBUG - ✅ Переопределён метод Message.edit_reply_markup с retry-логикой
2025-11-04 13:20:05,599 - root - DEBUG - ✅ Переопределён метод Message.delete с retry-логикой
2025-11-04 13:20:05,599 - root - DEBUG - ✅ Переопределён метод Message.forward с retry-логикой
2025-11-04 13:20:05,599 - root - DEBUG - ✅ Переопределён метод Message.copy_to с retry-логикой
2025-11-04 13:20:05,599 - root - DEBUG - ✅ Переопределён метод Message.send_copy с retry-логикой
2025-11-04 13:20:05,600 - asyncio - DEBUG - Using proactor: IocpProactor
2025-11-04 13:20:06,260 - root - INFO - Бот запускается...
2025-11-04 13:20:06,260 - root - INFO - Загружено 1 администраторов
2025-11-04 13:20:06,266 - apscheduler.scheduler - INFO - Adding job tentatively -- it will be properly scheduled when the scheduler starts
2025-11-04 13:20:06,268 - apscheduler.scheduler - INFO - Added job "process_interest" to job store "default"
2025-11-04 13:20:06,268 - apscheduler.scheduler - INFO - Scheduler started
2025-11-04 13:20:06,268 - utils.background_tasks - INFO - ✅ InterestScheduler запущен
2025-11-04 13:20:06,269 - root - INFO - Фоновые задачи запущены
2025-11-04 13:20:06,269 - aiogram.dispatcher - INFO - Start polling
2025-11-04 13:20:06,269 - apscheduler.scheduler - DEBUG - Looking for jobs to run
2025-11-04 13:20:06,269 - apscheduler.scheduler - DEBUG - Next wakeup is due at 2025-11-04 16:02:00+03:00 (in 9713.730088 seconds)
2025-11-04 13:20:06,333 - aiogram.dispatcher - INFO - Run polling for bot @CtvtytestBot id=6339314152 - 'test0'
2025-11-04 13:20:09,903 - aiogram.event - INFO - Update id=301315416 is handled. Duration 241 ms by bot id=6339314152
2025-11-04 13:20:15,796 - aiogram.event - INFO - Update id=301315417 is handled. Duration 152 ms by bot id=6339314152
2025-11-04 13:20:18,617 - aiogram.event - INFO - Update id=301315418 is handled. Duration 96 ms by bot id=6339314152
2025-11-04 13:20:27,238 - aiogram.event - INFO - Update id=301315419 is handled. Duration 97 ms by bot id=6339314152
2025-11-04 13:20:31,802 - aiogram.event - INFO - Update id=301315420 is handled. Duration 101 ms by bot id=6339314152
2025-11-04 13:20:39,622 - aiogram.event - INFO - Update id=301315421 is handled. Duration 145 ms by bot id=6339314152
2025-11-04 13:20:40,963 - aiogram.event - INFO - Update id=301315422 is handled. Duration 204 ms by bot id=6339314152
2025-11-04 13:20:42,216 - aiogram.event - INFO - Update id=301315423 is handled. Duration 246 ms by bot id=6339314152
2025-11-04 13:20:44,291 - aiogram.event - INFO - Update id=301315424 is handled. Duration 532 ms by bot id=6339314152
2025-11-04 13:20:45,759 - aiogram.event - INFO - Update id=301315425 is handled. Duration 98 ms by bot id=6339314152
2025-11-04 13:20:47,361 - aiogram.event - INFO - Update id=301315426 is handled. Duration 137 ms by bot id=6339314152
2025-11-04 13:20:48,022 - aiogram.event - INFO - Update id=301315427 is handled. Duration 84 ms by bot id=6339314152
2025-11-04 13:20:48,835 - aiogram.event - INFO - Update id=301315428 is handled. Duration 106 ms by bot id=6339314152
2025-11-04 13:20:53,048 - utils.rcon - ERROR - Ошибка при выполнении команды
Traceback (most recent call last):
  File "C:\Python\Lib\asyncio\tasks.py", line 507, in wait_for
    return await fut
           ^^^^^^^^^
  File "C:\Python\Lib\asyncio\streams.py", line 48, in open_connection
    transport, _ = await loop.create_connection(
                   ^^^^^^^^^^^^^^^^^^^^^^^^^^^^^
        lambda: protocol, host, port, **kwds)
        ^^^^^^^^^^^^^^^^^^^^^^^^^^^^^^^^^^^^^
  File "C:\Python\Lib\asyncio\base_events.py", line 1137, in create_connection
    sock = await self._connect_sock(
           ^^^^^^^^^^^^^^^^^^^^^^^^^
        exceptions, addrinfo, laddr_infos)
        ^^^^^^^^^^^^^^^^^^^^^^^^^^^^^^^^^^
  File "C:\Python\Lib\asyncio\base_events.py", line 1040, in _connect_sock
    await self.sock_connect(sock, address)
  File "C:\Python\Lib\asyncio\proactor_events.py", line 726, in sock_connect
    return await self._proactor.connect(sock, address)
           ^^^^^^^^^^^^^^^^^^^^^^^^^^^^^^^^^^^^^^^^^^^
asyncio.exceptions.CancelledError

The above exception was the direct cause of the following exception:

Traceback (most recent call last):
  File "c:\Users\ThinkPad\Desktop\тг боты\No database\бот домера\venv\Lib\site-packages\aiomcrcon\client.py", line 45, in connect
    self._reader, self._writer = await asyncio.wait_for(
                                 ^^^^^^^^^^^^^^^^^^^^^^^
        asyncio.open_connection(self.host, self.port), timeout
        ^^^^^^^^^^^^^^^^^^^^^^^^^^^^^^^^^^^^^^^^^^^^^^^^^^^^^^
    )
    ^
  File "C:\Python\Lib\asyncio\tasks.py", line 506, in wait_for
    async with timeouts.timeout(timeout):
               ~~~~~~~~~~~~~~~~^^^^^^^^^
  File "C:\Python\Lib\asyncio\timeouts.py", line 116, in __aexit__
    raise TimeoutError from exc_val
TimeoutError

During handling of the above exception, another exception occurred:

Traceback (most recent call last):
  File "C:\Users\ThinkPad\Desktop\тг боты\No database\бот домера\бот1.1\src\utils\rcon.py", line 23, in _send
    async with aiomcrcon.Client(
               ~~~~~~~~~~~~~~~~^
        host=self.host,
        ^^^^^^^^^^^^^^^
        port=self.port,
        ^^^^^^^^^^^^^^^
        password=self.password
        ^^^^^^^^^^^^^^^^^^^^^^
    ) as client:
    ^
  File "c:\Users\ThinkPad\Desktop\тг боты\No database\бот домера\venv\Lib\site-packages\aiomcrcon\client.py", line 32, in __aenter__
    await self.connect(timeout)
  File "c:\Users\ThinkPad\Desktop\тг боты\No database\бот домера\venv\Lib\site-packages\aiomcrcon\client.py", line 49, in connect
    raise RCONConnectionError(
        "A timeout occurred whilst attempting to connect to the server.", e
    )
aiomcrcon.errors.RCONConnectionError: A timeout occurred whilst attempting to connect to the server.
2025-11-04 13:20:55,085 - utils.rcon - ERROR - Ошибка при выполнении команды
Traceback (most recent call last):
  File "C:\Python\Lib\asyncio\tasks.py", line 507, in wait_for
    return await fut
           ^^^^^^^^^
  File "C:\Python\Lib\asyncio\streams.py", line 48, in open_connection
    transport, _ = await loop.create_connection(
                   ^^^^^^^^^^^^^^^^^^^^^^^^^^^^^
        lambda: protocol, host, port, **kwds)
        ^^^^^^^^^^^^^^^^^^^^^^^^^^^^^^^^^^^^^
  File "C:\Python\Lib\asyncio\base_events.py", line 1137, in create_connection
    sock = await self._connect_sock(
           ^^^^^^^^^^^^^^^^^^^^^^^^^
        exceptions, addrinfo, laddr_infos)
        ^^^^^^^^^^^^^^^^^^^^^^^^^^^^^^^^^^
  File "C:\Python\Lib\asyncio\base_events.py", line 1040, in _connect_sock
    await self.sock_connect(sock, address)
  File "C:\Python\Lib\asyncio\proactor_events.py", line 726, in sock_connect
    return await self._proactor.connect(sock, address)
           ^^^^^^^^^^^^^^^^^^^^^^^^^^^^^^^^^^^^^^^^^^^
asyncio.exceptions.CancelledError

The above exception was the direct cause of the following exception:

Traceback (most recent call last):
  File "c:\Users\ThinkPad\Desktop\тг боты\No database\бот домера\venv\Lib\site-packages\aiomcrcon\client.py", line 45, in connect
    self._reader, self._writer = await asyncio.wait_for(
                                 ^^^^^^^^^^^^^^^^^^^^^^^
        asyncio.open_connection(self.host, self.port), timeout
        ^^^^^^^^^^^^^^^^^^^^^^^^^^^^^^^^^^^^^^^^^^^^^^^^^^^^^^
    )
    ^
  File "C:\Python\Lib\asyncio\tasks.py", line 506, in wait_for
    async with timeouts.timeout(timeout):
               ~~~~~~~~~~~~~~~~^^^^^^^^^
  File "C:\Python\Lib\asyncio\timeouts.py", line 116, in __aexit__
    raise TimeoutError from exc_val
TimeoutError

During handling of the above exception, another exception occurred:

Traceback (most recent call last):
  File "C:\Users\ThinkPad\Desktop\тг боты\No database\бот домера\бот1.1\src\utils\rcon.py", line 23, in _send
    async with aiomcrcon.Client(
               ~~~~~~~~~~~~~~~~^
        host=self.host,
        ^^^^^^^^^^^^^^^
        port=self.port,
        ^^^^^^^^^^^^^^^
        password=self.password
        ^^^^^^^^^^^^^^^^^^^^^^
    ) as client:
    ^
  File "c:\Users\ThinkPad\Desktop\тг боты\No database\бот домера\venv\Lib\site-packages\aiomcrcon\client.py", line 32, in __aenter__
    await self.connect(timeout)
  File "c:\Users\ThinkPad\Desktop\тг боты\No database\бот домера\venv\Lib\site-packages\aiomcrcon\client.py", line 49, in connect
    raise RCONConnectionError(
        "A timeout occurred whilst attempting to connect to the server.", e
    )
aiomcrcon.errors.RCONConnectionError: A timeout occurred whilst attempting to connect to the server.
2025-11-04 13:20:55,311 - aiogram.event - INFO - Update id=301315429 is handled. Duration 4413 ms by bot id=6339314152
2025-11-04 13:22:00,401 - root - DEBUG - ✅ Переопределён метод Message.answer с retry-логикой
2025-11-04 13:22:00,401 - root - DEBUG - ✅ Переопределён метод Message.reply с retry-логикой
2025-11-04 13:22:00,401 - root - DEBUG - ✅ Переопределён метод Message.edit_text с retry-логикой
2025-11-04 13:22:00,401 - root - DEBUG - ✅ Переопределён метод Message.edit_caption с retry-логикой
2025-11-04 13:22:00,402 - root - DEBUG - ✅ Переопределён метод Message.edit_reply_markup с retry-логикой
2025-11-04 13:22:00,402 - root - DEBUG - ✅ Переопределён метод Message.delete с retry-логикой
2025-11-04 13:22:00,402 - root - DEBUG - ✅ Переопределён метод Message.forward с retry-логикой
2025-11-04 13:22:00,402 - root - DEBUG - ✅ Переопределён метод Message.copy_to с retry-логикой
2025-11-04 13:22:00,402 - root - DEBUG - ✅ Переопределён метод Message.send_copy с retry-логикой
2025-11-04 13:22:00,403 - asyncio - DEBUG - Using proactor: IocpProactor
2025-11-04 13:22:01,103 - root - INFO - Бот запускается...
2025-11-04 13:22:01,104 - root - INFO - Загружено 1 администраторов
2025-11-04 13:22:01,109 - apscheduler.scheduler - INFO - Adding job tentatively -- it will be properly scheduled when the scheduler starts
2025-11-04 13:22:01,110 - apscheduler.scheduler - INFO - Added job "process_interest" to job store "default"
2025-11-04 13:22:01,110 - apscheduler.scheduler - INFO - Scheduler started
2025-11-04 13:22:01,110 - utils.background_tasks - INFO - ✅ InterestScheduler запущен
2025-11-04 13:22:01,111 - root - INFO - Фоновые задачи запущены
2025-11-04 13:22:01,111 - aiogram.dispatcher - INFO - Start polling
2025-11-04 13:22:01,111 - apscheduler.scheduler - DEBUG - Looking for jobs to run
2025-11-04 13:22:01,111 - apscheduler.scheduler - DEBUG - Next wakeup is due at 2025-11-04 16:02:00+03:00 (in 9598.888135 seconds)
2025-11-04 13:22:01,174 - aiogram.dispatcher - INFO - Run polling for bot @CtvtytestBot id=6339314152 - 'test0'
2025-11-04 13:23:19,342 - aiogram.event - INFO - Update id=301315430 is handled. Duration 291 ms by bot id=6339314152
2025-11-04 13:23:20,508 - aiogram.event - INFO - Update id=301315431 is handled. Duration 127 ms by bot id=6339314152
2025-11-04 13:23:22,366 - aiogram.event - INFO - Update id=301315432 is handled. Duration 166 ms by bot id=6339314152
2025-11-04 13:23:23,349 - aiogram.event - INFO - Update id=301315433 is handled. Duration 175 ms by bot id=6339314152
2025-11-04 13:23:24,244 - aiogram.event - INFO - Update id=301315434 is handled. Duration 94 ms by bot id=6339314152
2025-11-04 13:23:25,482 - aiogram.event - INFO - Update id=301315435 is handled. Duration 247 ms by bot id=6339314152
2025-11-04 13:23:26,329 - aiogram.event - INFO - Update id=301315436 is handled. Duration 86 ms by bot id=6339314152
2025-11-04 13:23:26,936 - aiogram.event - INFO - Update id=301315437 is handled. Duration 134 ms by bot id=6339314152
2025-11-04 13:23:27,562 - aiogram.event - INFO - Update id=301315438 is handled. Duration 118 ms by bot id=6339314152
2025-11-04 13:23:28,506 - aiogram.event - INFO - Update id=301315439 is handled. Duration 118 ms by bot id=6339314152
2025-11-04 13:23:30,029 - aiogram.event - INFO - Update id=301315440 is handled. Duration 465 ms by bot id=6339314152
2025-11-04 13:26:58,577 - root - DEBUG - ✅ Переопределён метод Message.answer с retry-логикой
2025-11-04 13:26:58,578 - root - DEBUG - ✅ Переопределён метод Message.reply с retry-логикой
2025-11-04 13:26:58,578 - root - DEBUG - ✅ Переопределён метод Message.edit_text с retry-логикой
2025-11-04 13:26:58,578 - root - DEBUG - ✅ Переопределён метод Message.edit_caption с retry-логикой
2025-11-04 13:26:58,578 - root - DEBUG - ✅ Переопределён метод Message.edit_reply_markup с retry-логикой
2025-11-04 13:26:58,578 - root - DEBUG - ✅ Переопределён метод Message.delete с retry-логикой
2025-11-04 13:26:58,578 - root - DEBUG - ✅ Переопределён метод Message.forward с retry-логикой
2025-11-04 13:26:58,578 - root - DEBUG - ✅ Переопределён метод Message.copy_to с retry-логикой
2025-11-04 13:26:58,578 - root - DEBUG - ✅ Переопределён метод Message.send_copy с retry-логикой
2025-11-04 13:26:58,579 - asyncio - DEBUG - Using proactor: IocpProactor
2025-11-04 13:27:02,368 - root - INFO - Бот запускается...
2025-11-04 13:27:02,369 - root - INFO - Загружено 1 администраторов
2025-11-04 13:27:02,380 - apscheduler.scheduler - INFO - Adding job tentatively -- it will be properly scheduled when the scheduler starts
2025-11-04 13:27:02,382 - apscheduler.scheduler - INFO - Added job "process_interest" to job store "default"
2025-11-04 13:27:02,382 - apscheduler.scheduler - INFO - Scheduler started
2025-11-04 13:27:02,383 - utils.background_tasks - INFO - ✅ InterestScheduler запущен
2025-11-04 13:27:02,383 - root - INFO - Фоновые задачи запущены
2025-11-04 13:27:02,384 - aiogram.dispatcher - INFO - Start polling
2025-11-04 13:27:02,384 - apscheduler.scheduler - DEBUG - Looking for jobs to run
2025-11-04 13:27:02,385 - apscheduler.scheduler - DEBUG - Next wakeup is due at 2025-11-04 16:02:00+03:00 (in 9297.614943 seconds)
2025-11-04 13:27:02,731 - aiogram.dispatcher - INFO - Run polling for bot @CtvtytestBot id=6339314152 - 'test0'
2025-11-04 13:27:18,009 - root - WARNING - [Retry 1/3] Ошибка при вызове Message.answer: TelegramNetworkError: HTTP Client says - ClientConnectorError: Cannot connect to host api.telegram.org:443 ssl:default [Указанное сетевое имя более недоступно]
2025-11-04 13:27:20,601 - aiogram.event - INFO - Update id=301315441 is handled. Duration 5953 ms by bot id=6339314152
2025-11-04 13:27:32,714 - aiogram.event - INFO - Update id=301315442 is handled. Duration 379 ms by bot id=6339314152
2025-11-04 13:27:34,163 - aiogram.event - INFO - Update id=301315443 is handled. Duration 395 ms by bot id=6339314152
2025-11-04 13:27:37,892 - aiogram.event - INFO - Update id=301315444 is handled. Duration 2533 ms by bot id=6339314152
2025-11-04 13:28:10,926 - root - DEBUG - ✅ Переопределён метод Message.answer с retry-логикой
2025-11-04 13:28:10,926 - root - DEBUG - ✅ Переопределён метод Message.reply с retry-логикой
2025-11-04 13:28:10,926 - root - DEBUG - ✅ Переопределён метод Message.edit_text с retry-логикой
2025-11-04 13:28:10,926 - root - DEBUG - ✅ Переопределён метод Message.edit_caption с retry-логикой
2025-11-04 13:28:10,927 - root - DEBUG - ✅ Переопределён метод Message.edit_reply_markup с retry-логикой
2025-11-04 13:28:10,927 - root - DEBUG - ✅ Переопределён метод Message.delete с retry-логикой
2025-11-04 13:28:10,927 - root - DEBUG - ✅ Переопределён метод Message.forward с retry-логикой
2025-11-04 13:28:10,927 - root - DEBUG - ✅ Переопределён метод Message.copy_to с retry-логикой
2025-11-04 13:28:10,927 - root - DEBUG - ✅ Переопределён метод Message.send_copy с retry-логикой
2025-11-04 13:28:10,928 - asyncio - DEBUG - Using proactor: IocpProactor
2025-11-04 13:28:14,663 - root - INFO - Бот запускается...
2025-11-04 13:28:14,664 - root - INFO - Загружено 1 администраторов
2025-11-04 13:28:14,670 - apscheduler.scheduler - INFO - Adding job tentatively -- it will be properly scheduled when the scheduler starts
2025-11-04 13:28:14,671 - apscheduler.scheduler - INFO - Added job "process_interest" to job store "default"
2025-11-04 13:28:14,672 - apscheduler.scheduler - INFO - Scheduler started
2025-11-04 13:28:14,672 - utils.background_tasks - INFO - ✅ InterestScheduler запущен
2025-11-04 13:28:14,673 - root - INFO - Фоновые задачи запущены
2025-11-04 13:28:14,673 - aiogram.dispatcher - INFO - Start polling
2025-11-04 13:28:14,673 - apscheduler.scheduler - DEBUG - Looking for jobs to run
2025-11-04 13:28:14,673 - apscheduler.scheduler - DEBUG - Next wakeup is due at 2025-11-04 16:02:00+03:00 (in 9225.326072 seconds)
2025-11-04 13:28:15,017 - aiogram.dispatcher - INFO - Run polling for bot @CtvtytestBot id=6339314152 - 'test0'
2025-11-04 13:28:19,429 - aiogram.event - INFO - Update id=301315445 is handled. Duration 1860 ms by bot id=6339314152
2025-11-04 13:28:20,915 - aiogram.event - INFO - Update id=301315446 is handled. Duration 413 ms by bot id=6339314152
2025-11-04 13:28:22,137 - aiogram.event - INFO - Update id=301315447 is handled. Duration 377 ms by bot id=6339314152
2025-11-04 13:28:26,111 - aiogram.event - INFO - Update id=301315448 is handled. Duration 2370 ms by bot id=6339314152
2025-11-04 13:31:34,308 - root - DEBUG - ✅ Переопределён метод Message.answer с retry-логикой
2025-11-04 13:31:34,308 - root - DEBUG - ✅ Переопределён метод Message.reply с retry-логикой
2025-11-04 13:31:34,308 - root - DEBUG - ✅ Переопределён метод Message.edit_text с retry-логикой
2025-11-04 13:31:34,308 - root - DEBUG - ✅ Переопределён метод Message.edit_caption с retry-логикой
2025-11-04 13:31:34,308 - root - DEBUG - ✅ Переопределён метод Message.edit_reply_markup с retry-логикой
2025-11-04 13:31:34,308 - root - DEBUG - ✅ Переопределён метод Message.delete с retry-логикой
2025-11-04 13:31:34,308 - root - DEBUG - ✅ Переопределён метод Message.forward с retry-логикой
2025-11-04 13:31:34,308 - root - DEBUG - ✅ Переопределён метод Message.copy_to с retry-логикой
2025-11-04 13:31:34,308 - root - DEBUG - ✅ Переопределён метод Message.send_copy с retry-логикой
2025-11-04 13:31:34,309 - asyncio - DEBUG - Using proactor: IocpProactor
2025-11-04 13:31:34,979 - root - INFO - Бот запускается...
2025-11-04 13:31:34,981 - root - INFO - Загружено 1 администраторов
2025-11-04 13:31:34,999 - apscheduler.scheduler - INFO - Adding job tentatively -- it will be properly scheduled when the scheduler starts
2025-11-04 13:31:35,002 - apscheduler.scheduler - INFO - Added job "process_interest" to job store "default"
2025-11-04 13:31:35,002 - apscheduler.scheduler - INFO - Scheduler started
2025-11-04 13:31:35,003 - utils.background_tasks - INFO - ✅ InterestScheduler запущен
2025-11-04 13:31:35,003 - root - INFO - Фоновые задачи запущены
2025-11-04 13:31:35,004 - aiogram.dispatcher - INFO - Start polling
2025-11-04 13:31:35,004 - apscheduler.scheduler - DEBUG - Looking for jobs to run
2025-11-04 13:31:35,005 - apscheduler.scheduler - DEBUG - Next wakeup is due at 2025-11-04 16:02:00+03:00 (in 9024.994909 seconds)
2025-11-04 13:31:35,071 - aiogram.dispatcher - INFO - Run polling for bot @CtvtytestBot id=6339314152 - 'test0'
2025-11-04 13:31:39,243 - aiogram.event - INFO - Update id=301315449 is handled. Duration 218 ms by bot id=6339314152
2025-11-04 13:31:40,973 - aiogram.event - INFO - Update id=301315450 is handled. Duration 109 ms by bot id=6339314152
2025-11-04 13:31:42,099 - aiogram.event - INFO - Update id=301315451 is handled. Duration 102 ms by bot id=6339314152
2025-11-04 13:31:43,696 - aiogram.event - INFO - Update id=301315452 is handled. Duration 81 ms by bot id=6339314152
2025-11-04 13:31:59,564 - aiogram.event - INFO - Update id=301315453 is handled. Duration 134 ms by bot id=6339314152
2025-11-04 13:32:00,888 - aiogram.event - INFO - Update id=301315454 is handled. Duration 154 ms by bot id=6339314152
2025-11-04 13:32:02,040 - aiogram.event - INFO - Update id=301315455 is handled. Duration 197 ms by bot id=6339314152
2025-11-04 13:32:03,280 - utils.rcon - INFO - команда в майн: ('No player was found\n', 1312963892)
2025-11-04 13:32:03,472 - aiogram.event - INFO - Update id=301315456 is not handled. Duration 443 ms by bot id=6339314152
2025-11-04 13:32:03,473 - aiogram.event - ERROR - Cause exception while process update id=301315456 by bot id=6339314152
TelegramBadRequest: Telegram server says - Bad Request: message is not modified: specified new message content and reply markup are exactly the same as a current content and reply markup of the message
Traceback (most recent call last):
  File "c:\Users\ThinkPad\Desktop\тг боты\No database\бот домера\venv\Lib\site-packages\aiogram\dispatcher\dispatcher.py", line 309, in _process_update
    response = await self.feed_update(bot, update, **kwargs)
               ^^^^^^^^^^^^^^^^^^^^^^^^^^^^^^^^^^^^^^^^^^^^^
  File "c:\Users\ThinkPad\Desktop\тг боты\No database\бот домера\venv\Lib\site-packages\aiogram\dispatcher\dispatcher.py", line 158, in feed_update
    response = await self.update.wrap_outer_middleware(
               ^^^^^^^^^^^^^^^^^^^^^^^^^^^^^^^^^^^^^^^^
    ...<7 lines>...
    )
    ^
  File "c:\Users\ThinkPad\Desktop\тг боты\No database\бот домера\venv\Lib\site-packages\aiogram\dispatcher\middlewares\error.py", line 25, in __call__
    return await handler(event, data)
           ^^^^^^^^^^^^^^^^^^^^^^^^^^
  File "c:\Users\ThinkPad\Desktop\тг боты\No database\бот домера\venv\Lib\site-packages\aiogram\dispatcher\middlewares\user_context.py", line 56, in __call__
    return await handler(event, data)
           ^^^^^^^^^^^^^^^^^^^^^^^^^^
  File "c:\Users\ThinkPad\Desktop\тг боты\No database\бот домера\venv\Lib\site-packages\aiogram\fsm\middleware.py", line 42, in __call__
    return await handler(event, data)
           ^^^^^^^^^^^^^^^^^^^^^^^^^^
  File "c:\Users\ThinkPad\Desktop\тг боты\No database\бот домера\venv\Lib\site-packages\aiogram\dispatcher\event\telegram.py", line 121, in trigger
    return await wrapped_inner(event, kwargs)
           ^^^^^^^^^^^^^^^^^^^^^^^^^^^^^^^^^^
  File "c:\Users\ThinkPad\Desktop\тг боты\No database\бот домера\venv\Lib\site-packages\aiogram\dispatcher\event\handler.py", line 43, in call
    return await wrapped()
           ^^^^^^^^^^^^^^^
  File "c:\Users\ThinkPad\Desktop\тг боты\No database\бот домера\venv\Lib\site-packages\aiogram\dispatcher\dispatcher.py", line 276, in _listen_update
    return await self.propagate_event(update_type=update_type, event=event, **kwargs)
           ^^^^^^^^^^^^^^^^^^^^^^^^^^^^^^^^^^^^^^^^^^^^^^^^^^^^^^^^^^^^^^^^^^^^^^^^^^
  File "c:\Users\ThinkPad\Desktop\тг боты\No database\бот домера\venv\Lib\site-packages\aiogram\dispatcher\router.py", line 146, in propagate_event
    return await observer.wrap_outer_middleware(_wrapped, event=event, data=kwargs)
           ^^^^^^^^^^^^^^^^^^^^^^^^^^^^^^^^^^^^^^^^^^^^^^^^^^^^^^^^^^^^^^^^^^^^^^^^
  File "c:\Users\ThinkPad\Desktop\тг боты\No database\бот домера\venv\Lib\site-packages\aiogram\dispatcher\router.py", line 141, in _wrapped
    return await self._propagate_event(
           ^^^^^^^^^^^^^^^^^^^^^^^^^^^^
        observer=observer, update_type=update_type, event=telegram_event, **data
        ^^^^^^^^^^^^^^^^^^^^^^^^^^^^^^^^^^^^^^^^^^^^^^^^^^^^^^^^^^^^^^^^^^^^^^^^
    )
    ^
  File "c:\Users\ThinkPad\Desktop\тг боты\No database\бот домера\venv\Lib\site-packages\aiogram\dispatcher\router.py", line 174, in _propagate_event
    response = await router.propagate_event(update_type=update_type, event=event, **kwargs)
               ^^^^^^^^^^^^^^^^^^^^^^^^^^^^^^^^^^^^^^^^^^^^^^^^^^^^^^^^^^^^^^^^^^^^^^^^^^^^
  File "c:\Users\ThinkPad\Desktop\тг боты\No database\бот домера\venv\Lib\site-packages\aiogram\dispatcher\router.py", line 146, in propagate_event
    return await observer.wrap_outer_middleware(_wrapped, event=event, data=kwargs)
           ^^^^^^^^^^^^^^^^^^^^^^^^^^^^^^^^^^^^^^^^^^^^^^^^^^^^^^^^^^^^^^^^^^^^^^^^
  File "c:\Users\ThinkPad\Desktop\тг боты\No database\бот домера\venv\Lib\site-packages\aiogram\dispatcher\router.py", line 141, in _wrapped
    return await self._propagate_event(
           ^^^^^^^^^^^^^^^^^^^^^^^^^^^^
        observer=observer, update_type=update_type, event=telegram_event, **data
        ^^^^^^^^^^^^^^^^^^^^^^^^^^^^^^^^^^^^^^^^^^^^^^^^^^^^^^^^^^^^^^^^^^^^^^^^
    )
    ^
  File "c:\Users\ThinkPad\Desktop\тг боты\No database\бот домера\venv\Lib\site-packages\aiogram\dispatcher\router.py", line 174, in _propagate_event
    response = await router.propagate_event(update_type=update_type, event=event, **kwargs)
               ^^^^^^^^^^^^^^^^^^^^^^^^^^^^^^^^^^^^^^^^^^^^^^^^^^^^^^^^^^^^^^^^^^^^^^^^^^^^
  File "c:\Users\ThinkPad\Desktop\тг боты\No database\бот домера\venv\Lib\site-packages\aiogram\dispatcher\router.py", line 146, in propagate_event
    return await observer.wrap_outer_middleware(_wrapped, event=event, data=kwargs)
           ^^^^^^^^^^^^^^^^^^^^^^^^^^^^^^^^^^^^^^^^^^^^^^^^^^^^^^^^^^^^^^^^^^^^^^^^
  File "c:\Users\ThinkPad\Desktop\тг боты\No database\бот домера\venv\Lib\site-packages\aiogram\dispatcher\router.py", line 141, in _wrapped
    return await self._propagate_event(
           ^^^^^^^^^^^^^^^^^^^^^^^^^^^^
        observer=observer, update_type=update_type, event=telegram_event, **data
        ^^^^^^^^^^^^^^^^^^^^^^^^^^^^^^^^^^^^^^^^^^^^^^^^^^^^^^^^^^^^^^^^^^^^^^^^
    )
    ^
  File "c:\Users\ThinkPad\Desktop\тг боты\No database\бот домера\venv\Lib\site-packages\aiogram\dispatcher\router.py", line 174, in _propagate_event
    response = await router.propagate_event(update_type=update_type, event=event, **kwargs)
               ^^^^^^^^^^^^^^^^^^^^^^^^^^^^^^^^^^^^^^^^^^^^^^^^^^^^^^^^^^^^^^^^^^^^^^^^^^^^
  File "c:\Users\ThinkPad\Desktop\тг боты\No database\бот домера\venv\Lib\site-packages\aiogram\dispatcher\router.py", line 146, in propagate_event
    return await observer.wrap_outer_middleware(_wrapped, event=event, data=kwargs)
           ^^^^^^^^^^^^^^^^^^^^^^^^^^^^^^^^^^^^^^^^^^^^^^^^^^^^^^^^^^^^^^^^^^^^^^^^
  File "c:\Users\ThinkPad\Desktop\тг боты\No database\бот домера\venv\Lib\site-packages\aiogram\dispatcher\router.py", line 141, in _wrapped
    return await self._propagate_event(
           ^^^^^^^^^^^^^^^^^^^^^^^^^^^^
        observer=observer, update_type=update_type, event=telegram_event, **data
        ^^^^^^^^^^^^^^^^^^^^^^^^^^^^^^^^^^^^^^^^^^^^^^^^^^^^^^^^^^^^^^^^^^^^^^^^
    )
    ^
  File "c:\Users\ThinkPad\Desktop\тг боты\No database\бот домера\venv\Lib\site-packages\aiogram\dispatcher\router.py", line 174, in _propagate_event
    response = await router.propagate_event(update_type=update_type, event=event, **kwargs)
               ^^^^^^^^^^^^^^^^^^^^^^^^^^^^^^^^^^^^^^^^^^^^^^^^^^^^^^^^^^^^^^^^^^^^^^^^^^^^
  File "c:\Users\ThinkPad\Desktop\тг боты\No database\бот домера\venv\Lib\site-packages\aiogram\dispatcher\router.py", line 146, in propagate_event
    return await observer.wrap_outer_middleware(_wrapped, event=event, data=kwargs)
           ^^^^^^^^^^^^^^^^^^^^^^^^^^^^^^^^^^^^^^^^^^^^^^^^^^^^^^^^^^^^^^^^^^^^^^^^
  File "c:\Users\ThinkPad\Desktop\тг боты\No database\бот домера\venv\Lib\site-packages\aiogram\dispatcher\router.py", line 141, in _wrapped
    return await self._propagate_event(
           ^^^^^^^^^^^^^^^^^^^^^^^^^^^^
        observer=observer, update_type=update_type, event=telegram_event, **data
        ^^^^^^^^^^^^^^^^^^^^^^^^^^^^^^^^^^^^^^^^^^^^^^^^^^^^^^^^^^^^^^^^^^^^^^^^
    )
    ^
  File "c:\Users\ThinkPad\Desktop\тг боты\No database\бот домера\venv\Lib\site-packages\aiogram\dispatcher\router.py", line 166, in _propagate_event
    response = await observer.trigger(event, **kwargs)
               ^^^^^^^^^^^^^^^^^^^^^^^^^^^^^^^^^^^^^^^
  File "c:\Users\ThinkPad\Desktop\тг боты\No database\бот домера\venv\Lib\site-packages\aiogram\dispatcher\event\telegram.py", line 121, in trigger
    return await wrapped_inner(event, kwargs)
           ^^^^^^^^^^^^^^^^^^^^^^^^^^^^^^^^^^
  File "c:\Users\ThinkPad\Desktop\тг боты\No database\бот домера\venv\Lib\site-packages\aiogram\dispatcher\event\handler.py", line 43, in call
    return await wrapped()
           ^^^^^^^^^^^^^^^
  File "C:\Users\ThinkPad\Desktop\тг боты\No database\бот домера\бот1.1\src\handlers\components\decorators.py", line 31, in wrapper
    return await handler(callback, *args, **kwargs)
           ^^^^^^^^^^^^^^^^^^^^^^^^^^^^^^^^^^^^^^^^
  File "C:\Users\ThinkPad\Desktop\тг боты\No database\бот домера\бот1.1\src\handlers\shop\minecraft\inventory.py", line 147, in transfer_items_to_game
    await show_inventory(callback, state)
  File "C:\Users\ThinkPad\Desktop\тг боты\No database\бот домера\бот1.1\src\handlers\components\decorators.py", line 31, in wrapper
    return await handler(callback, *args, **kwargs)
           ^^^^^^^^^^^^^^^^^^^^^^^^^^^^^^^^^^^^^^^^
  File "C:\Users\ThinkPad\Desktop\тг боты\No database\бот домера\бот1.1\src\handlers\shop\minecraft\inventory.py", line 79, in show_inventory
    await callback.message.edit_text(
    ...<3 lines>...
    )
  File "C:\Users\ThinkPad\Desktop\тг боты\No database\бот домера\бот1.1\src\app.py", line 64, in safe_wrapper
    return await original_func(self, *args, **kwargs)
           ^^^^^^^^^^^^^^^^^^^^^^^^^^^^^^^^^^^^^^^^^^
  File "c:\Users\ThinkPad\Desktop\тг боты\No database\бот домера\venv\Lib\site-packages\aiogram\methods\base.py", line 84, in emit
    return await bot(self)
           ^^^^^^^^^^^^^^^
  File "c:\Users\ThinkPad\Desktop\тг боты\No database\бот домера\venv\Lib\site-packages\aiogram\client\bot.py", line 485, in __call__
    return await self.session(self, method, timeout=request_timeout)
           ^^^^^^^^^^^^^^^^^^^^^^^^^^^^^^^^^^^^^^^^^^^^^^^^^^^^^^^^^
  File "c:\Users\ThinkPad\Desktop\тг боты\No database\бот домера\venv\Lib\site-packages\aiogram\client\session\base.py", line 254, in __call__
    return cast(TelegramType, await middleware(bot, method))
                              ^^^^^^^^^^^^^^^^^^^^^^^^^^^^^
  File "c:\Users\ThinkPad\Desktop\тг боты\No database\бот домера\venv\Lib\site-packages\aiogram\client\session\aiohttp.py", line 185, in make_request
    response = self.check_response(
        bot=bot, method=method, status_code=resp.status, content=raw_result
    )
  File "c:\Users\ThinkPad\Desktop\тг боты\No database\бот домера\venv\Lib\site-packages\aiogram\client\session\base.py", line 120, in check_response
    raise TelegramBadRequest(method=method, message=description)
aiogram.exceptions.TelegramBadRequest: Telegram server says - Bad Request: message is not modified: specified new message content and reply markup are exactly the same as a current content and reply markup of the message
2025-11-04 13:40:36,681 - root - DEBUG - ✅ Переопределён метод Message.answer с retry-логикой
2025-11-04 13:40:36,681 - root - DEBUG - ✅ Переопределён метод Message.reply с retry-логикой
2025-11-04 13:40:36,681 - root - DEBUG - ✅ Переопределён метод Message.edit_text с retry-логикой
2025-11-04 13:40:36,681 - root - DEBUG - ✅ Переопределён метод Message.edit_caption с retry-логикой
2025-11-04 13:40:36,681 - root - DEBUG - ✅ Переопределён метод Message.edit_reply_markup с retry-логикой
2025-11-04 13:40:36,681 - root - DEBUG - ✅ Переопределён метод Message.delete с retry-логикой
2025-11-04 13:40:36,681 - root - DEBUG - ✅ Переопределён метод Message.forward с retry-логикой
2025-11-04 13:40:36,681 - root - DEBUG - ✅ Переопределён метод Message.copy_to с retry-логикой
2025-11-04 13:40:36,681 - root - DEBUG - ✅ Переопределён метод Message.send_copy с retry-логикой
2025-11-04 13:40:36,682 - asyncio - DEBUG - Using proactor: IocpProactor
2025-11-04 13:40:37,305 - root - INFO - Бот запускается...
2025-11-04 13:40:37,307 - root - INFO - Загружено 1 администраторов
2025-11-04 13:40:37,325 - apscheduler.scheduler - INFO - Adding job tentatively -- it will be properly scheduled when the scheduler starts
2025-11-04 13:40:37,327 - apscheduler.scheduler - INFO - Added job "process_interest" to job store "default"
2025-11-04 13:40:37,327 - apscheduler.scheduler - INFO - Scheduler started
2025-11-04 13:40:37,328 - utils.background_tasks - INFO - ✅ InterestScheduler запущен
2025-11-04 13:40:37,328 - root - INFO - Фоновые задачи запущены
2025-11-04 13:40:37,329 - aiogram.dispatcher - INFO - Start polling
2025-11-04 13:40:37,330 - apscheduler.scheduler - DEBUG - Looking for jobs to run
2025-11-04 13:40:37,330 - apscheduler.scheduler - DEBUG - Next wakeup is due at 2025-11-04 16:02:00+03:00 (in 8482.669737 seconds)
2025-11-04 13:40:37,394 - aiogram.dispatcher - INFO - Run polling for bot @CtvtytestBot id=6339314152 - 'test0'
2025-11-04 13:40:41,761 - aiogram.event - INFO - Update id=301315457 is handled. Duration 264 ms by bot id=6339314152
2025-11-04 13:47:13,148 - root - DEBUG - ✅ Переопределён метод Message.answer с retry-логикой
2025-11-04 13:47:13,148 - root - DEBUG - ✅ Переопределён метод Message.reply с retry-логикой
2025-11-04 13:47:13,148 - root - DEBUG - ✅ Переопределён метод Message.edit_text с retry-логикой
2025-11-04 13:47:13,148 - root - DEBUG - ✅ Переопределён метод Message.edit_caption с retry-логикой
2025-11-04 13:47:13,148 - root - DEBUG - ✅ Переопределён метод Message.edit_reply_markup с retry-логикой
2025-11-04 13:47:13,148 - root - DEBUG - ✅ Переопределён метод Message.delete с retry-логикой
2025-11-04 13:47:13,148 - root - DEBUG - ✅ Переопределён метод Message.forward с retry-логикой
2025-11-04 13:47:13,148 - root - DEBUG - ✅ Переопределён метод Message.copy_to с retry-логикой
2025-11-04 13:47:13,148 - root - DEBUG - ✅ Переопределён метод Message.send_copy с retry-логикой
2025-11-04 13:47:13,149 - asyncio - DEBUG - Using proactor: IocpProactor
2025-11-04 13:48:04,717 - root - DEBUG - ✅ Переопределён метод Message.answer с retry-логикой
2025-11-04 13:48:04,718 - root - DEBUG - ✅ Переопределён метод Message.reply с retry-логикой
2025-11-04 13:48:04,718 - root - DEBUG - ✅ Переопределён метод Message.edit_text с retry-логикой
2025-11-04 13:48:04,718 - root - DEBUG - ✅ Переопределён метод Message.edit_caption с retry-логикой
2025-11-04 13:48:04,718 - root - DEBUG - ✅ Переопределён метод Message.edit_reply_markup с retry-логикой
2025-11-04 13:48:04,718 - root - DEBUG - ✅ Переопределён метод Message.delete с retry-логикой
2025-11-04 13:48:04,718 - root - DEBUG - ✅ Переопределён метод Message.forward с retry-логикой
2025-11-04 13:48:04,718 - root - DEBUG - ✅ Переопределён метод Message.copy_to с retry-логикой
2025-11-04 13:48:04,718 - root - DEBUG - ✅ Переопределён метод Message.send_copy с retry-логикой
2025-11-04 13:48:04,719 - asyncio - DEBUG - Using proactor: IocpProactor
2025-11-04 13:48:05,738 - root - INFO - Бот запускается...
2025-11-04 13:48:05,739 - root - INFO - Загружено 1 администраторов
2025-11-04 13:48:05,750 - apscheduler.scheduler - INFO - Adding job tentatively -- it will be properly scheduled when the scheduler starts
2025-11-04 13:48:05,752 - apscheduler.scheduler - INFO - Added job "process_interest" to job store "default"
2025-11-04 13:48:05,752 - apscheduler.scheduler - INFO - Scheduler started
2025-11-04 13:48:05,753 - utils.background_tasks - INFO - ✅ InterestScheduler запущен
2025-11-04 13:48:05,753 - root - INFO - Фоновые задачи запущены
2025-11-04 13:48:05,754 - aiogram.dispatcher - INFO - Start polling
2025-11-04 13:48:05,755 - apscheduler.scheduler - DEBUG - Looking for jobs to run
2025-11-04 13:48:05,755 - apscheduler.scheduler - DEBUG - Next wakeup is due at 2025-11-04 16:02:00+03:00 (in 8034.244846 seconds)
2025-11-04 13:48:05,820 - aiogram.dispatcher - INFO - Run polling for bot @CtvtytestBot id=6339314152 - 'test0'
2025-11-04 13:48:08,949 - aiogram.event - INFO - Update id=301315458 is handled. Duration 302 ms by bot id=6339314152
2025-11-04 13:48:10,171 - aiogram.event - INFO - Update id=301315459 is handled. Duration 193 ms by bot id=6339314152
2025-11-04 13:48:12,024 - aiogram.event - INFO - Update id=301315460 is handled. Duration 94 ms by bot id=6339314152
2025-11-04 13:48:13,910 - utils.rcon - INFO - команда в майн: ('No player was found\n', 638791459)
2025-11-04 13:48:14,015 - aiogram.event - INFO - Update id=301315461 is handled. Duration 334 ms by bot id=6339314152
2025-11-04 13:48:34,104 - aiogram.event - INFO - Update id=301315462 is handled. Duration 153 ms by bot id=6339314152
2025-11-04 13:48:36,038 - utils.rcon - INFO - команда в майн: ('No player was found\n', 334900538)
2025-11-04 13:48:36,191 - aiogram.event - INFO - Update id=301315463 is handled. Duration 497 ms by bot id=6339314152
2025-11-04 13:48:43,703 - aiogram.event - INFO - Update id=301315464 is handled. Duration 220 ms by bot id=6339314152
2025-11-04 13:48:58,039 - aiogram.event - INFO - Update id=301315465 is handled. Duration 100 ms by bot id=6339314152
2025-11-04 13:48:59,068 - utils.rcon - INFO - команда в майн: ('Expected whitespace to end one argument, but found trailing data\ngive hj9лолоhf diamond_sword 1<--[HERE]\n', 1245927827)
2025-11-04 13:48:59,211 - aiogram.event - INFO - Update id=301315466 is not handled. Duration 362 ms by bot id=6339314152
2025-11-04 13:48:59,212 - aiogram.event - ERROR - Cause exception while process update id=301315466 by bot id=6339314152
TypeError: minecraft_shop() missing 1 required positional argument: 'state'
Traceback (most recent call last):
  File "c:\Users\ThinkPad\Desktop\тг боты\No database\бот домера\venv\Lib\site-packages\aiogram\dispatcher\dispatcher.py", line 309, in _process_update
    response = await self.feed_update(bot, update, **kwargs)
               ^^^^^^^^^^^^^^^^^^^^^^^^^^^^^^^^^^^^^^^^^^^^^
  File "c:\Users\ThinkPad\Desktop\тг боты\No database\бот домера\venv\Lib\site-packages\aiogram\dispatcher\dispatcher.py", line 158, in feed_update
    response = await self.update.wrap_outer_middleware(
               ^^^^^^^^^^^^^^^^^^^^^^^^^^^^^^^^^^^^^^^^
    ...<7 lines>...
    )
    ^
  File "c:\Users\ThinkPad\Desktop\тг боты\No database\бот домера\venv\Lib\site-packages\aiogram\dispatcher\middlewares\error.py", line 25, in __call__
    return await handler(event, data)
           ^^^^^^^^^^^^^^^^^^^^^^^^^^
  File "c:\Users\ThinkPad\Desktop\тг боты\No database\бот домера\venv\Lib\site-packages\aiogram\dispatcher\middlewares\user_context.py", line 56, in __call__
    return await handler(event, data)
           ^^^^^^^^^^^^^^^^^^^^^^^^^^
  File "c:\Users\ThinkPad\Desktop\тг боты\No database\бот домера\venv\Lib\site-packages\aiogram\fsm\middleware.py", line 42, in __call__
    return await handler(event, data)
           ^^^^^^^^^^^^^^^^^^^^^^^^^^
  File "c:\Users\ThinkPad\Desktop\тг боты\No database\бот домера\venv\Lib\site-packages\aiogram\dispatcher\event\telegram.py", line 121, in trigger
    return await wrapped_inner(event, kwargs)
           ^^^^^^^^^^^^^^^^^^^^^^^^^^^^^^^^^^
  File "c:\Users\ThinkPad\Desktop\тг боты\No database\бот домера\venv\Lib\site-packages\aiogram\dispatcher\event\handler.py", line 43, in call
    return await wrapped()
           ^^^^^^^^^^^^^^^
  File "c:\Users\ThinkPad\Desktop\тг боты\No database\бот домера\venv\Lib\site-packages\aiogram\dispatcher\dispatcher.py", line 276, in _listen_update
    return await self.propagate_event(update_type=update_type, event=event, **kwargs)
           ^^^^^^^^^^^^^^^^^^^^^^^^^^^^^^^^^^^^^^^^^^^^^^^^^^^^^^^^^^^^^^^^^^^^^^^^^^
  File "c:\Users\ThinkPad\Desktop\тг боты\No database\бот домера\venv\Lib\site-packages\aiogram\dispatcher\router.py", line 146, in propagate_event
    return await observer.wrap_outer_middleware(_wrapped, event=event, data=kwargs)
           ^^^^^^^^^^^^^^^^^^^^^^^^^^^^^^^^^^^^^^^^^^^^^^^^^^^^^^^^^^^^^^^^^^^^^^^^
  File "c:\Users\ThinkPad\Desktop\тг боты\No database\бот домера\venv\Lib\site-packages\aiogram\dispatcher\router.py", line 141, in _wrapped
    return await self._propagate_event(
           ^^^^^^^^^^^^^^^^^^^^^^^^^^^^
        observer=observer, update_type=update_type, event=telegram_event, **data
        ^^^^^^^^^^^^^^^^^^^^^^^^^^^^^^^^^^^^^^^^^^^^^^^^^^^^^^^^^^^^^^^^^^^^^^^^
    )
    ^
  File "c:\Users\ThinkPad\Desktop\тг боты\No database\бот домера\venv\Lib\site-packages\aiogram\dispatcher\router.py", line 174, in _propagate_event
    response = await router.propagate_event(update_type=update_type, event=event, **kwargs)
               ^^^^^^^^^^^^^^^^^^^^^^^^^^^^^^^^^^^^^^^^^^^^^^^^^^^^^^^^^^^^^^^^^^^^^^^^^^^^
  File "c:\Users\ThinkPad\Desktop\тг боты\No database\бот домера\venv\Lib\site-packages\aiogram\dispatcher\router.py", line 146, in propagate_event
    return await observer.wrap_outer_middleware(_wrapped, event=event, data=kwargs)
           ^^^^^^^^^^^^^^^^^^^^^^^^^^^^^^^^^^^^^^^^^^^^^^^^^^^^^^^^^^^^^^^^^^^^^^^^
  File "c:\Users\ThinkPad\Desktop\тг боты\No database\бот домера\venv\Lib\site-packages\aiogram\dispatcher\router.py", line 141, in _wrapped
    return await self._propagate_event(
           ^^^^^^^^^^^^^^^^^^^^^^^^^^^^
        observer=observer, update_type=update_type, event=telegram_event, **data
        ^^^^^^^^^^^^^^^^^^^^^^^^^^^^^^^^^^^^^^^^^^^^^^^^^^^^^^^^^^^^^^^^^^^^^^^^
    )
    ^
  File "c:\Users\ThinkPad\Desktop\тг боты\No database\бот домера\venv\Lib\site-packages\aiogram\dispatcher\router.py", line 174, in _propagate_event
    response = await router.propagate_event(update_type=update_type, event=event, **kwargs)
               ^^^^^^^^^^^^^^^^^^^^^^^^^^^^^^^^^^^^^^^^^^^^^^^^^^^^^^^^^^^^^^^^^^^^^^^^^^^^
  File "c:\Users\ThinkPad\Desktop\тг боты\No database\бот домера\venv\Lib\site-packages\aiogram\dispatcher\router.py", line 146, in propagate_event
    return await observer.wrap_outer_middleware(_wrapped, event=event, data=kwargs)
           ^^^^^^^^^^^^^^^^^^^^^^^^^^^^^^^^^^^^^^^^^^^^^^^^^^^^^^^^^^^^^^^^^^^^^^^^
  File "c:\Users\ThinkPad\Desktop\тг боты\No database\бот домера\venv\Lib\site-packages\aiogram\dispatcher\router.py", line 141, in _wrapped
    return await self._propagate_event(
           ^^^^^^^^^^^^^^^^^^^^^^^^^^^^
        observer=observer, update_type=update_type, event=telegram_event, **data
        ^^^^^^^^^^^^^^^^^^^^^^^^^^^^^^^^^^^^^^^^^^^^^^^^^^^^^^^^^^^^^^^^^^^^^^^^
    )
    ^
  File "c:\Users\ThinkPad\Desktop\тг боты\No database\бот домера\venv\Lib\site-packages\aiogram\dispatcher\router.py", line 174, in _propagate_event
    response = await router.propagate_event(update_type=update_type, event=event, **kwargs)
               ^^^^^^^^^^^^^^^^^^^^^^^^^^^^^^^^^^^^^^^^^^^^^^^^^^^^^^^^^^^^^^^^^^^^^^^^^^^^
  File "c:\Users\ThinkPad\Desktop\тг боты\No database\бот домера\venv\Lib\site-packages\aiogram\dispatcher\router.py", line 146, in propagate_event
    return await observer.wrap_outer_middleware(_wrapped, event=event, data=kwargs)
           ^^^^^^^^^^^^^^^^^^^^^^^^^^^^^^^^^^^^^^^^^^^^^^^^^^^^^^^^^^^^^^^^^^^^^^^^
  File "c:\Users\ThinkPad\Desktop\тг боты\No database\бот домера\venv\Lib\site-packages\aiogram\dispatcher\router.py", line 141, in _wrapped
    return await self._propagate_event(
           ^^^^^^^^^^^^^^^^^^^^^^^^^^^^
        observer=observer, update_type=update_type, event=telegram_event, **data
        ^^^^^^^^^^^^^^^^^^^^^^^^^^^^^^^^^^^^^^^^^^^^^^^^^^^^^^^^^^^^^^^^^^^^^^^^
    )
    ^
  File "c:\Users\ThinkPad\Desktop\тг боты\No database\бот домера\venv\Lib\site-packages\aiogram\dispatcher\router.py", line 174, in _propagate_event
    response = await router.propagate_event(update_type=update_type, event=event, **kwargs)
               ^^^^^^^^^^^^^^^^^^^^^^^^^^^^^^^^^^^^^^^^^^^^^^^^^^^^^^^^^^^^^^^^^^^^^^^^^^^^
  File "c:\Users\ThinkPad\Desktop\тг боты\No database\бот домера\venv\Lib\site-packages\aiogram\dispatcher\router.py", line 146, in propagate_event
    return await observer.wrap_outer_middleware(_wrapped, event=event, data=kwargs)
           ^^^^^^^^^^^^^^^^^^^^^^^^^^^^^^^^^^^^^^^^^^^^^^^^^^^^^^^^^^^^^^^^^^^^^^^^
  File "c:\Users\ThinkPad\Desktop\тг боты\No database\бот домера\venv\Lib\site-packages\aiogram\dispatcher\router.py", line 141, in _wrapped
    return await self._propagate_event(
           ^^^^^^^^^^^^^^^^^^^^^^^^^^^^
        observer=observer, update_type=update_type, event=telegram_event, **data
        ^^^^^^^^^^^^^^^^^^^^^^^^^^^^^^^^^^^^^^^^^^^^^^^^^^^^^^^^^^^^^^^^^^^^^^^^
    )
    ^
  File "c:\Users\ThinkPad\Desktop\тг боты\No database\бот домера\venv\Lib\site-packages\aiogram\dispatcher\router.py", line 166, in _propagate_event
    response = await observer.trigger(event, **kwargs)
               ^^^^^^^^^^^^^^^^^^^^^^^^^^^^^^^^^^^^^^^
  File "c:\Users\ThinkPad\Desktop\тг боты\No database\бот домера\venv\Lib\site-packages\aiogram\dispatcher\event\telegram.py", line 121, in trigger
    return await wrapped_inner(event, kwargs)
           ^^^^^^^^^^^^^^^^^^^^^^^^^^^^^^^^^^
  File "c:\Users\ThinkPad\Desktop\тг боты\No database\бот домера\venv\Lib\site-packages\aiogram\dispatcher\event\handler.py", line 43, in call
    return await wrapped()
           ^^^^^^^^^^^^^^^
  File "C:\Users\ThinkPad\Desktop\тг боты\No database\бот домера\бот1.1\src\handlers\components\decorators.py", line 31, in wrapper
    return await handler(callback, *args, **kwargs)
           ^^^^^^^^^^^^^^^^^^^^^^^^^^^^^^^^^^^^^^^^
  File "C:\Users\ThinkPad\Desktop\тг боты\No database\бот домера\бот1.1\src\handlers\shop\minecraft\inventory.py", line 137, in transfer_items_to_game
    await transfer_items_to_minecraft(callback.message, user_id,minecraft_username, inventory)
  File "C:\Users\ThinkPad\Desktop\тг боты\No database\бот домера\бот1.1\src\handlers\shop\minecraft\inventory.py", line 197, in transfer_items_to_minecraft
    await minecraft_shop(message)
          ~~~~~~~~~~~~~~^^^^^^^^^
TypeError: minecraft_shop() missing 1 required positional argument: 'state'
2025-11-04 13:53:11,018 - root - DEBUG - ✅ Переопределён метод Message.answer с retry-логикой
2025-11-04 13:53:11,018 - root - DEBUG - ✅ Переопределён метод Message.reply с retry-логикой
2025-11-04 13:53:11,018 - root - DEBUG - ✅ Переопределён метод Message.edit_text с retry-логикой
2025-11-04 13:53:11,018 - root - DEBUG - ✅ Переопределён метод Message.edit_caption с retry-логикой
2025-11-04 13:53:11,018 - root - DEBUG - ✅ Переопределён метод Message.edit_reply_markup с retry-логикой
2025-11-04 13:53:11,018 - root - DEBUG - ✅ Переопределён метод Message.delete с retry-логикой
2025-11-04 13:53:11,018 - root - DEBUG - ✅ Переопределён метод Message.forward с retry-логикой
2025-11-04 13:53:11,018 - root - DEBUG - ✅ Переопределён метод Message.copy_to с retry-логикой
2025-11-04 13:53:11,019 - root - DEBUG - ✅ Переопределён метод Message.send_copy с retry-логикой
2025-11-04 13:53:11,019 - asyncio - DEBUG - Using proactor: IocpProactor
2025-11-04 13:53:11,622 - root - INFO - Бот запускается...
2025-11-04 13:53:11,623 - root - INFO - Загружено 1 администраторов
2025-11-04 13:53:11,639 - apscheduler.scheduler - INFO - Adding job tentatively -- it will be properly scheduled when the scheduler starts
2025-11-04 13:53:11,641 - apscheduler.scheduler - INFO - Added job "process_interest" to job store "default"
2025-11-04 13:53:11,641 - apscheduler.scheduler - INFO - Scheduler started
2025-11-04 13:53:11,642 - utils.background_tasks - INFO - ✅ InterestScheduler запущен
2025-11-04 13:53:11,642 - root - INFO - Фоновые задачи запущены
2025-11-04 13:53:11,642 - aiogram.dispatcher - INFO - Start polling
2025-11-04 13:53:11,643 - apscheduler.scheduler - DEBUG - Looking for jobs to run
2025-11-04 13:53:11,643 - apscheduler.scheduler - DEBUG - Next wakeup is due at 2025-11-04 16:02:00+03:00 (in 7728.356449 seconds)
2025-11-04 13:53:11,709 - aiogram.dispatcher - INFO - Run polling for bot @CtvtytestBot id=6339314152 - 'test0'
2025-11-04 13:54:37,627 - aiogram.event - INFO - Update id=301315467 is not handled. Duration 8 ms by bot id=6339314152
2025-11-04 13:54:37,627 - aiogram.event - ERROR - Cause exception while process update id=301315467 by bot id=6339314152
TypeError: minecraft_shop() takes 1 positional argument but 2 were given
Traceback (most recent call last):
  File "c:\Users\ThinkPad\Desktop\тг боты\No database\бот домера\venv\Lib\site-packages\aiogram\dispatcher\dispatcher.py", line 309, in _process_update
    response = await self.feed_update(bot, update, **kwargs)
               ^^^^^^^^^^^^^^^^^^^^^^^^^^^^^^^^^^^^^^^^^^^^^
  File "c:\Users\ThinkPad\Desktop\тг боты\No database\бот домера\venv\Lib\site-packages\aiogram\dispatcher\dispatcher.py", line 158, in feed_update
    response = await self.update.wrap_outer_middleware(
               ^^^^^^^^^^^^^^^^^^^^^^^^^^^^^^^^^^^^^^^^
    ...<7 lines>...
    )
    ^
  File "c:\Users\ThinkPad\Desktop\тг боты\No database\бот домера\venv\Lib\site-packages\aiogram\dispatcher\middlewares\error.py", line 25, in __call__
    return await handler(event, data)
           ^^^^^^^^^^^^^^^^^^^^^^^^^^
  File "c:\Users\ThinkPad\Desktop\тг боты\No database\бот домера\venv\Lib\site-packages\aiogram\dispatcher\middlewares\user_context.py", line 56, in __call__
    return await handler(event, data)
           ^^^^^^^^^^^^^^^^^^^^^^^^^^
  File "c:\Users\ThinkPad\Desktop\тг боты\No database\бот домера\venv\Lib\site-packages\aiogram\fsm\middleware.py", line 42, in __call__
    return await handler(event, data)
           ^^^^^^^^^^^^^^^^^^^^^^^^^^
  File "c:\Users\ThinkPad\Desktop\тг боты\No database\бот домера\venv\Lib\site-packages\aiogram\dispatcher\event\telegram.py", line 121, in trigger
    return await wrapped_inner(event, kwargs)
           ^^^^^^^^^^^^^^^^^^^^^^^^^^^^^^^^^^
  File "c:\Users\ThinkPad\Desktop\тг боты\No database\бот домера\venv\Lib\site-packages\aiogram\dispatcher\event\handler.py", line 43, in call
    return await wrapped()
           ^^^^^^^^^^^^^^^
  File "c:\Users\ThinkPad\Desktop\тг боты\No database\бот домера\venv\Lib\site-packages\aiogram\dispatcher\dispatcher.py", line 276, in _listen_update
    return await self.propagate_event(update_type=update_type, event=event, **kwargs)
           ^^^^^^^^^^^^^^^^^^^^^^^^^^^^^^^^^^^^^^^^^^^^^^^^^^^^^^^^^^^^^^^^^^^^^^^^^^
  File "c:\Users\ThinkPad\Desktop\тг боты\No database\бот домера\venv\Lib\site-packages\aiogram\dispatcher\router.py", line 146, in propagate_event
    return await observer.wrap_outer_middleware(_wrapped, event=event, data=kwargs)
           ^^^^^^^^^^^^^^^^^^^^^^^^^^^^^^^^^^^^^^^^^^^^^^^^^^^^^^^^^^^^^^^^^^^^^^^^
  File "c:\Users\ThinkPad\Desktop\тг боты\No database\бот домера\venv\Lib\site-packages\aiogram\dispatcher\router.py", line 141, in _wrapped
    return await self._propagate_event(
           ^^^^^^^^^^^^^^^^^^^^^^^^^^^^
        observer=observer, update_type=update_type, event=telegram_event, **data
        ^^^^^^^^^^^^^^^^^^^^^^^^^^^^^^^^^^^^^^^^^^^^^^^^^^^^^^^^^^^^^^^^^^^^^^^^
    )
    ^
  File "c:\Users\ThinkPad\Desktop\тг боты\No database\бот домера\venv\Lib\site-packages\aiogram\dispatcher\router.py", line 174, in _propagate_event
    response = await router.propagate_event(update_type=update_type, event=event, **kwargs)
               ^^^^^^^^^^^^^^^^^^^^^^^^^^^^^^^^^^^^^^^^^^^^^^^^^^^^^^^^^^^^^^^^^^^^^^^^^^^^
  File "c:\Users\ThinkPad\Desktop\тг боты\No database\бот домера\venv\Lib\site-packages\aiogram\dispatcher\router.py", line 146, in propagate_event
    return await observer.wrap_outer_middleware(_wrapped, event=event, data=kwargs)
           ^^^^^^^^^^^^^^^^^^^^^^^^^^^^^^^^^^^^^^^^^^^^^^^^^^^^^^^^^^^^^^^^^^^^^^^^
  File "c:\Users\ThinkPad\Desktop\тг боты\No database\бот домера\venv\Lib\site-packages\aiogram\dispatcher\router.py", line 141, in _wrapped
    return await self._propagate_event(
           ^^^^^^^^^^^^^^^^^^^^^^^^^^^^
        observer=observer, update_type=update_type, event=telegram_event, **data
        ^^^^^^^^^^^^^^^^^^^^^^^^^^^^^^^^^^^^^^^^^^^^^^^^^^^^^^^^^^^^^^^^^^^^^^^^
    )
    ^
  File "c:\Users\ThinkPad\Desktop\тг боты\No database\бот домера\venv\Lib\site-packages\aiogram\dispatcher\router.py", line 174, in _propagate_event
    response = await router.propagate_event(update_type=update_type, event=event, **kwargs)
               ^^^^^^^^^^^^^^^^^^^^^^^^^^^^^^^^^^^^^^^^^^^^^^^^^^^^^^^^^^^^^^^^^^^^^^^^^^^^
  File "c:\Users\ThinkPad\Desktop\тг боты\No database\бот домера\venv\Lib\site-packages\aiogram\dispatcher\router.py", line 146, in propagate_event
    return await observer.wrap_outer_middleware(_wrapped, event=event, data=kwargs)
           ^^^^^^^^^^^^^^^^^^^^^^^^^^^^^^^^^^^^^^^^^^^^^^^^^^^^^^^^^^^^^^^^^^^^^^^^
  File "c:\Users\ThinkPad\Desktop\тг боты\No database\бот домера\venv\Lib\site-packages\aiogram\dispatcher\router.py", line 141, in _wrapped
    return await self._propagate_event(
           ^^^^^^^^^^^^^^^^^^^^^^^^^^^^
        observer=observer, update_type=update_type, event=telegram_event, **data
        ^^^^^^^^^^^^^^^^^^^^^^^^^^^^^^^^^^^^^^^^^^^^^^^^^^^^^^^^^^^^^^^^^^^^^^^^
    )
    ^
  File "c:\Users\ThinkPad\Desktop\тг боты\No database\бот домера\venv\Lib\site-packages\aiogram\dispatcher\router.py", line 174, in _propagate_event
    response = await router.propagate_event(update_type=update_type, event=event, **kwargs)
               ^^^^^^^^^^^^^^^^^^^^^^^^^^^^^^^^^^^^^^^^^^^^^^^^^^^^^^^^^^^^^^^^^^^^^^^^^^^^
  File "c:\Users\ThinkPad\Desktop\тг боты\No database\бот домера\venv\Lib\site-packages\aiogram\dispatcher\router.py", line 146, in propagate_event
    return await observer.wrap_outer_middleware(_wrapped, event=event, data=kwargs)
           ^^^^^^^^^^^^^^^^^^^^^^^^^^^^^^^^^^^^^^^^^^^^^^^^^^^^^^^^^^^^^^^^^^^^^^^^
  File "c:\Users\ThinkPad\Desktop\тг боты\No database\бот домера\venv\Lib\site-packages\aiogram\dispatcher\router.py", line 141, in _wrapped
    return await self._propagate_event(
           ^^^^^^^^^^^^^^^^^^^^^^^^^^^^
        observer=observer, update_type=update_type, event=telegram_event, **data
        ^^^^^^^^^^^^^^^^^^^^^^^^^^^^^^^^^^^^^^^^^^^^^^^^^^^^^^^^^^^^^^^^^^^^^^^^
    )
    ^
  File "c:\Users\ThinkPad\Desktop\тг боты\No database\бот домера\venv\Lib\site-packages\aiogram\dispatcher\router.py", line 166, in _propagate_event
    response = await observer.trigger(event, **kwargs)
               ^^^^^^^^^^^^^^^^^^^^^^^^^^^^^^^^^^^^^^^
  File "c:\Users\ThinkPad\Desktop\тг боты\No database\бот домера\venv\Lib\site-packages\aiogram\dispatcher\event\telegram.py", line 121, in trigger
    return await wrapped_inner(event, kwargs)
           ^^^^^^^^^^^^^^^^^^^^^^^^^^^^^^^^^^
  File "c:\Users\ThinkPad\Desktop\тг боты\No database\бот домера\venv\Lib\site-packages\aiogram\dispatcher\event\handler.py", line 43, in call
    return await wrapped()
           ^^^^^^^^^^^^^^^
  File "C:\Users\ThinkPad\Desktop\тг боты\No database\бот домера\бот1.1\src\handlers\components\decorators.py", line 31, in wrapper
    return await handler(callback, *args, **kwargs)
           ^^^^^^^^^^^^^^^^^^^^^^^^^^^^^^^^^^^^^^^^
  File "C:\Users\ThinkPad\Desktop\тг боты\No database\бот домера\бот1.1\src\handlers\shop\minecraft\shop.py", line 45, in show_shop
    await minecraft_shop(callback, state)
          ~~~~~~~~~~~~~~^^^^^^^^^^^^^^^^^
TypeError: minecraft_shop() takes 1 positional argument but 2 were given
2025-11-04 13:55:13,716 - root - DEBUG - ✅ Переопределён метод Message.answer с retry-логикой
2025-11-04 13:55:13,716 - root - DEBUG - ✅ Переопределён метод Message.reply с retry-логикой
2025-11-04 13:55:13,716 - root - DEBUG - ✅ Переопределён метод Message.edit_text с retry-логикой
2025-11-04 13:55:13,716 - root - DEBUG - ✅ Переопределён метод Message.edit_caption с retry-логикой
2025-11-04 13:55:13,716 - root - DEBUG - ✅ Переопределён метод Message.edit_reply_markup с retry-логикой
2025-11-04 13:55:13,717 - root - DEBUG - ✅ Переопределён метод Message.delete с retry-логикой
2025-11-04 13:55:13,717 - root - DEBUG - ✅ Переопределён метод Message.forward с retry-логикой
2025-11-04 13:55:13,717 - root - DEBUG - ✅ Переопределён метод Message.copy_to с retry-логикой
2025-11-04 13:55:13,717 - root - DEBUG - ✅ Переопределён метод Message.send_copy с retry-логикой
2025-11-04 13:55:13,717 - asyncio - DEBUG - Using proactor: IocpProactor
2025-11-04 13:55:14,624 - root - INFO - Бот запускается...
2025-11-04 13:55:14,626 - root - INFO - Загружено 1 администраторов
2025-11-04 13:55:14,643 - apscheduler.scheduler - INFO - Adding job tentatively -- it will be properly scheduled when the scheduler starts
2025-11-04 13:55:14,645 - apscheduler.scheduler - INFO - Added job "process_interest" to job store "default"
2025-11-04 13:55:14,645 - apscheduler.scheduler - INFO - Scheduler started
2025-11-04 13:55:14,646 - utils.background_tasks - INFO - ✅ InterestScheduler запущен
2025-11-04 13:55:14,647 - root - INFO - Фоновые задачи запущены
2025-11-04 13:55:14,647 - aiogram.dispatcher - INFO - Start polling
2025-11-04 13:55:14,648 - apscheduler.scheduler - DEBUG - Looking for jobs to run
2025-11-04 13:55:14,648 - apscheduler.scheduler - DEBUG - Next wakeup is due at 2025-11-04 16:02:00+03:00 (in 7605.351553 seconds)
2025-11-04 13:55:14,711 - aiogram.dispatcher - INFO - Run polling for bot @CtvtytestBot id=6339314152 - 'test0'
2025-11-04 13:55:21,514 - aiogram.event - INFO - Update id=301315468 is handled. Duration 218 ms by bot id=6339314152
2025-11-04 13:55:22,731 - aiogram.event - INFO - Update id=301315469 is handled. Duration 92 ms by bot id=6339314152
2025-11-04 13:55:25,296 - aiogram.event - INFO - Update id=301315470 is handled. Duration 88 ms by bot id=6339314152
2025-11-04 13:55:26,156 - aiogram.event - INFO - Update id=301315471 is handled. Duration 134 ms by bot id=6339314152
2025-11-04 13:55:27,316 - aiogram.event - INFO - Update id=301315472 is handled. Duration 149 ms by bot id=6339314152
2025-11-04 13:55:28,211 - aiogram.event - INFO - Update id=301315473 is handled. Duration 89 ms by bot id=6339314152
2025-11-04 13:55:29,673 - aiogram.event - INFO - Update id=301315474 is handled. Duration 165 ms by bot id=6339314152
2025-11-04 13:55:30,855 - aiogram.event - INFO - Update id=301315475 is handled. Duration 84 ms by bot id=6339314152
2025-11-04 13:55:31,730 - aiogram.event - INFO - Update id=301315476 is handled. Duration 183 ms by bot id=6339314152
2025-11-04 13:55:32,374 - aiogram.event - INFO - Update id=301315477 is handled. Duration 104 ms by bot id=6339314152
2025-11-04 13:55:33,313 - aiogram.event - INFO - Update id=301315478 is handled. Duration 86 ms by bot id=6339314152
2025-11-04 13:55:34,646 - utils.rcon - INFO - команда в майн: ('Gave 1 [Gold Ingot] to Raven_P79\n', 1589475339)
2025-11-04 13:55:34,844 - aiogram.event - INFO - Update id=301315479 is handled. Duration 363 ms by bot id=6339314152
2025-11-04 14:36:12,477 - root - DEBUG - ✅ Переопределён метод Message.answer с retry-логикой
2025-11-04 14:36:12,477 - root - DEBUG - ✅ Переопределён метод Message.reply с retry-логикой
2025-11-04 14:36:12,477 - root - DEBUG - ✅ Переопределён метод Message.edit_text с retry-логикой
2025-11-04 14:36:12,478 - root - DEBUG - ✅ Переопределён метод Message.edit_caption с retry-логикой
2025-11-04 14:36:12,478 - root - DEBUG - ✅ Переопределён метод Message.edit_reply_markup с retry-логикой
2025-11-04 14:36:12,478 - root - DEBUG - ✅ Переопределён метод Message.delete с retry-логикой
2025-11-04 14:36:12,478 - root - DEBUG - ✅ Переопределён метод Message.forward с retry-логикой
2025-11-04 14:36:12,478 - root - DEBUG - ✅ Переопределён метод Message.copy_to с retry-логикой
2025-11-04 14:36:12,478 - root - DEBUG - ✅ Переопределён метод Message.send_copy с retry-логикой
2025-11-04 14:36:12,480 - asyncio - DEBUG - Using proactor: IocpProactor
2025-11-04 14:36:13,218 - root - INFO - Бот запускается...
2025-11-04 14:36:13,221 - root - INFO - Загружено 1 администраторов
2025-11-04 14:36:13,263 - apscheduler.scheduler - INFO - Adding job tentatively -- it will be properly scheduled when the scheduler starts
2025-11-04 14:36:13,270 - apscheduler.scheduler - INFO - Added job "process_interest" to job store "default"
2025-11-04 14:36:13,271 - apscheduler.scheduler - INFO - Scheduler started
2025-11-04 14:36:13,274 - utils.background_tasks - INFO - ✅ InterestScheduler запущен
2025-11-04 14:36:13,280 - root - INFO - Фоновые задачи запущены
2025-11-04 14:36:13,284 - aiogram.dispatcher - INFO - Start polling
2025-11-04 14:36:13,286 - apscheduler.scheduler - DEBUG - Looking for jobs to run
2025-11-04 14:36:13,287 - apscheduler.scheduler - DEBUG - Next wakeup is due at 2025-11-04 16:02:00+03:00 (in 5146.712399 seconds)
2025-11-04 14:36:13,365 - aiogram.dispatcher - INFO - Run polling for bot @CtvtytestBot id=6339314152 - 'test0'
2025-11-04 14:36:14,378 - aiogram.event - INFO - Update id=301315480 is handled. Duration 287 ms by bot id=6339314152
2025-11-04 14:36:15,970 - aiogram.event - INFO - Update id=301315481 is handled. Duration 120 ms by bot id=6339314152
2025-11-04 14:36:17,966 - aiogram.event - INFO - Update id=301315482 is handled. Duration 128 ms by bot id=6339314152
2025-11-04 14:36:23,932 - aiogram.event - INFO - Update id=301315483 is handled. Duration 185 ms by bot id=6339314152
2025-11-04 14:36:25,293 - aiogram.event - INFO - Update id=301315484 is handled. Duration 104 ms by bot id=6339314152
2025-11-04 14:36:33,638 - aiogram.event - INFO - Update id=301315485 is handled. Duration 161 ms by bot id=6339314152
2025-11-04 14:36:39,827 - aiogram.event - INFO - Update id=301315486 is handled. Duration 94 ms by bot id=6339314152
2025-11-04 14:36:41,038 - aiogram.event - INFO - Update id=301315487 is handled. Duration 104 ms by bot id=6339314152
2025-11-04 14:36:45,005 - aiogram.event - INFO - Update id=301315488 is handled. Duration 114 ms by bot id=6339314152
2025-11-04 14:36:49,425 - aiogram.event - INFO - Update id=301315489 is handled. Duration 194 ms by bot id=6339314152
2025-11-04 14:36:51,227 - aiogram.event - INFO - Update id=301315490 is handled. Duration 95 ms by bot id=6339314152
2025-11-04 14:36:55,143 - aiogram.event - INFO - Update id=301315491 is handled. Duration 568 ms by bot id=6339314152
2025-11-04 14:36:56,260 - aiogram.event - INFO - Update id=301315492 is handled. Duration 105 ms by bot id=6339314152
2025-11-04 14:37:26,732 - aiogram.event - INFO - Update id=301315493 is handled. Duration 118 ms by bot id=6339314152
2025-11-04 14:37:30,141 - aiogram.event - INFO - Update id=301315494 is handled. Duration 163 ms by bot id=6339314152
2025-11-04 14:37:40,320 - root - DEBUG - ✅ Переопределён метод Message.answer с retry-логикой
2025-11-04 14:37:40,320 - root - DEBUG - ✅ Переопределён метод Message.reply с retry-логикой
2025-11-04 14:37:40,320 - root - DEBUG - ✅ Переопределён метод Message.edit_text с retry-логикой
2025-11-04 14:37:40,320 - root - DEBUG - ✅ Переопределён метод Message.edit_caption с retry-логикой
2025-11-04 14:37:40,320 - root - DEBUG - ✅ Переопределён метод Message.edit_reply_markup с retry-логикой
2025-11-04 14:37:40,321 - root - DEBUG - ✅ Переопределён метод Message.delete с retry-логикой
2025-11-04 14:37:40,321 - root - DEBUG - ✅ Переопределён метод Message.forward с retry-логикой
2025-11-04 14:37:40,321 - root - DEBUG - ✅ Переопределён метод Message.copy_to с retry-логикой
2025-11-04 14:37:40,321 - root - DEBUG - ✅ Переопределён метод Message.send_copy с retry-логикой
2025-11-04 14:37:40,322 - asyncio - DEBUG - Using proactor: IocpProactor
2025-11-04 14:37:41,240 - root - INFO - Бот запускается...
2025-11-04 14:37:41,242 - root - INFO - Загружено 1 администраторов
2025-11-04 14:37:41,266 - apscheduler.scheduler - INFO - Adding job tentatively -- it will be properly scheduled when the scheduler starts
2025-11-04 14:37:41,270 - apscheduler.scheduler - INFO - Added job "process_interest" to job store "default"
2025-11-04 14:37:41,271 - apscheduler.scheduler - INFO - Scheduler started
2025-11-04 14:37:41,272 - utils.background_tasks - INFO - ✅ InterestScheduler запущен
2025-11-04 14:37:41,273 - root - INFO - Фоновые задачи запущены
2025-11-04 14:37:41,274 - aiogram.dispatcher - INFO - Start polling
2025-11-04 14:37:41,276 - apscheduler.scheduler - DEBUG - Looking for jobs to run
2025-11-04 14:37:41,276 - apscheduler.scheduler - DEBUG - Next wakeup is due at 2025-11-04 16:02:00+03:00 (in 5058.723545 seconds)
2025-11-04 14:37:41,348 - aiogram.dispatcher - INFO - Run polling for bot @CtvtytestBot id=6339314152 - 'test0'
2025-11-04 14:37:55,659 - aiogram.event - INFO - Update id=301315495 is handled. Duration 324 ms by bot id=6339314152
2025-11-04 14:37:57,247 - aiogram.event - INFO - Update id=301315496 is handled. Duration 169 ms by bot id=6339314152
2025-11-04 14:38:01,046 - aiogram.event - INFO - Update id=301315497 is handled. Duration 121 ms by bot id=6339314152
2025-11-04 14:38:03,244 - aiogram.event - INFO - Update id=301315498 is handled. Duration 167 ms by bot id=6339314152
2025-11-04 14:38:06,510 - aiogram.event - INFO - Update id=301315499 is handled. Duration 161 ms by bot id=6339314152
2025-11-04 14:38:07,524 - aiogram.event - INFO - Update id=301315500 is handled. Duration 114 ms by bot id=6339314152
2025-11-04 14:38:16,347 - aiogram.event - INFO - Update id=301315501 is handled. Duration 212 ms by bot id=6339314152
2025-11-04 14:38:23,689 - aiogram.event - INFO - Update id=301315502 is handled. Duration 162 ms by bot id=6339314152
2025-11-04 14:38:25,165 - aiogram.event - INFO - Update id=301315503 is handled. Duration 109 ms by bot id=6339314152
2025-11-04 14:39:52,710 - aiogram.event - INFO - Update id=301315504 is not handled. Duration 103 ms by bot id=6339314152
2025-11-04 14:39:52,712 - aiogram.event - ERROR - Cause exception while process update id=301315504 by bot id=6339314152
AttributeError: 'Message' object has no attribute 'message'
Traceback (most recent call last):
  File "c:\Users\ThinkPad\Desktop\тг боты\No database\бот домера\venv\Lib\site-packages\aiogram\dispatcher\dispatcher.py", line 309, in _process_update
    response = await self.feed_update(bot, update, **kwargs)
               ^^^^^^^^^^^^^^^^^^^^^^^^^^^^^^^^^^^^^^^^^^^^^
  File "c:\Users\ThinkPad\Desktop\тг боты\No database\бот домера\venv\Lib\site-packages\aiogram\dispatcher\dispatcher.py", line 158, in feed_update
    response = await self.update.wrap_outer_middleware(
               ^^^^^^^^^^^^^^^^^^^^^^^^^^^^^^^^^^^^^^^^
    ...<7 lines>...
    )
    ^
  File "c:\Users\ThinkPad\Desktop\тг боты\No database\бот домера\venv\Lib\site-packages\aiogram\dispatcher\middlewares\error.py", line 25, in __call__
    return await handler(event, data)
           ^^^^^^^^^^^^^^^^^^^^^^^^^^
  File "c:\Users\ThinkPad\Desktop\тг боты\No database\бот домера\venv\Lib\site-packages\aiogram\dispatcher\middlewares\user_context.py", line 56, in __call__
    return await handler(event, data)
           ^^^^^^^^^^^^^^^^^^^^^^^^^^
  File "c:\Users\ThinkPad\Desktop\тг боты\No database\бот домера\venv\Lib\site-packages\aiogram\fsm\middleware.py", line 42, in __call__
    return await handler(event, data)
           ^^^^^^^^^^^^^^^^^^^^^^^^^^
  File "c:\Users\ThinkPad\Desktop\тг боты\No database\бот домера\venv\Lib\site-packages\aiogram\dispatcher\event\telegram.py", line 121, in trigger
    return await wrapped_inner(event, kwargs)
           ^^^^^^^^^^^^^^^^^^^^^^^^^^^^^^^^^^
  File "c:\Users\ThinkPad\Desktop\тг боты\No database\бот домера\venv\Lib\site-packages\aiogram\dispatcher\event\handler.py", line 43, in call
    return await wrapped()
           ^^^^^^^^^^^^^^^
  File "c:\Users\ThinkPad\Desktop\тг боты\No database\бот домера\venv\Lib\site-packages\aiogram\dispatcher\dispatcher.py", line 276, in _listen_update
    return await self.propagate_event(update_type=update_type, event=event, **kwargs)
           ^^^^^^^^^^^^^^^^^^^^^^^^^^^^^^^^^^^^^^^^^^^^^^^^^^^^^^^^^^^^^^^^^^^^^^^^^^
  File "c:\Users\ThinkPad\Desktop\тг боты\No database\бот домера\venv\Lib\site-packages\aiogram\dispatcher\router.py", line 146, in propagate_event
    return await observer.wrap_outer_middleware(_wrapped, event=event, data=kwargs)
           ^^^^^^^^^^^^^^^^^^^^^^^^^^^^^^^^^^^^^^^^^^^^^^^^^^^^^^^^^^^^^^^^^^^^^^^^
  File "c:\Users\ThinkPad\Desktop\тг боты\No database\бот домера\venv\Lib\site-packages\aiogram\dispatcher\router.py", line 141, in _wrapped
    return await self._propagate_event(
           ^^^^^^^^^^^^^^^^^^^^^^^^^^^^
        observer=observer, update_type=update_type, event=telegram_event, **data
        ^^^^^^^^^^^^^^^^^^^^^^^^^^^^^^^^^^^^^^^^^^^^^^^^^^^^^^^^^^^^^^^^^^^^^^^^
    )
    ^
  File "c:\Users\ThinkPad\Desktop\тг боты\No database\бот домера\venv\Lib\site-packages\aiogram\dispatcher\router.py", line 174, in _propagate_event
    response = await router.propagate_event(update_type=update_type, event=event, **kwargs)
               ^^^^^^^^^^^^^^^^^^^^^^^^^^^^^^^^^^^^^^^^^^^^^^^^^^^^^^^^^^^^^^^^^^^^^^^^^^^^
  File "c:\Users\ThinkPad\Desktop\тг боты\No database\бот домера\venv\Lib\site-packages\aiogram\dispatcher\router.py", line 146, in propagate_event
    return await observer.wrap_outer_middleware(_wrapped, event=event, data=kwargs)
           ^^^^^^^^^^^^^^^^^^^^^^^^^^^^^^^^^^^^^^^^^^^^^^^^^^^^^^^^^^^^^^^^^^^^^^^^
  File "c:\Users\ThinkPad\Desktop\тг боты\No database\бот домера\venv\Lib\site-packages\aiogram\dispatcher\router.py", line 141, in _wrapped
    return await self._propagate_event(
           ^^^^^^^^^^^^^^^^^^^^^^^^^^^^
        observer=observer, update_type=update_type, event=telegram_event, **data
        ^^^^^^^^^^^^^^^^^^^^^^^^^^^^^^^^^^^^^^^^^^^^^^^^^^^^^^^^^^^^^^^^^^^^^^^^
    )
    ^
  File "c:\Users\ThinkPad\Desktop\тг боты\No database\бот домера\venv\Lib\site-packages\aiogram\dispatcher\router.py", line 166, in _propagate_event
    response = await observer.trigger(event, **kwargs)
               ^^^^^^^^^^^^^^^^^^^^^^^^^^^^^^^^^^^^^^^
  File "c:\Users\ThinkPad\Desktop\тг боты\No database\бот домера\venv\Lib\site-packages\aiogram\dispatcher\event\telegram.py", line 121, in trigger
    return await wrapped_inner(event, kwargs)
           ^^^^^^^^^^^^^^^^^^^^^^^^^^^^^^^^^^
  File "c:\Users\ThinkPad\Desktop\тг боты\No database\бот домера\venv\Lib\site-packages\aiogram\dispatcher\event\handler.py", line 43, in call
    return await wrapped()
           ^^^^^^^^^^^^^^^
  File "C:\Users\ThinkPad\Desktop\тг боты\No database\бот домера\бот1.1\src\handlers\admin_private.py", line 274, in add_item_finish
    await manage_items(message, state)
  File "C:\Users\ThinkPad\Desktop\тг боты\No database\бот домера\бот1.1\src\handlers\admin_private.py", line 109, in manage_items
    await callback.message.edit_text(
          ^^^^^^^^^^^^^^^^
  File "c:\Users\ThinkPad\Desktop\тг боты\No database\бот домера\venv\Lib\site-packages\pydantic\main.py", line 991, in __getattr__
    raise AttributeError(f'{type(self).__name__!r} object has no attribute {item!r}')
AttributeError: 'Message' object has no attribute 'message'. Did you mean: 'message_id'?
2025-11-04 14:42:22,437 - root - DEBUG - ✅ Переопределён метод Message.answer с retry-логикой
2025-11-04 14:42:22,437 - root - DEBUG - ✅ Переопределён метод Message.reply с retry-логикой
2025-11-04 14:42:22,437 - root - DEBUG - ✅ Переопределён метод Message.edit_text с retry-логикой
2025-11-04 14:42:22,438 - root - DEBUG - ✅ Переопределён метод Message.edit_caption с retry-логикой
2025-11-04 14:42:22,438 - root - DEBUG - ✅ Переопределён метод Message.edit_reply_markup с retry-логикой
2025-11-04 14:42:22,438 - root - DEBUG - ✅ Переопределён метод Message.delete с retry-логикой
2025-11-04 14:42:22,438 - root - DEBUG - ✅ Переопределён метод Message.forward с retry-логикой
2025-11-04 14:42:22,438 - root - DEBUG - ✅ Переопределён метод Message.copy_to с retry-логикой
2025-11-04 14:42:22,438 - root - DEBUG - ✅ Переопределён метод Message.send_copy с retry-логикой
2025-11-04 14:42:22,440 - asyncio - DEBUG - Using proactor: IocpProactor
2025-11-04 14:42:23,243 - root - INFO - Бот запускается...
2025-11-04 14:42:23,245 - root - INFO - Загружено 1 администраторов
2025-11-04 14:42:23,270 - apscheduler.scheduler - INFO - Adding job tentatively -- it will be properly scheduled when the scheduler starts
2025-11-04 14:42:23,275 - apscheduler.scheduler - INFO - Added job "process_interest" to job store "default"
2025-11-04 14:42:23,277 - apscheduler.scheduler - INFO - Scheduler started
2025-11-04 14:42:23,278 - utils.background_tasks - INFO - ✅ InterestScheduler запущен
2025-11-04 14:42:23,280 - root - INFO - Фоновые задачи запущены
2025-11-04 14:42:23,282 - aiogram.dispatcher - INFO - Start polling
2025-11-04 14:42:23,284 - apscheduler.scheduler - DEBUG - Looking for jobs to run
2025-11-04 14:42:23,284 - apscheduler.scheduler - DEBUG - Next wakeup is due at 2025-11-04 16:02:00+03:00 (in 4776.715218 seconds)
2025-11-04 14:42:23,352 - aiogram.dispatcher - INFO - Run polling for bot @CtvtytestBot id=6339314152 - 'test0'
2025-11-04 14:42:42,037 - aiogram.event - INFO - Update id=301315505 is handled. Duration 409 ms by bot id=6339314152
2025-11-04 14:42:44,215 - aiogram.event - INFO - Update id=301315506 is handled. Duration 153 ms by bot id=6339314152
2025-11-04 14:42:46,605 - aiogram.event - INFO - Update id=301315507 is handled. Duration 119 ms by bot id=6339314152
2025-11-04 14:42:48,429 - aiogram.event - INFO - Update id=301315508 is handled. Duration 230 ms by bot id=6339314152
2025-11-04 14:43:03,552 - aiogram.event - INFO - Update id=301315509 is handled. Duration 119 ms by bot id=6339314152
2025-11-04 14:43:04,866 - aiogram.event - INFO - Update id=301315510 is handled. Duration 95 ms by bot id=6339314152
2025-11-04 14:43:13,255 - aiogram.event - INFO - Update id=301315511 is handled. Duration 354 ms by bot id=6339314152
2025-11-09 11:11:32,992 - root - DEBUG - ✅ Переопределён метод Message.answer с retry-логикой
2025-11-09 11:11:32,993 - root - DEBUG - ✅ Переопределён метод Message.reply с retry-логикой
2025-11-09 11:11:32,993 - root - DEBUG - ✅ Переопределён метод Message.edit_text с retry-логикой
2025-11-09 11:11:32,993 - root - DEBUG - ✅ Переопределён метод Message.edit_caption с retry-логикой
2025-11-09 11:11:32,993 - root - DEBUG - ✅ Переопределён метод Message.edit_reply_markup с retry-логикой
2025-11-09 11:11:32,993 - root - DEBUG - ✅ Переопределён метод Message.delete с retry-логикой
2025-11-09 11:11:32,993 - root - DEBUG - ✅ Переопределён метод Message.forward с retry-логикой
2025-11-09 11:11:32,993 - root - DEBUG - ✅ Переопределён метод Message.copy_to с retry-логикой
2025-11-09 11:11:32,993 - root - DEBUG - ✅ Переопределён метод Message.send_copy с retry-логикой
2025-11-09 11:11:32,994 - asyncio - DEBUG - Using proactor: IocpProactor
2025-11-09 11:11:33,771 - root - INFO - Бот запускается...
2025-11-09 11:11:33,772 - root - INFO - Загружено 1 администраторов
2025-11-09 11:11:33,803 - apscheduler.scheduler - INFO - Adding job tentatively -- it will be properly scheduled when the scheduler starts
2025-11-09 11:11:33,807 - apscheduler.scheduler - INFO - Added job "process_interest" to job store "default"
2025-11-09 11:11:33,807 - apscheduler.scheduler - INFO - Scheduler started
2025-11-09 11:11:33,807 - utils.background_tasks - INFO - ✅ InterestScheduler запущен
2025-11-09 11:11:33,807 - root - INFO - Фоновые задачи запущены
2025-11-09 11:11:33,808 - aiogram.dispatcher - INFO - Start polling
2025-11-09 11:11:33,808 - apscheduler.scheduler - DEBUG - Looking for jobs to run
2025-11-09 11:11:33,809 - apscheduler.scheduler - DEBUG - Next wakeup is due at 2025-11-09 16:02:00+03:00 (in 17426.190979 seconds)
2025-11-09 11:11:33,875 - aiogram.dispatcher - INFO - Run polling for bot @CtvtytestBot id=6339314152 - 'test0'
2025-11-09 11:19:59,555 - root - DEBUG - ✅ Переопределён метод Message.answer с retry-логикой
2025-11-09 11:19:59,555 - root - DEBUG - ✅ Переопределён метод Message.reply с retry-логикой
2025-11-09 11:19:59,555 - root - DEBUG - ✅ Переопределён метод Message.edit_text с retry-логикой
2025-11-09 11:19:59,555 - root - DEBUG - ✅ Переопределён метод Message.edit_caption с retry-логикой
2025-11-09 11:19:59,555 - root - DEBUG - ✅ Переопределён метод Message.edit_reply_markup с retry-логикой
2025-11-09 11:19:59,555 - root - DEBUG - ✅ Переопределён метод Message.delete с retry-логикой
2025-11-09 11:19:59,555 - root - DEBUG - ✅ Переопределён метод Message.forward с retry-логикой
2025-11-09 11:19:59,555 - root - DEBUG - ✅ Переопределён метод Message.copy_to с retry-логикой
2025-11-09 11:19:59,556 - root - DEBUG - ✅ Переопределён метод Message.send_copy с retry-логикой
2025-11-09 11:19:59,556 - asyncio - DEBUG - Using proactor: IocpProactor
2025-11-09 11:20:00,297 - root - INFO - Бот запускается...
2025-11-09 11:20:00,298 - root - INFO - Загружено 1 администраторов
2025-11-09 11:20:00,305 - apscheduler.scheduler - INFO - Adding job tentatively -- it will be properly scheduled when the scheduler starts
2025-11-09 11:20:00,306 - apscheduler.scheduler - INFO - Added job "process_interest" to job store "default"
2025-11-09 11:20:00,306 - apscheduler.scheduler - INFO - Scheduler started
2025-11-09 11:20:00,307 - utils.background_tasks - INFO - ✅ InterestScheduler запущен
2025-11-09 11:20:00,307 - root - INFO - Фоновые задачи запущены
2025-11-09 11:20:00,308 - aiogram.dispatcher - INFO - Start polling
2025-11-09 11:20:00,308 - apscheduler.scheduler - DEBUG - Looking for jobs to run
2025-11-09 11:20:00,308 - apscheduler.scheduler - DEBUG - Next wakeup is due at 2025-11-09 16:02:00+03:00 (in 16919.691354 seconds)
2025-11-09 11:20:00,377 - aiogram.dispatcher - INFO - Run polling for bot @CtvtytestBot id=6339314152 - 'test0'
2025-11-09 11:21:57,233 - aiogram.event - INFO - Update id=301315653 is not handled. Duration 2 ms by bot id=6339314152
2025-11-09 11:22:01,762 - aiogram.event - INFO - Update id=301315654 is handled. Duration 244 ms by bot id=6339314152
2025-11-09 11:22:08,027 - aiogram.event - INFO - Update id=301315655 is handled. Duration 108 ms by bot id=6339314152
2025-11-09 11:22:42,199 - aiogram.event - INFO - Update id=301315656 is handled. Duration 104 ms by bot id=6339314152
2025-11-09 11:22:59,182 - aiogram.event - INFO - Update id=301315657 is handled. Duration 100 ms by bot id=6339314152
2025-11-09 11:23:05,316 - aiogram.event - INFO - Update id=301315658 is handled. Duration 88 ms by bot id=6339314152
2025-11-09 11:23:08,202 - aiogram.event - INFO - Update id=301315659 is handled. Duration 96 ms by bot id=6339314152
2025-11-09 11:23:17,760 - aiogram.event - INFO - Update id=301315660 is handled. Duration 91 ms by bot id=6339314152
2025-11-09 11:23:38,268 - aiogram.event - INFO - Update id=301315661 is handled. Duration 94 ms by bot id=6339314152
2025-11-09 11:23:41,120 - aiogram.event - INFO - Update id=301315662 is handled. Duration 116 ms by bot id=6339314152
2025-11-09 11:26:20,322 - root - DEBUG - ✅ Переопределён метод Message.answer с retry-логикой
2025-11-09 11:26:20,322 - root - DEBUG - ✅ Переопределён метод Message.reply с retry-логикой
2025-11-09 11:26:20,322 - root - DEBUG - ✅ Переопределён метод Message.edit_text с retry-логикой
2025-11-09 11:26:20,322 - root - DEBUG - ✅ Переопределён метод Message.edit_caption с retry-логикой
2025-11-09 11:26:20,323 - root - DEBUG - ✅ Переопределён метод Message.edit_reply_markup с retry-логикой
2025-11-09 11:26:20,323 - root - DEBUG - ✅ Переопределён метод Message.delete с retry-логикой
2025-11-09 11:26:20,323 - root - DEBUG - ✅ Переопределён метод Message.forward с retry-логикой
2025-11-09 11:26:20,323 - root - DEBUG - ✅ Переопределён метод Message.copy_to с retry-логикой
2025-11-09 11:26:20,323 - root - DEBUG - ✅ Переопределён метод Message.send_copy с retry-логикой
2025-11-09 11:26:20,324 - asyncio - DEBUG - Using proactor: IocpProactor
2025-11-09 11:26:20,952 - root - INFO - Бот запускается...
2025-11-09 11:26:20,954 - root - INFO - Загружено 1 администраторов
2025-11-09 11:26:20,967 - apscheduler.scheduler - INFO - Adding job tentatively -- it will be properly scheduled when the scheduler starts
2025-11-09 11:26:20,969 - apscheduler.scheduler - INFO - Added job "process_interest" to job store "default"
2025-11-09 11:26:20,970 - apscheduler.scheduler - INFO - Scheduler started
2025-11-09 11:26:20,971 - utils.background_tasks - INFO - ✅ InterestScheduler запущен
2025-11-09 11:26:20,971 - root - INFO - Фоновые задачи запущены
2025-11-09 11:26:20,971 - aiogram.dispatcher - INFO - Start polling
2025-11-09 11:26:20,972 - apscheduler.scheduler - DEBUG - Looking for jobs to run
2025-11-09 11:26:20,972 - apscheduler.scheduler - DEBUG - Next wakeup is due at 2025-11-09 16:02:00+03:00 (in 16539.027178 seconds)
2025-11-09 11:26:21,037 - aiogram.dispatcher - INFO - Run polling for bot @CtvtytestBot id=6339314152 - 'test0'
2025-11-09 11:27:53,504 - aiogram.event - INFO - Update id=301315663 is handled. Duration 420 ms by bot id=6339314152
2025-11-09 11:27:58,599 - aiogram.event - INFO - Update id=301315664 is not handled. Duration 3 ms by bot id=6339314152
2025-11-09 11:28:24,480 - aiogram.event - INFO - Update id=301315665 is handled. Duration 89 ms by bot id=6339314152
2025-11-09 11:28:38,011 - aiogram.event - INFO - Update id=301315666 is handled. Duration 97 ms by bot id=6339314152
2025-11-09 11:28:41,214 - aiogram.event - INFO - Update id=301315667 is handled. Duration 90 ms by bot id=6339314152
2025-11-09 11:28:42,101 - aiogram.event - INFO - Update id=301315668 is handled. Duration 87 ms by bot id=6339314152
2025-11-09 11:28:43,706 - aiogram.event - INFO - Update id=301315669 is handled. Duration 111 ms by bot id=6339314152
2025-11-09 11:28:44,736 - aiogram.event - INFO - Update id=301315670 is handled. Duration 109 ms by bot id=6339314152
2025-11-09 11:28:46,949 - aiogram.event - INFO - Update id=301315671 is handled. Duration 86 ms by bot id=6339314152
2025-11-09 11:29:19,943 - aiogram.event - INFO - Update id=301315672 is handled. Duration 75 ms by bot id=6339314152
2025-11-09 11:29:22,405 - aiogram.event - INFO - Update id=301315673 is handled. Duration 77 ms by bot id=6339314152
2025-11-09 11:29:24,098 - aiogram.event - INFO - Update id=301315674 is handled. Duration 76 ms by bot id=6339314152
2025-11-09 11:29:38,442 - aiogram.event - INFO - Update id=301315675 is handled. Duration 89 ms by bot id=6339314152
2025-11-09 11:29:39,530 - aiogram.event - INFO - Update id=301315676 is handled. Duration 107 ms by bot id=6339314152
2025-11-09 11:29:45,876 - aiogram.event - INFO - Update id=301315677 is handled. Duration 159 ms by bot id=6339314152
2025-11-09 11:30:18,863 - aiogram.event - INFO - Update id=301315678 is handled. Duration 114 ms by bot id=6339314152
2025-11-09 11:30:19,776 - aiogram.event - INFO - Update id=301315679 is handled. Duration 95 ms by bot id=6339314152
2025-11-09 11:30:21,098 - aiogram.event - INFO - Update id=301315680 is handled. Duration 95 ms by bot id=6339314152
2025-11-09 11:30:21,930 - aiogram.event - INFO - Update id=301315681 is handled. Duration 119 ms by bot id=6339314152
2025-11-09 11:30:42,509 - utils.rcon - ERROR - Ошибка при выполнении команды на серве майна
Traceback (most recent call last):
  File "C:\Python\Lib\asyncio\tasks.py", line 507, in wait_for
    return await fut
           ^^^^^^^^^
  File "C:\Python\Lib\asyncio\streams.py", line 48, in open_connection
    transport, _ = await loop.create_connection(
                   ^^^^^^^^^^^^^^^^^^^^^^^^^^^^^
        lambda: protocol, host, port, **kwds)
        ^^^^^^^^^^^^^^^^^^^^^^^^^^^^^^^^^^^^^
  File "C:\Python\Lib\asyncio\base_events.py", line 1137, in create_connection
    sock = await self._connect_sock(
           ^^^^^^^^^^^^^^^^^^^^^^^^^
        exceptions, addrinfo, laddr_infos)
        ^^^^^^^^^^^^^^^^^^^^^^^^^^^^^^^^^^
  File "C:\Python\Lib\asyncio\base_events.py", line 1040, in _connect_sock
    await self.sock_connect(sock, address)
  File "C:\Python\Lib\asyncio\proactor_events.py", line 726, in sock_connect
    return await self._proactor.connect(sock, address)
           ^^^^^^^^^^^^^^^^^^^^^^^^^^^^^^^^^^^^^^^^^^^
asyncio.exceptions.CancelledError

The above exception was the direct cause of the following exception:

Traceback (most recent call last):
  File "c:\Users\ThinkPad\Desktop\тг боты\No database\бот домера\venv\Lib\site-packages\aiomcrcon\client.py", line 45, in connect
    self._reader, self._writer = await asyncio.wait_for(
                                 ^^^^^^^^^^^^^^^^^^^^^^^
        asyncio.open_connection(self.host, self.port), timeout
        ^^^^^^^^^^^^^^^^^^^^^^^^^^^^^^^^^^^^^^^^^^^^^^^^^^^^^^
    )
    ^
  File "C:\Python\Lib\asyncio\tasks.py", line 506, in wait_for
    async with timeouts.timeout(timeout):
               ~~~~~~~~~~~~~~~~^^^^^^^^^
  File "C:\Python\Lib\asyncio\timeouts.py", line 116, in __aexit__
    raise TimeoutError from exc_val
TimeoutError

During handling of the above exception, another exception occurred:

Traceback (most recent call last):
  File "C:\Users\ThinkPad\Desktop\тг боты\No database\бот домера\бот1.1\src\utils\rcon.py", line 25, in _send
    async with aiomcrcon.Client(
               ~~~~~~~~~~~~~~~~^
        host=self.host,
        ^^^^^^^^^^^^^^^
        port=self.port,
        ^^^^^^^^^^^^^^^
        password=self.password
        ^^^^^^^^^^^^^^^^^^^^^^
    ) as client:
    ^
  File "c:\Users\ThinkPad\Desktop\тг боты\No database\бот домера\venv\Lib\site-packages\aiomcrcon\client.py", line 32, in __aenter__
    await self.connect(timeout)
  File "c:\Users\ThinkPad\Desktop\тг боты\No database\бот домера\venv\Lib\site-packages\aiomcrcon\client.py", line 49, in connect
    raise RCONConnectionError(
        "A timeout occurred whilst attempting to connect to the server.", e
    )
aiomcrcon.errors.RCONConnectionError: A timeout occurred whilst attempting to connect to the server.
2025-11-09 11:30:42,698 - aiogram.event - INFO - Update id=301315682 is handled. Duration 2275 ms by bot id=6339314152
2025-11-09 11:30:44,942 - utils.rcon - ERROR - Ошибка при выполнении команды на серве майна
Traceback (most recent call last):
  File "C:\Python\Lib\asyncio\tasks.py", line 507, in wait_for
    return await fut
           ^^^^^^^^^
  File "C:\Python\Lib\asyncio\streams.py", line 48, in open_connection
    transport, _ = await loop.create_connection(
                   ^^^^^^^^^^^^^^^^^^^^^^^^^^^^^
        lambda: protocol, host, port, **kwds)
        ^^^^^^^^^^^^^^^^^^^^^^^^^^^^^^^^^^^^^
  File "C:\Python\Lib\asyncio\base_events.py", line 1137, in create_connection
    sock = await self._connect_sock(
           ^^^^^^^^^^^^^^^^^^^^^^^^^
        exceptions, addrinfo, laddr_infos)
        ^^^^^^^^^^^^^^^^^^^^^^^^^^^^^^^^^^
  File "C:\Python\Lib\asyncio\base_events.py", line 1040, in _connect_sock
    await self.sock_connect(sock, address)
  File "C:\Python\Lib\asyncio\proactor_events.py", line 726, in sock_connect
    return await self._proactor.connect(sock, address)
           ^^^^^^^^^^^^^^^^^^^^^^^^^^^^^^^^^^^^^^^^^^^
asyncio.exceptions.CancelledError

The above exception was the direct cause of the following exception:

Traceback (most recent call last):
  File "c:\Users\ThinkPad\Desktop\тг боты\No database\бот домера\venv\Lib\site-packages\aiomcrcon\client.py", line 45, in connect
    self._reader, self._writer = await asyncio.wait_for(
                                 ^^^^^^^^^^^^^^^^^^^^^^^
        asyncio.open_connection(self.host, self.port), timeout
        ^^^^^^^^^^^^^^^^^^^^^^^^^^^^^^^^^^^^^^^^^^^^^^^^^^^^^^
    )
    ^
  File "C:\Python\Lib\asyncio\tasks.py", line 506, in wait_for
    async with timeouts.timeout(timeout):
               ~~~~~~~~~~~~~~~~^^^^^^^^^
  File "C:\Python\Lib\asyncio\timeouts.py", line 116, in __aexit__
    raise TimeoutError from exc_val
TimeoutError

During handling of the above exception, another exception occurred:

Traceback (most recent call last):
  File "C:\Users\ThinkPad\Desktop\тг боты\No database\бот домера\бот1.1\src\utils\rcon.py", line 25, in _send
    async with aiomcrcon.Client(
               ~~~~~~~~~~~~~~~~^
        host=self.host,
        ^^^^^^^^^^^^^^^
        port=self.port,
        ^^^^^^^^^^^^^^^
        password=self.password
        ^^^^^^^^^^^^^^^^^^^^^^
    ) as client:
    ^
  File "c:\Users\ThinkPad\Desktop\тг боты\No database\бот домера\venv\Lib\site-packages\aiomcrcon\client.py", line 32, in __aenter__
    await self.connect(timeout)
  File "c:\Users\ThinkPad\Desktop\тг боты\No database\бот домера\venv\Lib\site-packages\aiomcrcon\client.py", line 49, in connect
    raise RCONConnectionError(
        "A timeout occurred whilst attempting to connect to the server.", e
    )
aiomcrcon.errors.RCONConnectionError: A timeout occurred whilst attempting to connect to the server.
2025-11-09 11:30:45,047 - aiogram.event - INFO - Update id=301315683 is handled. Duration 2387 ms by bot id=6339314152
2025-11-09 11:32:24,873 - aiogram.event - INFO - Update id=301315684 is handled. Duration 117 ms by bot id=6339314152
2025-11-09 11:32:30,749 - aiogram.event - INFO - Update id=301315685 is handled. Duration 132 ms by bot id=6339314152
2025-11-09 11:32:41,064 - aiogram.event - INFO - Update id=301315686 is handled. Duration 116 ms by bot id=6339314152
2025-11-09 11:32:52,581 - aiogram.event - INFO - Update id=301315687 is handled. Duration 102 ms by bot id=6339314152
2025-11-09 11:32:56,488 - aiogram.event - INFO - Update id=301315688 is handled. Duration 92 ms by bot id=6339314152
2025-11-09 11:33:18,893 - aiogram.event - INFO - Update id=301315689 is handled. Duration 109 ms by bot id=6339314152
2025-11-09 11:33:24,523 - aiogram.event - INFO - Update id=301315690 is handled. Duration 142 ms by bot id=6339314152
2025-11-09 11:37:59,117 - root - DEBUG - ✅ Переопределён метод Message.answer с retry-логикой
2025-11-09 11:37:59,118 - root - DEBUG - ✅ Переопределён метод Message.reply с retry-логикой
2025-11-09 11:37:59,118 - root - DEBUG - ✅ Переопределён метод Message.edit_text с retry-логикой
2025-11-09 11:37:59,118 - root - DEBUG - ✅ Переопределён метод Message.edit_caption с retry-логикой
2025-11-09 11:37:59,118 - root - DEBUG - ✅ Переопределён метод Message.edit_reply_markup с retry-логикой
2025-11-09 11:37:59,118 - root - DEBUG - ✅ Переопределён метод Message.delete с retry-логикой
2025-11-09 11:37:59,118 - root - DEBUG - ✅ Переопределён метод Message.forward с retry-логикой
2025-11-09 11:37:59,118 - root - DEBUG - ✅ Переопределён метод Message.copy_to с retry-логикой
2025-11-09 11:37:59,118 - root - DEBUG - ✅ Переопределён метод Message.send_copy с retry-логикой
2025-11-09 11:37:59,119 - asyncio - DEBUG - Using proactor: IocpProactor
2025-11-09 11:37:59,899 - root - INFO - Бот запускается...
2025-11-09 11:37:59,900 - root - INFO - Загружено 1 администраторов
2025-11-09 11:37:59,907 - apscheduler.scheduler - INFO - Adding job tentatively -- it will be properly scheduled when the scheduler starts
2025-11-09 11:37:59,908 - apscheduler.scheduler - INFO - Added job "process_interest" to job store "default"
2025-11-09 11:37:59,909 - apscheduler.scheduler - INFO - Scheduler started
2025-11-09 11:37:59,909 - utils.background_tasks - INFO - ✅ InterestScheduler запущен
2025-11-09 11:37:59,909 - root - INFO - Фоновые задачи запущены
2025-11-09 11:37:59,910 - aiogram.dispatcher - INFO - Start polling
2025-11-09 11:37:59,910 - apscheduler.scheduler - DEBUG - Looking for jobs to run
2025-11-09 11:37:59,910 - apscheduler.scheduler - DEBUG - Next wakeup is due at 2025-11-09 16:02:00+03:00 (in 15840.089223 seconds)
2025-11-09 11:38:00,024 - aiogram.dispatcher - INFO - Run polling for bot @CtvtytestBot id=6339314152 - 'test0'
2025-11-09 11:40:05,133 - aiogram.event - INFO - Update id=301315691 is handled. Duration 247 ms by bot id=6339314152
2025-11-09 11:43:33,212 - aiogram.event - INFO - Update id=301315692 is handled. Duration 92 ms by bot id=6339314152
2025-11-09 11:43:34,629 - aiogram.event - INFO - Update id=301315693 is handled. Duration 93 ms by bot id=6339314152
2025-11-09 11:43:36,137 - aiogram.event - INFO - Update id=301315694 is handled. Duration 105 ms by bot id=6339314152
2025-11-09 11:43:36,967 - aiogram.event - INFO - Update id=301315695 is handled. Duration 84 ms by bot id=6339314152
2025-11-09 11:43:40,344 - utils.rcon - ERROR - Ошибка при выполнении команды на серве майна
Traceback (most recent call last):
  File "C:\Python\Lib\asyncio\tasks.py", line 507, in wait_for
    return await fut
           ^^^^^^^^^
  File "C:\Python\Lib\asyncio\streams.py", line 48, in open_connection
    transport, _ = await loop.create_connection(
                   ^^^^^^^^^^^^^^^^^^^^^^^^^^^^^
        lambda: protocol, host, port, **kwds)
        ^^^^^^^^^^^^^^^^^^^^^^^^^^^^^^^^^^^^^
  File "C:\Python\Lib\asyncio\base_events.py", line 1137, in create_connection
    sock = await self._connect_sock(
           ^^^^^^^^^^^^^^^^^^^^^^^^^
        exceptions, addrinfo, laddr_infos)
        ^^^^^^^^^^^^^^^^^^^^^^^^^^^^^^^^^^
  File "C:\Python\Lib\asyncio\base_events.py", line 1040, in _connect_sock
    await self.sock_connect(sock, address)
  File "C:\Python\Lib\asyncio\proactor_events.py", line 726, in sock_connect
    return await self._proactor.connect(sock, address)
           ^^^^^^^^^^^^^^^^^^^^^^^^^^^^^^^^^^^^^^^^^^^
asyncio.exceptions.CancelledError

The above exception was the direct cause of the following exception:

Traceback (most recent call last):
  File "c:\Users\ThinkPad\Desktop\тг боты\No database\бот домера\venv\Lib\site-packages\aiomcrcon\client.py", line 45, in connect
    self._reader, self._writer = await asyncio.wait_for(
                                 ^^^^^^^^^^^^^^^^^^^^^^^
        asyncio.open_connection(self.host, self.port), timeout
        ^^^^^^^^^^^^^^^^^^^^^^^^^^^^^^^^^^^^^^^^^^^^^^^^^^^^^^
    )
    ^
  File "C:\Python\Lib\asyncio\tasks.py", line 506, in wait_for
    async with timeouts.timeout(timeout):
               ~~~~~~~~~~~~~~~~^^^^^^^^^
  File "C:\Python\Lib\asyncio\timeouts.py", line 116, in __aexit__
    raise TimeoutError from exc_val
TimeoutError

During handling of the above exception, another exception occurred:

Traceback (most recent call last):
  File "C:\Users\ThinkPad\Desktop\тг боты\No database\бот домера\бот1.1\src\utils\rcon.py", line 25, in _send
    async with aiomcrcon.Client(
               ~~~~~~~~~~~~~~~~^
        host=self.host,
        ^^^^^^^^^^^^^^^
        port=self.port,
        ^^^^^^^^^^^^^^^
        password=self.password
        ^^^^^^^^^^^^^^^^^^^^^^
    ) as client:
    ^
  File "c:\Users\ThinkPad\Desktop\тг боты\No database\бот домера\venv\Lib\site-packages\aiomcrcon\client.py", line 32, in __aenter__
    await self.connect(timeout)
  File "c:\Users\ThinkPad\Desktop\тг боты\No database\бот домера\venv\Lib\site-packages\aiomcrcon\client.py", line 49, in connect
    raise RCONConnectionError(
        "A timeout occurred whilst attempting to connect to the server.", e
    )
aiomcrcon.errors.RCONConnectionError: A timeout occurred whilst attempting to connect to the server.
2025-11-09 11:43:40,499 - aiogram.event - INFO - Update id=301315696 is handled. Duration 2353 ms by bot id=6339314152
2025-11-09 11:44:04,465 - utils.rcon - ERROR - Ошибка при выполнении команды на серве майна
Traceback (most recent call last):
  File "C:\Python\Lib\asyncio\tasks.py", line 507, in wait_for
    return await fut
           ^^^^^^^^^
  File "C:\Python\Lib\asyncio\streams.py", line 48, in open_connection
    transport, _ = await loop.create_connection(
                   ^^^^^^^^^^^^^^^^^^^^^^^^^^^^^
        lambda: protocol, host, port, **kwds)
        ^^^^^^^^^^^^^^^^^^^^^^^^^^^^^^^^^^^^^
  File "C:\Python\Lib\asyncio\base_events.py", line 1137, in create_connection
    sock = await self._connect_sock(
           ^^^^^^^^^^^^^^^^^^^^^^^^^
        exceptions, addrinfo, laddr_infos)
        ^^^^^^^^^^^^^^^^^^^^^^^^^^^^^^^^^^
  File "C:\Python\Lib\asyncio\base_events.py", line 1040, in _connect_sock
    await self.sock_connect(sock, address)
  File "C:\Python\Lib\asyncio\proactor_events.py", line 726, in sock_connect
    return await self._proactor.connect(sock, address)
           ^^^^^^^^^^^^^^^^^^^^^^^^^^^^^^^^^^^^^^^^^^^
asyncio.exceptions.CancelledError

The above exception was the direct cause of the following exception:

Traceback (most recent call last):
  File "c:\Users\ThinkPad\Desktop\тг боты\No database\бот домера\venv\Lib\site-packages\aiomcrcon\client.py", line 45, in connect
    self._reader, self._writer = await asyncio.wait_for(
                                 ^^^^^^^^^^^^^^^^^^^^^^^
        asyncio.open_connection(self.host, self.port), timeout
        ^^^^^^^^^^^^^^^^^^^^^^^^^^^^^^^^^^^^^^^^^^^^^^^^^^^^^^
    )
    ^
  File "C:\Python\Lib\asyncio\tasks.py", line 506, in wait_for
    async with timeouts.timeout(timeout):
               ~~~~~~~~~~~~~~~~^^^^^^^^^
  File "C:\Python\Lib\asyncio\timeouts.py", line 116, in __aexit__
    raise TimeoutError from exc_val
TimeoutError

During handling of the above exception, another exception occurred:

Traceback (most recent call last):
  File "C:\Users\ThinkPad\Desktop\тг боты\No database\бот домера\бот1.1\src\utils\rcon.py", line 25, in _send
    async with aiomcrcon.Client(
               ~~~~~~~~~~~~~~~~^
        host=self.host,
        ^^^^^^^^^^^^^^^
        port=self.port,
        ^^^^^^^^^^^^^^^
        password=self.password
        ^^^^^^^^^^^^^^^^^^^^^^
    ) as client:
    ^
  File "c:\Users\ThinkPad\Desktop\тг боты\No database\бот домера\venv\Lib\site-packages\aiomcrcon\client.py", line 32, in __aenter__
    await self.connect(timeout)
  File "c:\Users\ThinkPad\Desktop\тг боты\No database\бот домера\venv\Lib\site-packages\aiomcrcon\client.py", line 49, in connect
    raise RCONConnectionError(
        "A timeout occurred whilst attempting to connect to the server.", e
    )
aiomcrcon.errors.RCONConnectionError: A timeout occurred whilst attempting to connect to the server.
2025-11-09 11:44:04,607 - aiogram.event - INFO - Update id=301315697 is handled. Duration 2232 ms by bot id=6339314152
2025-11-09 11:49:57,529 - aiogram.event - INFO - Update id=301315698 is handled. Duration 91 ms by bot id=6339314152
2025-11-09 11:50:00,093 - utils.rcon - INFO - команда в майн: ('Gave 1 [Elytra] to Raven_P79\n', 1637493257)
2025-11-09 11:50:00,186 - aiogram.event - INFO - Update id=301315699 is handled. Duration 900 ms by bot id=6339314152
2025-11-09 11:51:52,279 - utils.rcon - INFO - команда в майн: ('Gave 1 [Elytra] to Raven_P79\n', 1603796397)
2025-11-09 11:51:52,396 - aiogram.event - INFO - Update id=301315700 is handled. Duration 576 ms by bot id=6339314152
2025-11-09 11:53:02,838 - root - DEBUG - ✅ Переопределён метод Message.answer с retry-логикой
2025-11-09 11:53:02,838 - root - DEBUG - ✅ Переопределён метод Message.reply с retry-логикой
2025-11-09 11:53:02,838 - root - DEBUG - ✅ Переопределён метод Message.edit_text с retry-логикой
2025-11-09 11:53:02,838 - root - DEBUG - ✅ Переопределён метод Message.edit_caption с retry-логикой
2025-11-09 11:53:02,838 - root - DEBUG - ✅ Переопределён метод Message.edit_reply_markup с retry-логикой
2025-11-09 11:53:02,838 - root - DEBUG - ✅ Переопределён метод Message.delete с retry-логикой
2025-11-09 11:53:02,838 - root - DEBUG - ✅ Переопределён метод Message.forward с retry-логикой
2025-11-09 11:53:02,838 - root - DEBUG - ✅ Переопределён метод Message.copy_to с retry-логикой
2025-11-09 11:53:02,838 - root - DEBUG - ✅ Переопределён метод Message.send_copy с retry-логикой
2025-11-09 11:53:02,839 - asyncio - DEBUG - Using proactor: IocpProactor
2025-11-09 11:53:03,579 - root - INFO - Бот запускается...
2025-11-09 11:53:03,580 - root - INFO - Загружено 1 администраторов
2025-11-09 11:53:03,589 - apscheduler.scheduler - INFO - Adding job tentatively -- it will be properly scheduled when the scheduler starts
2025-11-09 11:53:03,591 - apscheduler.scheduler - INFO - Added job "process_interest" to job store "default"
2025-11-09 11:53:03,592 - apscheduler.scheduler - INFO - Scheduler started
2025-11-09 11:53:03,592 - utils.background_tasks - INFO - ✅ InterestScheduler запущен
2025-11-09 11:53:03,593 - root - INFO - Фоновые задачи запущены
2025-11-09 11:53:03,593 - aiogram.dispatcher - INFO - Start polling
2025-11-09 11:53:03,594 - apscheduler.scheduler - DEBUG - Looking for jobs to run
2025-11-09 11:53:03,594 - apscheduler.scheduler - DEBUG - Next wakeup is due at 2025-11-09 16:02:00+03:00 (in 14936.405334 seconds)
2025-11-09 11:53:03,658 - aiogram.dispatcher - INFO - Run polling for bot @CtvtytestBot id=6339314152 - 'test0'
2025-11-09 11:53:21,336 - aiogram.event - INFO - Update id=301315701 is handled. Duration 344 ms by bot id=6339314152
2025-11-09 11:53:22,427 - aiogram.event - INFO - Update id=301315702 is handled. Duration 98 ms by bot id=6339314152
2025-11-09 11:53:23,532 - aiogram.event - INFO - Update id=301315703 is handled. Duration 105 ms by bot id=6339314152
2025-11-09 11:53:24,896 - aiogram.event - INFO - Update id=301315704 is handled. Duration 104 ms by bot id=6339314152
2025-11-09 11:53:27,473 - aiogram.event - INFO - Update id=301315705 is handled. Duration 146 ms by bot id=6339314152
2025-11-09 11:53:29,070 - aiogram.event - INFO - Update id=301315706 is handled. Duration 108 ms by bot id=6339314152
2025-11-09 11:53:30,447 - aiogram.event - INFO - Update id=301315707 is handled. Duration 85 ms by bot id=6339314152
2025-11-09 11:53:40,456 - aiogram.event - INFO - Update id=301315708 is handled. Duration 161 ms by bot id=6339314152
2025-11-09 11:53:42,204 - aiogram.event - INFO - Update id=301315709 is handled. Duration 141 ms by bot id=6339314152
2025-11-09 11:53:43,171 - aiogram.event - INFO - Update id=301315710 is handled. Duration 83 ms by bot id=6339314152
2025-11-09 11:53:44,668 - aiogram.event - INFO - Update id=301315711 is handled. Duration 92 ms by bot id=6339314152
2025-11-09 11:53:45,527 - aiogram.event - INFO - Update id=301315712 is handled. Duration 88 ms by bot id=6339314152
2025-11-09 11:53:47,713 - utils.rcon - INFO - команда в майн: ('Gave 1 [Elytra] to Raven_P79\n', 1957390002)
2025-11-09 11:53:48,015 - utils.rcon - INFO - команда в майн: ('Gave 1 [Enchanted Golden Apple] to Raven_P79\n', 511294556)
2025-11-09 11:53:48,220 - aiogram.event - INFO - Update id=301315713 is handled. Duration 909 ms by bot id=6339314152
2025-11-29 11:20:09,372 - root - DEBUG - ✅ Переопределён метод Message.answer с retry-логикой
2025-11-29 11:20:09,373 - root - DEBUG - ✅ Переопределён метод Message.reply с retry-логикой
2025-11-29 11:20:09,373 - root - DEBUG - ✅ Переопределён метод Message.edit_text с retry-логикой
2025-11-29 11:20:09,373 - root - DEBUG - ✅ Переопределён метод Message.edit_caption с retry-логикой
2025-11-29 11:20:09,373 - root - DEBUG - ✅ Переопределён метод Message.edit_reply_markup с retry-логикой
2025-11-29 11:20:09,373 - root - DEBUG - ✅ Переопределён метод Message.delete с retry-логикой
2025-11-29 11:20:09,373 - root - DEBUG - ✅ Переопределён метод Message.forward с retry-логикой
2025-11-29 11:20:09,373 - root - DEBUG - ✅ Переопределён метод Message.copy_to с retry-логикой
2025-11-29 11:20:09,373 - root - DEBUG - ✅ Переопределён метод Message.send_copy с retry-логикой
2025-11-29 11:20:09,374 - asyncio - DEBUG - Using proactor: IocpProactor
2025-11-29 11:20:10,277 - root - INFO - Бот запускается...
2025-11-29 11:20:10,293 - root - INFO - Загружено 1 администраторов
2025-11-29 11:20:10,390 - apscheduler.scheduler - INFO - Adding job tentatively -- it will be properly scheduled when the scheduler starts
2025-11-29 11:20:10,401 - apscheduler.scheduler - INFO - Added job "process_interest" to job store "default"
2025-11-29 11:20:10,401 - apscheduler.scheduler - INFO - Scheduler started
2025-11-29 11:20:10,402 - utils.background_tasks - INFO - ✅ InterestScheduler запущен
2025-11-29 11:20:10,403 - root - INFO - Фоновые задачи запущены
2025-11-29 11:20:10,403 - aiogram.dispatcher - INFO - Start polling
2025-11-29 11:20:10,404 - apscheduler.scheduler - DEBUG - Looking for jobs to run
2025-11-29 11:20:10,405 - apscheduler.scheduler - DEBUG - Next wakeup is due at 2025-11-29 16:02:00+03:00 (in 16909.595042 seconds)
2025-11-29 11:20:10,474 - aiogram.dispatcher - INFO - Run polling for bot @CtvtytestBot id=6339314152 - 'test0'
2025-11-29 11:32:05,792 - root - DEBUG - ✅ Переопределён метод Message.answer с retry-логикой
2025-11-29 11:32:05,792 - root - DEBUG - ✅ Переопределён метод Message.reply с retry-логикой
2025-11-29 11:32:05,793 - root - DEBUG - ✅ Переопределён метод Message.edit_text с retry-логикой
2025-11-29 11:32:05,793 - root - DEBUG - ✅ Переопределён метод Message.edit_caption с retry-логикой
2025-11-29 11:32:05,793 - root - DEBUG - ✅ Переопределён метод Message.edit_reply_markup с retry-логикой
2025-11-29 11:32:05,793 - root - DEBUG - ✅ Переопределён метод Message.delete с retry-логикой
2025-11-29 11:32:05,793 - root - DEBUG - ✅ Переопределён метод Message.forward с retry-логикой
2025-11-29 11:32:05,793 - root - DEBUG - ✅ Переопределён метод Message.copy_to с retry-логикой
2025-11-29 11:32:05,794 - root - DEBUG - ✅ Переопределён метод Message.send_copy с retry-логикой
2025-11-29 11:32:05,795 - asyncio - DEBUG - Using proactor: IocpProactor
2025-11-29 11:33:15,013 - root - DEBUG - ✅ Переопределён метод Message.answer с retry-логикой
2025-11-29 11:33:15,014 - root - DEBUG - ✅ Переопределён метод Message.reply с retry-логикой
2025-11-29 11:33:15,014 - root - DEBUG - ✅ Переопределён метод Message.edit_text с retry-логикой
2025-11-29 11:33:15,014 - root - DEBUG - ✅ Переопределён метод Message.edit_caption с retry-логикой
2025-11-29 11:33:15,015 - root - DEBUG - ✅ Переопределён метод Message.edit_reply_markup с retry-логикой
2025-11-29 11:33:15,015 - root - DEBUG - ✅ Переопределён метод Message.delete с retry-логикой
2025-11-29 11:33:15,015 - root - DEBUG - ✅ Переопределён метод Message.forward с retry-логикой
2025-11-29 11:33:15,016 - root - DEBUG - ✅ Переопределён метод Message.copy_to с retry-логикой
2025-11-29 11:33:15,016 - root - DEBUG - ✅ Переопределён метод Message.send_copy с retry-логикой
2025-11-29 11:33:15,018 - asyncio - DEBUG - Using proactor: IocpProactor
2025-11-29 11:33:15,979 - root - INFO - Бот запускается...
2025-11-29 11:33:15,980 - root - INFO - Загружено 1 администраторов
2025-11-29 11:33:16,003 - apscheduler.scheduler - INFO - Adding job tentatively -- it will be properly scheduled when the scheduler starts
2025-11-29 11:33:16,008 - apscheduler.scheduler - INFO - Added job "process_interest" to job store "default"
2025-11-29 11:33:16,009 - apscheduler.scheduler - INFO - Scheduler started
2025-11-29 11:33:16,010 - utils.background_tasks - INFO - ✅ InterestScheduler запущен
2025-11-29 11:33:16,011 - root - INFO - Фоновые задачи запущены
2025-11-29 11:33:16,012 - aiogram.dispatcher - INFO - Start polling
2025-11-29 11:33:16,014 - apscheduler.scheduler - DEBUG - Looking for jobs to run
2025-11-29 11:33:16,014 - apscheduler.scheduler - DEBUG - Next wakeup is due at 2025-11-29 16:02:00+03:00 (in 16123.985106 seconds)
2025-11-29 11:33:16,085 - aiogram.dispatcher - INFO - Run polling for bot @CtvtytestBot id=6339314152 - 'test0'
2025-11-29 11:34:01,392 - aiogram.event - INFO - Update id=301316761 is handled. Duration 298 ms by bot id=6339314152
2025-11-29 11:34:04,719 - aiogram.event - INFO - Update id=301316762 is handled. Duration 100 ms by bot id=6339314152
2025-11-29 11:34:07,487 - aiogram.event - INFO - Update id=301316763 is handled. Duration 474 ms by bot id=6339314152
2025-11-29 11:34:11,807 - aiogram.event - INFO - Update id=301316764 is handled. Duration 154 ms by bot id=6339314152
2025-11-29 11:34:17,482 - aiogram.event - INFO - Update id=301316765 is handled. Duration 160 ms by bot id=6339314152
2025-11-29 11:34:20,419 - aiogram.event - INFO - Update id=301316766 is handled. Duration 843 ms by bot id=6339314152
2025-11-29 11:35:14,180 - aiogram.event - INFO - Update id=301316767 is handled. Duration 209 ms by bot id=6339314152
2025-11-29 11:35:19,264 - aiogram.event - INFO - Update id=301316768 is handled. Duration 206 ms by bot id=6339314152
2025-11-29 11:35:46,575 - aiogram.event - INFO - Update id=301316769 is handled. Duration 117 ms by bot id=6339314152
2025-11-29 11:35:47,807 - aiogram.event - INFO - Update id=301316770 is handled. Duration 112 ms by bot id=6339314152
2025-11-29 11:35:49,469 - aiogram.event - INFO - Update id=301316771 is handled. Duration 107 ms by bot id=6339314152
2025-11-29 11:35:52,301 - aiogram.event - INFO - Update id=301316772 is handled. Duration 442 ms by bot id=6339314152
2025-11-29 11:35:59,002 - aiogram.event - INFO - Update id=301316773 is handled. Duration 116 ms by bot id=6339314152
2025-11-29 11:36:00,690 - aiogram.event - INFO - Update id=301316774 is handled. Duration 116 ms by bot id=6339314152
2025-11-29 11:36:04,472 - aiogram.event - INFO - Update id=301316775 is handled. Duration 125 ms by bot id=6339314152
2025-11-29 11:36:28,110 - aiogram.event - INFO - Update id=301316776 is handled. Duration 113 ms by bot id=6339314152
2025-11-29 11:36:29,312 - utils.rcon - INFO - команда в майн: ('Gave 2 [Golden Apple] to Raven_P79\n', 64050732)
2025-11-29 11:36:29,535 - aiogram.event - INFO - Update id=301316777 is handled. Duration 410 ms by bot id=6339314152
2025-11-29 11:36:45,672 - aiogram.event - INFO - Update id=301316778 is handled. Duration 106 ms by bot id=6339314152
2025-11-29 11:38:43,890 - aiogram.event - INFO - Update id=301316779 is handled. Duration 104 ms by bot id=6339314152
2025-11-29 11:38:45,651 - aiogram.event - INFO - Update id=301316780 is handled. Duration 164 ms by bot id=6339314152
2025-11-29 11:38:47,026 - aiogram.event - INFO - Update id=301316781 is handled. Duration 302 ms by bot id=6339314152
2025-11-29 11:38:48,217 - aiogram.event - INFO - Update id=301316782 is handled. Duration 113 ms by bot id=6339314152
2025-11-29 11:38:50,230 - aiogram.event - INFO - Update id=301316783 is handled. Duration 230 ms by bot id=6339314152
2025-11-29 11:38:51,390 - aiogram.event - INFO - Update id=301316784 is handled. Duration 111 ms by bot id=6339314152
2025-11-29 11:38:52,883 - aiogram.event - INFO - Update id=301316785 is handled. Duration 119 ms by bot id=6339314152
2025-11-29 11:38:55,306 - aiogram.event - INFO - Update id=301316786 is handled. Duration 134 ms by bot id=6339314152
2025-11-29 11:38:56,242 - aiogram.event - INFO - Update id=301316787 is handled. Duration 133 ms by bot id=6339314152
2025-11-29 11:38:57,991 - utils.rcon - INFO - команда в майн: ('Gave 1 [Golden Apple] to Raven_P79\n', 1164180465)
2025-11-29 11:38:58,196 - aiogram.event - INFO - Update id=301316788 is handled. Duration 393 ms by bot id=6339314152
2025-11-29 11:39:02,609 - aiogram.event - INFO - Update id=301316789 is handled. Duration 103 ms by bot id=6339314152
2025-11-29 11:39:03,377 - aiogram.event - INFO - Update id=301316790 is handled. Duration 97 ms by bot id=6339314152
2025-11-29 11:39:04,712 - aiogram.event - INFO - Update id=301316791 is handled. Duration 92 ms by bot id=6339314152
2025-11-29 11:54:40,129 - root - DEBUG - ✅ Переопределён метод Message.answer с retry-логикой
2025-11-29 11:54:40,129 - root - DEBUG - ✅ Переопределён метод Message.reply с retry-логикой
2025-11-29 11:54:40,130 - root - DEBUG - ✅ Переопределён метод Message.edit_text с retry-логикой
2025-11-29 11:54:40,130 - root - DEBUG - ✅ Переопределён метод Message.edit_caption с retry-логикой
2025-11-29 11:54:40,130 - root - DEBUG - ✅ Переопределён метод Message.edit_reply_markup с retry-логикой
2025-11-29 11:54:40,130 - root - DEBUG - ✅ Переопределён метод Message.delete с retry-логикой
2025-11-29 11:54:40,130 - root - DEBUG - ✅ Переопределён метод Message.forward с retry-логикой
2025-11-29 11:54:40,131 - root - DEBUG - ✅ Переопределён метод Message.copy_to с retry-логикой
2025-11-29 11:54:40,131 - root - DEBUG - ✅ Переопределён метод Message.send_copy с retry-логикой
2025-11-29 11:54:40,132 - asyncio - DEBUG - Using proactor: IocpProactor
2025-11-29 11:54:40,964 - root - INFO - Бот запускается...
2025-11-29 11:54:40,967 - root - INFO - Загружено 1 администраторов
2025-11-29 11:54:41,000 - apscheduler.scheduler - INFO - Adding job tentatively -- it will be properly scheduled when the scheduler starts
2025-11-29 11:54:41,006 - apscheduler.scheduler - INFO - Added job "process_interest" to job store "default"
2025-11-29 11:54:41,007 - apscheduler.scheduler - INFO - Scheduler started
2025-11-29 11:54:41,008 - utils.background_tasks - INFO - ✅ InterestScheduler запущен
2025-11-29 11:54:41,010 - root - INFO - Фоновые задачи запущены
2025-11-29 11:54:41,012 - aiogram.dispatcher - INFO - Start polling
2025-11-29 11:54:41,014 - apscheduler.scheduler - DEBUG - Looking for jobs to run
2025-11-29 11:54:41,015 - apscheduler.scheduler - DEBUG - Next wakeup is due at 2025-11-29 16:02:00+03:00 (in 14838.984969 seconds)
2025-11-29 11:54:41,093 - aiogram.dispatcher - INFO - Run polling for bot @CtvtytestBot id=6339314152 - 'test0'
2025-11-29 11:55:23,217 - aiogram.event - INFO - Update id=301316792 is handled. Duration 277 ms by bot id=6339314152
2025-11-29 11:55:46,069 - aiogram.event - INFO - Update id=301316793 is handled. Duration 138 ms by bot id=6339314152
2025-11-29 11:55:48,385 - aiogram.event - INFO - Update id=301316794 is handled. Duration 110 ms by bot id=6339314152
2025-11-29 12:21:32,809 - root - DEBUG - ✅ Переопределён метод Message.answer с retry-логикой
2025-11-29 12:21:32,809 - root - DEBUG - ✅ Переопределён метод Message.reply с retry-логикой
2025-11-29 12:21:32,809 - root - DEBUG - ✅ Переопределён метод Message.edit_text с retry-логикой
2025-11-29 12:21:32,809 - root - DEBUG - ✅ Переопределён метод Message.edit_caption с retry-логикой
2025-11-29 12:21:32,809 - root - DEBUG - ✅ Переопределён метод Message.edit_reply_markup с retry-логикой
2025-11-29 12:21:32,809 - root - DEBUG - ✅ Переопределён метод Message.delete с retry-логикой
2025-11-29 12:21:32,809 - root - DEBUG - ✅ Переопределён метод Message.forward с retry-логикой
2025-11-29 12:21:32,809 - root - DEBUG - ✅ Переопределён метод Message.copy_to с retry-логикой
2025-11-29 12:21:32,810 - root - DEBUG - ✅ Переопределён метод Message.send_copy с retry-логикой
2025-11-29 12:21:32,811 - asyncio - DEBUG - Using proactor: IocpProactor
2025-11-29 12:23:38,854 - root - DEBUG - ✅ Переопределён метод Message.answer с retry-логикой
2025-11-29 12:23:38,854 - root - DEBUG - ✅ Переопределён метод Message.reply с retry-логикой
2025-11-29 12:23:38,854 - root - DEBUG - ✅ Переопределён метод Message.edit_text с retry-логикой
2025-11-29 12:23:38,854 - root - DEBUG - ✅ Переопределён метод Message.edit_caption с retry-логикой
2025-11-29 12:23:38,854 - root - DEBUG - ✅ Переопределён метод Message.edit_reply_markup с retry-логикой
2025-11-29 12:23:38,854 - root - DEBUG - ✅ Переопределён метод Message.delete с retry-логикой
2025-11-29 12:23:38,854 - root - DEBUG - ✅ Переопределён метод Message.forward с retry-логикой
2025-11-29 12:23:38,854 - root - DEBUG - ✅ Переопределён метод Message.copy_to с retry-логикой
2025-11-29 12:23:38,854 - root - DEBUG - ✅ Переопределён метод Message.send_copy с retry-логикой
2025-11-29 12:23:38,855 - asyncio - DEBUG - Using proactor: IocpProactor
2025-11-29 12:24:25,097 - root - DEBUG - ✅ Переопределён метод Message.answer с retry-логикой
2025-11-29 12:24:25,097 - root - DEBUG - ✅ Переопределён метод Message.reply с retry-логикой
2025-11-29 12:24:25,097 - root - DEBUG - ✅ Переопределён метод Message.edit_text с retry-логикой
2025-11-29 12:24:25,098 - root - DEBUG - ✅ Переопределён метод Message.edit_caption с retry-логикой
2025-11-29 12:24:25,098 - root - DEBUG - ✅ Переопределён метод Message.edit_reply_markup с retry-логикой
2025-11-29 12:24:25,098 - root - DEBUG - ✅ Переопределён метод Message.delete с retry-логикой
2025-11-29 12:24:25,098 - root - DEBUG - ✅ Переопределён метод Message.forward с retry-логикой
2025-11-29 12:24:25,098 - root - DEBUG - ✅ Переопределён метод Message.copy_to с retry-логикой
2025-11-29 12:24:25,098 - root - DEBUG - ✅ Переопределён метод Message.send_copy с retry-логикой
2025-11-29 12:24:25,099 - asyncio - DEBUG - Using proactor: IocpProactor
2025-11-29 12:24:29,436 - root - INFO - Бот запускается...
2025-11-29 12:24:29,437 - root - INFO - Загружено 1 администраторов
2025-11-29 12:24:29,450 - apscheduler.scheduler - INFO - Adding job tentatively -- it will be properly scheduled when the scheduler starts
2025-11-29 12:24:29,452 - apscheduler.scheduler - INFO - Added job "process_interest" to job store "default"
2025-11-29 12:24:29,452 - apscheduler.scheduler - INFO - Scheduler started
2025-11-29 12:24:29,453 - utils.background_tasks - INFO - ✅ InterestScheduler запущен
2025-11-29 12:24:29,453 - root - INFO - Фоновые задачи запущены
2025-11-29 12:24:29,454 - aiogram.dispatcher - INFO - Start polling
2025-11-29 12:24:29,455 - apscheduler.scheduler - DEBUG - Looking for jobs to run
2025-11-29 12:24:29,455 - apscheduler.scheduler - DEBUG - Next wakeup is due at 2025-11-29 16:02:00+03:00 (in 13050.544789 seconds)
2025-11-29 12:24:29,806 - aiogram.dispatcher - INFO - Run polling for bot @CtvtytestBot id=6339314152 - 'test0'
2025-11-29 12:24:56,104 - aiogram.event - INFO - Update id=301316797 is handled. Duration 1689 ms by bot id=6339314152
2025-11-29 12:24:59,028 - aiogram.event - INFO - Update id=301316798 is handled. Duration 617 ms by bot id=6339314152
2025-11-29 12:25:01,800 - aiogram.event - INFO - Update id=301316799 is handled. Duration 687 ms by bot id=6339314152
2025-11-29 12:25:03,654 - aiogram.event - INFO - Update id=301316800 is handled. Duration 381 ms by bot id=6339314152
2025-11-29 12:25:06,619 - aiogram.event - INFO - Update id=301316801 is handled. Duration 734 ms by bot id=6339314152
2025-11-29 12:25:10,851 - aiogram.event - INFO - Update id=301316802 is handled. Duration 444 ms by bot id=6339314152
2025-11-29 12:25:17,916 - aiogram.event - INFO - Update id=301316803 is handled. Duration 815 ms by bot id=6339314152
2025-11-29 12:25:20,965 - aiogram.event - INFO - Update id=301316804 is handled. Duration 734 ms by bot id=6339314152
2025-11-29 12:25:48,586 - aiogram.event - INFO - Update id=301316805 is handled. Duration 655 ms by bot id=6339314152
2025-11-29 12:25:50,329 - aiogram.event - INFO - Update id=301316806 is handled. Duration 488 ms by bot id=6339314152
2025-11-29 12:25:52,478 - aiogram.event - INFO - Update id=301316807 is handled. Duration 780 ms by bot id=6339314152
2025-11-29 12:25:54,526 - aiogram.event - INFO - Update id=301316808 is handled. Duration 445 ms by bot id=6339314152
2025-11-29 12:26:09,679 - aiogram.event - INFO - Update id=301316809 is handled. Duration 381 ms by bot id=6339314152
2025-11-29 12:26:12,385 - aiogram.event - INFO - Update id=301316810 is handled. Duration 862 ms by bot id=6339314152
2025-11-29 12:26:14,904 - aiogram.event - INFO - Update id=301316811 is handled. Duration 707 ms by bot id=6339314152
2025-11-29 12:26:16,961 - aiogram.event - INFO - Update id=301316812 is handled. Duration 711 ms by bot id=6339314152
2025-11-29 12:26:19,201 - aiogram.event - INFO - Update id=301316813 is handled. Duration 506 ms by bot id=6339314152
2025-11-29 12:26:27,428 - aiogram.event - INFO - Update id=301316814 is handled. Duration 436 ms by bot id=6339314152
2025-11-29 12:26:29,701 - aiogram.event - INFO - Update id=301316815 is handled. Duration 757 ms by bot id=6339314152
2025-11-29 12:26:33,750 - aiogram.event - INFO - Update id=301316816 is handled. Duration 1131 ms by bot id=6339314152
2025-11-29 12:28:16,127 - root - DEBUG - ✅ Переопределён метод Message.answer с retry-логикой
2025-11-29 12:28:16,128 - root - DEBUG - ✅ Переопределён метод Message.reply с retry-логикой
2025-11-29 12:28:16,128 - root - DEBUG - ✅ Переопределён метод Message.edit_text с retry-логикой
2025-11-29 12:28:16,128 - root - DEBUG - ✅ Переопределён метод Message.edit_caption с retry-логикой
2025-11-29 12:28:16,128 - root - DEBUG - ✅ Переопределён метод Message.edit_reply_markup с retry-логикой
2025-11-29 12:28:16,128 - root - DEBUG - ✅ Переопределён метод Message.delete с retry-логикой
2025-11-29 12:28:16,128 - root - DEBUG - ✅ Переопределён метод Message.forward с retry-логикой
2025-11-29 12:28:16,128 - root - DEBUG - ✅ Переопределён метод Message.copy_to с retry-логикой
2025-11-29 12:28:16,128 - root - DEBUG - ✅ Переопределён метод Message.send_copy с retry-логикой
2025-11-29 12:28:16,129 - asyncio - DEBUG - Using proactor: IocpProactor
2025-11-29 12:28:20,215 - root - INFO - Бот запускается...
2025-11-29 12:28:20,217 - root - INFO - Загружено 1 администраторов
2025-11-29 12:28:20,244 - apscheduler.scheduler - INFO - Adding job tentatively -- it will be properly scheduled when the scheduler starts
2025-11-29 12:28:20,249 - apscheduler.scheduler - INFO - Added job "process_interest" to job store "default"
2025-11-29 12:28:20,251 - apscheduler.scheduler - INFO - Scheduler started
2025-11-29 12:28:20,253 - utils.background_tasks - INFO - ✅ InterestScheduler запущен
2025-11-29 12:28:20,255 - root - INFO - Фоновые задачи запущены
2025-11-29 12:28:20,256 - aiogram.dispatcher - INFO - Start polling
2025-11-29 12:28:20,258 - apscheduler.scheduler - DEBUG - Looking for jobs to run
2025-11-29 12:28:20,259 - apscheduler.scheduler - DEBUG - Next wakeup is due at 2025-11-29 16:02:00+03:00 (in 12819.740954 seconds)
2025-11-29 12:28:20,603 - aiogram.dispatcher - INFO - Run polling for bot @CtvtytestBot id=6339314152 - 'test0'
2025-11-29 12:28:27,475 - aiogram.event - INFO - Update id=301316817 is handled. Duration 1886 ms by bot id=6339314152
2025-11-29 12:28:29,720 - aiogram.event - INFO - Update id=301316818 is handled. Duration 719 ms by bot id=6339314152
2025-11-29 12:28:31,712 - aiogram.event - INFO - Update id=301316819 is handled. Duration 714 ms by bot id=6339314152
2025-11-29 12:28:33,469 - aiogram.event - INFO - Update id=301316820 is handled. Duration 422 ms by bot id=6339314152
2025-11-29 12:36:32,410 - root - DEBUG - ✅ Переопределён метод Message.answer с retry-логикой
2025-11-29 12:36:32,410 - root - DEBUG - ✅ Переопределён метод Message.reply с retry-логикой
2025-11-29 12:36:32,410 - root - DEBUG - ✅ Переопределён метод Message.edit_text с retry-логикой
2025-11-29 12:36:32,410 - root - DEBUG - ✅ Переопределён метод Message.edit_caption с retry-логикой
2025-11-29 12:36:32,410 - root - DEBUG - ✅ Переопределён метод Message.edit_reply_markup с retry-логикой
2025-11-29 12:36:32,411 - root - DEBUG - ✅ Переопределён метод Message.delete с retry-логикой
2025-11-29 12:36:32,411 - root - DEBUG - ✅ Переопределён метод Message.forward с retry-логикой
2025-11-29 12:36:32,411 - root - DEBUG - ✅ Переопределён метод Message.copy_to с retry-логикой
2025-11-29 12:36:32,411 - root - DEBUG - ✅ Переопределён метод Message.send_copy с retry-логикой
2025-11-29 12:36:32,413 - asyncio - DEBUG - Using proactor: IocpProactor
2025-11-29 12:36:36,113 - root - INFO - Бот запускается...
2025-11-29 12:36:36,114 - root - INFO - Загружено 1 администраторов
2025-11-29 12:36:36,127 - apscheduler.scheduler - INFO - Adding job tentatively -- it will be properly scheduled when the scheduler starts
2025-11-29 12:36:36,130 - apscheduler.scheduler - INFO - Added job "process_interest" to job store "default"
2025-11-29 12:36:36,131 - apscheduler.scheduler - INFO - Scheduler started
2025-11-29 12:36:36,131 - utils.background_tasks - INFO - ✅ InterestScheduler запущен
2025-11-29 12:36:36,132 - root - INFO - Фоновые задачи запущены
2025-11-29 12:36:36,132 - aiogram.dispatcher - INFO - Start polling
2025-11-29 12:36:36,133 - apscheduler.scheduler - DEBUG - Looking for jobs to run
2025-11-29 12:36:36,134 - apscheduler.scheduler - DEBUG - Next wakeup is due at 2025-11-29 16:02:00+03:00 (in 12323.866031 seconds)
2025-11-29 12:36:36,587 - aiogram.dispatcher - INFO - Run polling for bot @CtvtytestBot id=6339314152 - 'test0'
2025-11-29 12:37:27,890 - aiogram.event - INFO - Update id=301316821 is handled. Duration 1869 ms by bot id=6339314152
2025-11-29 12:37:29,849 - aiogram.event - INFO - Update id=301316822 is handled. Duration 606 ms by bot id=6339314152
2025-11-29 12:37:31,996 - aiogram.event - INFO - Update id=301316823 is handled. Duration 733 ms by bot id=6339314152
2025-11-29 12:37:33,685 - aiogram.event - INFO - Update id=301316824 is handled. Duration 498 ms by bot id=6339314152
2025-11-29 12:39:07,759 - root - DEBUG - ✅ Переопределён метод Message.answer с retry-логикой
2025-11-29 12:39:07,759 - root - DEBUG - ✅ Переопределён метод Message.reply с retry-логикой
2025-11-29 12:39:07,759 - root - DEBUG - ✅ Переопределён метод Message.edit_text с retry-логикой
2025-11-29 12:39:07,759 - root - DEBUG - ✅ Переопределён метод Message.edit_caption с retry-логикой
2025-11-29 12:39:07,759 - root - DEBUG - ✅ Переопределён метод Message.edit_reply_markup с retry-логикой
2025-11-29 12:39:07,759 - root - DEBUG - ✅ Переопределён метод Message.delete с retry-логикой
2025-11-29 12:39:07,759 - root - DEBUG - ✅ Переопределён метод Message.forward с retry-логикой
2025-11-29 12:39:07,759 - root - DEBUG - ✅ Переопределён метод Message.copy_to с retry-логикой
2025-11-29 12:39:07,759 - root - DEBUG - ✅ Переопределён метод Message.send_copy с retry-логикой
2025-11-29 12:39:07,760 - asyncio - DEBUG - Using proactor: IocpProactor
2025-11-29 12:39:12,061 - root - INFO - Бот запускается...
2025-11-29 12:39:12,063 - root - INFO - Загружено 1 администраторов
2025-11-29 12:39:12,082 - apscheduler.scheduler - INFO - Adding job tentatively -- it will be properly scheduled when the scheduler starts
2025-11-29 12:39:12,086 - apscheduler.scheduler - INFO - Added job "process_interest" to job store "default"
2025-11-29 12:39:12,086 - apscheduler.scheduler - INFO - Scheduler started
2025-11-29 12:39:12,088 - utils.background_tasks - INFO - ✅ InterestScheduler запущен
2025-11-29 12:39:12,089 - root - INFO - Фоновые задачи запущены
2025-11-29 12:39:12,090 - aiogram.dispatcher - INFO - Start polling
2025-11-29 12:39:12,091 - apscheduler.scheduler - DEBUG - Looking for jobs to run
2025-11-29 12:39:12,091 - apscheduler.scheduler - DEBUG - Next wakeup is due at 2025-11-29 16:02:00+03:00 (in 12167.908453 seconds)
2025-11-29 12:39:12,453 - aiogram.dispatcher - INFO - Run polling for bot @CtvtytestBot id=6339314152 - 'test0'
2025-11-29 12:39:18,837 - aiogram.event - INFO - Update id=301316825 is handled. Duration 1852 ms by bot id=6339314152
2025-11-29 12:39:20,744 - aiogram.event - INFO - Update id=301316826 is handled. Duration 732 ms by bot id=6339314152
2025-11-29 12:39:23,287 - aiogram.event - INFO - Update id=301316827 is handled. Duration 713 ms by bot id=6339314152
2025-11-29 12:41:54,144 - root - DEBUG - ✅ Переопределён метод Message.answer с retry-логикой
2025-11-29 12:41:54,144 - root - DEBUG - ✅ Переопределён метод Message.reply с retry-логикой
2025-11-29 12:41:54,144 - root - DEBUG - ✅ Переопределён метод Message.edit_text с retry-логикой
2025-11-29 12:41:54,144 - root - DEBUG - ✅ Переопределён метод Message.edit_caption с retry-логикой
2025-11-29 12:41:54,145 - root - DEBUG - ✅ Переопределён метод Message.edit_reply_markup с retry-логикой
2025-11-29 12:41:54,145 - root - DEBUG - ✅ Переопределён метод Message.delete с retry-логикой
2025-11-29 12:41:54,145 - root - DEBUG - ✅ Переопределён метод Message.forward с retry-логикой
2025-11-29 12:41:54,145 - root - DEBUG - ✅ Переопределён метод Message.copy_to с retry-логикой
2025-11-29 12:41:54,145 - root - DEBUG - ✅ Переопределён метод Message.send_copy с retry-логикой
2025-11-29 12:41:54,147 - asyncio - DEBUG - Using proactor: IocpProactor
2025-11-29 12:42:12,783 - root - INFO - Бот запускается...
2025-11-29 12:42:12,784 - root - INFO - Загружено 1 администраторов
2025-11-29 12:42:12,798 - apscheduler.scheduler - INFO - Adding job tentatively -- it will be properly scheduled when the scheduler starts
2025-11-29 12:42:12,801 - apscheduler.scheduler - INFO - Added job "process_interest" to job store "default"
2025-11-29 12:42:12,802 - apscheduler.scheduler - INFO - Scheduler started
2025-11-29 12:42:12,803 - utils.background_tasks - INFO - ✅ InterestScheduler запущен
2025-11-29 12:42:12,804 - root - INFO - Фоновые задачи запущены
2025-11-29 12:42:12,805 - aiogram.dispatcher - INFO - Start polling
2025-11-29 12:42:12,806 - apscheduler.scheduler - DEBUG - Looking for jobs to run
2025-11-29 12:42:12,807 - apscheduler.scheduler - DEBUG - Next wakeup is due at 2025-11-29 16:02:00+03:00 (in 11987.192755 seconds)
2025-11-29 12:42:13,333 - aiogram.dispatcher - INFO - Run polling for bot @CtvtytestBot id=6339314152 - 'test0'
2025-11-29 12:42:15,742 - aiogram.event - INFO - Update id=301316828 is handled. Duration 1771 ms by bot id=6339314152
2025-11-29 12:42:16,623 - aiogram.event - INFO - Update id=301316829 is handled. Duration 461 ms by bot id=6339314152
2025-11-29 12:42:17,945 - aiogram.event - INFO - Update id=301316830 is handled. Duration 673 ms by bot id=6339314152
2025-11-29 12:42:20,283 - aiogram.event - INFO - Update id=301316831 is handled. Duration 658 ms by bot id=6339314152
2025-11-29 12:42:23,307 - aiogram.event - INFO - Update id=301316832 is handled. Duration 728 ms by bot id=6339314152
2025-11-29 12:46:34,566 - root - DEBUG - ✅ Переопределён метод Message.answer с retry-логикой
2025-11-29 12:46:34,567 - root - DEBUG - ✅ Переопределён метод Message.reply с retry-логикой
2025-11-29 12:46:34,567 - root - DEBUG - ✅ Переопределён метод Message.edit_text с retry-логикой
2025-11-29 12:46:34,567 - root - DEBUG - ✅ Переопределён метод Message.edit_caption с retry-логикой
2025-11-29 12:46:34,567 - root - DEBUG - ✅ Переопределён метод Message.edit_reply_markup с retry-логикой
2025-11-29 12:46:34,567 - root - DEBUG - ✅ Переопределён метод Message.delete с retry-логикой
2025-11-29 12:46:34,567 - root - DEBUG - ✅ Переопределён метод Message.forward с retry-логикой
2025-11-29 12:46:34,567 - root - DEBUG - ✅ Переопределён метод Message.copy_to с retry-логикой
2025-11-29 12:46:34,568 - root - DEBUG - ✅ Переопределён метод Message.send_copy с retry-логикой
2025-11-29 12:46:34,569 - asyncio - DEBUG - Using proactor: IocpProactor
2025-11-29 12:46:39,052 - root - INFO - Бот запускается...
2025-11-29 12:46:39,053 - root - INFO - Загружено 1 администраторов
2025-11-29 12:46:39,065 - apscheduler.scheduler - INFO - Adding job tentatively -- it will be properly scheduled when the scheduler starts
2025-11-29 12:46:39,069 - apscheduler.scheduler - INFO - Added job "process_interest" to job store "default"
2025-11-29 12:46:39,069 - apscheduler.scheduler - INFO - Scheduler started
2025-11-29 12:46:39,070 - utils.background_tasks - INFO - ✅ InterestScheduler запущен
2025-11-29 12:46:39,071 - root - INFO - Фоновые задачи запущены
2025-11-29 12:46:39,071 - aiogram.dispatcher - INFO - Start polling
2025-11-29 12:46:39,072 - apscheduler.scheduler - DEBUG - Looking for jobs to run
2025-11-29 12:46:39,072 - apscheduler.scheduler - DEBUG - Next wakeup is due at 2025-11-29 16:02:00+03:00 (in 11720.927095 seconds)
2025-11-29 12:46:39,428 - aiogram.dispatcher - INFO - Run polling for bot @CtvtytestBot id=6339314152 - 'test0'
2025-11-29 12:46:45,254 - aiogram.event - INFO - Update id=301316833 is handled. Duration 1539 ms by bot id=6339314152
2025-11-29 12:46:46,928 - aiogram.event - INFO - Update id=301316834 is handled. Duration 608 ms by bot id=6339314152
2025-11-29 12:46:48,753 - aiogram.event - INFO - Update id=301316835 is not handled. Duration 6 ms by bot id=6339314152
2025-11-29 12:46:52,243 - aiogram.event - INFO - Update id=301316836 is not handled. Duration 17 ms by bot id=6339314152
2025-11-29 12:47:28,803 - root - DEBUG - ✅ Переопределён метод Message.answer с retry-логикой
2025-11-29 12:47:28,804 - root - DEBUG - ✅ Переопределён метод Message.reply с retry-логикой
2025-11-29 12:47:28,804 - root - DEBUG - ✅ Переопределён метод Message.edit_text с retry-логикой
2025-11-29 12:47:28,804 - root - DEBUG - ✅ Переопределён метод Message.edit_caption с retry-логикой
2025-11-29 12:47:28,804 - root - DEBUG - ✅ Переопределён метод Message.edit_reply_markup с retry-логикой
2025-11-29 12:47:28,805 - root - DEBUG - ✅ Переопределён метод Message.delete с retry-логикой
2025-11-29 12:47:28,805 - root - DEBUG - ✅ Переопределён метод Message.forward с retry-логикой
2025-11-29 12:47:28,805 - root - DEBUG - ✅ Переопределён метод Message.copy_to с retry-логикой
2025-11-29 12:47:28,805 - root - DEBUG - ✅ Переопределён метод Message.send_copy с retry-логикой
2025-11-29 12:47:28,807 - asyncio - DEBUG - Using proactor: IocpProactor
2025-11-29 12:47:32,954 - root - INFO - Бот запускается...
2025-11-29 12:47:32,956 - root - INFO - Загружено 1 администраторов
2025-11-29 12:47:32,981 - apscheduler.scheduler - INFO - Adding job tentatively -- it will be properly scheduled when the scheduler starts
2025-11-29 12:47:32,984 - apscheduler.scheduler - INFO - Added job "process_interest" to job store "default"
2025-11-29 12:47:32,985 - apscheduler.scheduler - INFO - Scheduler started
2025-11-29 12:47:32,987 - utils.background_tasks - INFO - ✅ InterestScheduler запущен
2025-11-29 12:47:32,988 - root - INFO - Фоновые задачи запущены
2025-11-29 12:47:32,990 - aiogram.dispatcher - INFO - Start polling
2025-11-29 12:47:32,991 - apscheduler.scheduler - DEBUG - Looking for jobs to run
2025-11-29 12:47:32,992 - apscheduler.scheduler - DEBUG - Next wakeup is due at 2025-11-29 16:02:00+03:00 (in 11667.008064 seconds)
2025-11-29 12:47:33,385 - aiogram.dispatcher - INFO - Run polling for bot @CtvtytestBot id=6339314152 - 'test0'
2025-11-29 12:47:38,355 - aiogram.event - INFO - Update id=301316837 is handled. Duration 1877 ms by bot id=6339314152
2025-11-29 12:47:40,545 - aiogram.event - INFO - Update id=301316838 is handled. Duration 714 ms by bot id=6339314152
2025-11-29 12:47:42,453 - aiogram.event - INFO - Update id=301316839 is handled. Duration 651 ms by bot id=6339314152
2025-11-29 12:47:45,699 - aiogram.event - INFO - Update id=301316840 is handled. Duration 435 ms by bot id=6339314152
2025-11-29 12:47:47,630 - aiogram.event - INFO - Update id=301316841 is handled. Duration 629 ms by bot id=6339314152
2025-11-29 12:47:49,355 - aiogram.event - INFO - Update id=301316842 is handled. Duration 540 ms by bot id=6339314152
2025-11-29 12:47:51,874 - aiogram.event - INFO - Update id=301316843 is handled. Duration 694 ms by bot id=6339314152
2025-11-29 12:48:04,521 - aiogram.event - INFO - Update id=301316844 is not handled. Duration 11 ms by bot id=6339314152
2025-11-29 12:48:08,222 - aiogram.event - INFO - Update id=301316845 is not handled. Duration 5 ms by bot id=6339314152
2025-11-29 12:48:51,604 - aiogram.event - INFO - Update id=301316846 is not handled. Duration 11 ms by bot id=6339314152
2025-11-29 12:48:57,456 - aiogram.event - INFO - Update id=301316847 is handled. Duration 566 ms by bot id=6339314152
2025-11-29 12:48:59,764 - aiogram.event - INFO - Update id=301316848 is handled. Duration 674 ms by bot id=6339314152
2025-11-29 12:49:02,169 - aiogram.event - INFO - Update id=301316849 is handled. Duration 825 ms by bot id=6339314152
2025-11-29 12:49:04,202 - aiogram.event - INFO - Update id=301316850 is handled. Duration 401 ms by bot id=6339314152
2025-11-29 12:49:06,257 - aiogram.event - INFO - Update id=301316851 is handled. Duration 695 ms by bot id=6339314152
2025-11-29 13:56:42,542 - root - DEBUG - ✅ Переопределён метод Message.answer с retry-логикой
2025-11-29 13:56:42,542 - root - DEBUG - ✅ Переопределён метод Message.reply с retry-логикой
2025-11-29 13:56:42,543 - root - DEBUG - ✅ Переопределён метод Message.edit_text с retry-логикой
2025-11-29 13:56:42,543 - root - DEBUG - ✅ Переопределён метод Message.edit_caption с retry-логикой
2025-11-29 13:56:42,543 - root - DEBUG - ✅ Переопределён метод Message.edit_reply_markup с retry-логикой
2025-11-29 13:56:42,543 - root - DEBUG - ✅ Переопределён метод Message.delete с retry-логикой
2025-11-29 13:56:42,543 - root - DEBUG - ✅ Переопределён метод Message.forward с retry-логикой
2025-11-29 13:56:42,543 - root - DEBUG - ✅ Переопределён метод Message.copy_to с retry-логикой
2025-11-29 13:56:42,543 - root - DEBUG - ✅ Переопределён метод Message.send_copy с retry-логикой
2025-11-29 13:56:42,544 - asyncio - DEBUG - Using proactor: IocpProactor
2025-11-29 13:59:13,227 - root - DEBUG - ✅ Переопределён метод Message.answer с retry-логикой
2025-11-29 13:59:13,228 - root - DEBUG - ✅ Переопределён метод Message.reply с retry-логикой
2025-11-29 13:59:13,228 - root - DEBUG - ✅ Переопределён метод Message.edit_text с retry-логикой
2025-11-29 13:59:13,228 - root - DEBUG - ✅ Переопределён метод Message.edit_caption с retry-логикой
2025-11-29 13:59:13,228 - root - DEBUG - ✅ Переопределён метод Message.edit_reply_markup с retry-логикой
2025-11-29 13:59:13,228 - root - DEBUG - ✅ Переопределён метод Message.delete с retry-логикой
2025-11-29 13:59:13,228 - root - DEBUG - ✅ Переопределён метод Message.forward с retry-логикой
2025-11-29 13:59:13,228 - root - DEBUG - ✅ Переопределён метод Message.copy_to с retry-логикой
2025-11-29 13:59:13,228 - root - DEBUG - ✅ Переопределён метод Message.send_copy с retry-логикой
2025-11-29 13:59:13,229 - asyncio - DEBUG - Using proactor: IocpProactor
2025-11-29 13:59:17,009 - root - INFO - Бот запускается...
2025-11-29 13:59:17,011 - root - INFO - Загружено 1 администраторов
2025-11-29 13:59:17,025 - apscheduler.scheduler - INFO - Adding job tentatively -- it will be properly scheduled when the scheduler starts
2025-11-29 13:59:17,027 - apscheduler.scheduler - INFO - Added job "process_interest" to job store "default"
2025-11-29 13:59:17,028 - apscheduler.scheduler - INFO - Scheduler started
2025-11-29 13:59:17,028 - utils.background_tasks - INFO - ✅ InterestScheduler запущен
2025-11-29 13:59:17,029 - root - INFO - Фоновые задачи запущены
2025-11-29 13:59:17,030 - aiogram.dispatcher - INFO - Start polling
2025-11-29 13:59:17,030 - apscheduler.scheduler - DEBUG - Looking for jobs to run
2025-11-29 13:59:17,031 - apscheduler.scheduler - DEBUG - Next wakeup is due at 2025-11-29 16:02:00+03:00 (in 7362.968902 seconds)
2025-11-29 13:59:17,367 - aiogram.dispatcher - INFO - Run polling for bot @CtvtytestBot id=6339314152 - 'test0'
2025-11-29 13:59:42,642 - aiogram.event - INFO - Update id=301316852 is handled. Duration 1663 ms by bot id=6339314152
2025-11-29 13:59:44,720 - aiogram.event - INFO - Update id=301316853 is handled. Duration 624 ms by bot id=6339314152
2025-11-29 13:59:46,800 - aiogram.event - INFO - Update id=301316854 is handled. Duration 389 ms by bot id=6339314152
2025-11-29 13:59:50,941 - aiogram.event - INFO - Update id=301316855 is not handled. Duration 15 ms by bot id=6339314152
2025-11-29 13:59:50,943 - aiogram.event - ERROR - Cause exception while process update id=301316855 by bot id=6339314152
AttributeError: 'MinecraftShopCallback' object has no attribute 'custom_type'
Traceback (most recent call last):
  File "c:\Users\ThinkPad\Desktop\тг боты\No database\бот домера\venv\Lib\site-packages\aiogram\dispatcher\dispatcher.py", line 309, in _process_update
    response = await self.feed_update(bot, update, **kwargs)
               ^^^^^^^^^^^^^^^^^^^^^^^^^^^^^^^^^^^^^^^^^^^^^
  File "c:\Users\ThinkPad\Desktop\тг боты\No database\бот домера\venv\Lib\site-packages\aiogram\dispatcher\dispatcher.py", line 158, in feed_update
    response = await self.update.wrap_outer_middleware(
               ^^^^^^^^^^^^^^^^^^^^^^^^^^^^^^^^^^^^^^^^
    ...<7 lines>...
    )
    ^
  File "c:\Users\ThinkPad\Desktop\тг боты\No database\бот домера\venv\Lib\site-packages\aiogram\dispatcher\middlewares\error.py", line 25, in __call__
    return await handler(event, data)
           ^^^^^^^^^^^^^^^^^^^^^^^^^^
  File "c:\Users\ThinkPad\Desktop\тг боты\No database\бот домера\venv\Lib\site-packages\aiogram\dispatcher\middlewares\user_context.py", line 56, in __call__
    return await handler(event, data)
           ^^^^^^^^^^^^^^^^^^^^^^^^^^
  File "c:\Users\ThinkPad\Desktop\тг боты\No database\бот домера\venv\Lib\site-packages\aiogram\fsm\middleware.py", line 42, in __call__
    return await handler(event, data)
           ^^^^^^^^^^^^^^^^^^^^^^^^^^
  File "c:\Users\ThinkPad\Desktop\тг боты\No database\бот домера\venv\Lib\site-packages\aiogram\dispatcher\event\telegram.py", line 121, in trigger
    return await wrapped_inner(event, kwargs)
           ^^^^^^^^^^^^^^^^^^^^^^^^^^^^^^^^^^
  File "c:\Users\ThinkPad\Desktop\тг боты\No database\бот домера\venv\Lib\site-packages\aiogram\dispatcher\event\handler.py", line 43, in call
    return await wrapped()
           ^^^^^^^^^^^^^^^
  File "c:\Users\ThinkPad\Desktop\тг боты\No database\бот домера\venv\Lib\site-packages\aiogram\dispatcher\dispatcher.py", line 276, in _listen_update
    return await self.propagate_event(update_type=update_type, event=event, **kwargs)
           ^^^^^^^^^^^^^^^^^^^^^^^^^^^^^^^^^^^^^^^^^^^^^^^^^^^^^^^^^^^^^^^^^^^^^^^^^^
  File "c:\Users\ThinkPad\Desktop\тг боты\No database\бот домера\venv\Lib\site-packages\aiogram\dispatcher\router.py", line 146, in propagate_event
    return await observer.wrap_outer_middleware(_wrapped, event=event, data=kwargs)
           ^^^^^^^^^^^^^^^^^^^^^^^^^^^^^^^^^^^^^^^^^^^^^^^^^^^^^^^^^^^^^^^^^^^^^^^^
  File "c:\Users\ThinkPad\Desktop\тг боты\No database\бот домера\venv\Lib\site-packages\aiogram\dispatcher\router.py", line 141, in _wrapped
    return await self._propagate_event(
           ^^^^^^^^^^^^^^^^^^^^^^^^^^^^
        observer=observer, update_type=update_type, event=telegram_event, **data
        ^^^^^^^^^^^^^^^^^^^^^^^^^^^^^^^^^^^^^^^^^^^^^^^^^^^^^^^^^^^^^^^^^^^^^^^^
    )
    ^
  File "c:\Users\ThinkPad\Desktop\тг боты\No database\бот домера\venv\Lib\site-packages\aiogram\dispatcher\router.py", line 174, in _propagate_event
    response = await router.propagate_event(update_type=update_type, event=event, **kwargs)
               ^^^^^^^^^^^^^^^^^^^^^^^^^^^^^^^^^^^^^^^^^^^^^^^^^^^^^^^^^^^^^^^^^^^^^^^^^^^^
  File "c:\Users\ThinkPad\Desktop\тг боты\No database\бот домера\venv\Lib\site-packages\aiogram\dispatcher\router.py", line 146, in propagate_event
    return await observer.wrap_outer_middleware(_wrapped, event=event, data=kwargs)
           ^^^^^^^^^^^^^^^^^^^^^^^^^^^^^^^^^^^^^^^^^^^^^^^^^^^^^^^^^^^^^^^^^^^^^^^^
  File "c:\Users\ThinkPad\Desktop\тг боты\No database\бот домера\venv\Lib\site-packages\aiogram\dispatcher\router.py", line 141, in _wrapped
    return await self._propagate_event(
           ^^^^^^^^^^^^^^^^^^^^^^^^^^^^
        observer=observer, update_type=update_type, event=telegram_event, **data
        ^^^^^^^^^^^^^^^^^^^^^^^^^^^^^^^^^^^^^^^^^^^^^^^^^^^^^^^^^^^^^^^^^^^^^^^^
    )
    ^
  File "c:\Users\ThinkPad\Desktop\тг боты\No database\бот домера\venv\Lib\site-packages\aiogram\dispatcher\router.py", line 174, in _propagate_event
    response = await router.propagate_event(update_type=update_type, event=event, **kwargs)
               ^^^^^^^^^^^^^^^^^^^^^^^^^^^^^^^^^^^^^^^^^^^^^^^^^^^^^^^^^^^^^^^^^^^^^^^^^^^^
  File "c:\Users\ThinkPad\Desktop\тг боты\No database\бот домера\venv\Lib\site-packages\aiogram\dispatcher\router.py", line 146, in propagate_event
    return await observer.wrap_outer_middleware(_wrapped, event=event, data=kwargs)
           ^^^^^^^^^^^^^^^^^^^^^^^^^^^^^^^^^^^^^^^^^^^^^^^^^^^^^^^^^^^^^^^^^^^^^^^^
  File "c:\Users\ThinkPad\Desktop\тг боты\No database\бот домера\venv\Lib\site-packages\aiogram\dispatcher\router.py", line 141, in _wrapped
    return await self._propagate_event(
           ^^^^^^^^^^^^^^^^^^^^^^^^^^^^
        observer=observer, update_type=update_type, event=telegram_event, **data
        ^^^^^^^^^^^^^^^^^^^^^^^^^^^^^^^^^^^^^^^^^^^^^^^^^^^^^^^^^^^^^^^^^^^^^^^^
    )
    ^
  File "c:\Users\ThinkPad\Desktop\тг боты\No database\бот домера\venv\Lib\site-packages\aiogram\dispatcher\router.py", line 174, in _propagate_event
    response = await router.propagate_event(update_type=update_type, event=event, **kwargs)
               ^^^^^^^^^^^^^^^^^^^^^^^^^^^^^^^^^^^^^^^^^^^^^^^^^^^^^^^^^^^^^^^^^^^^^^^^^^^^
  File "c:\Users\ThinkPad\Desktop\тг боты\No database\бот домера\venv\Lib\site-packages\aiogram\dispatcher\router.py", line 146, in propagate_event
    return await observer.wrap_outer_middleware(_wrapped, event=event, data=kwargs)
           ^^^^^^^^^^^^^^^^^^^^^^^^^^^^^^^^^^^^^^^^^^^^^^^^^^^^^^^^^^^^^^^^^^^^^^^^
  File "c:\Users\ThinkPad\Desktop\тг боты\No database\бот домера\venv\Lib\site-packages\aiogram\dispatcher\router.py", line 141, in _wrapped
    return await self._propagate_event(
           ^^^^^^^^^^^^^^^^^^^^^^^^^^^^
        observer=observer, update_type=update_type, event=telegram_event, **data
        ^^^^^^^^^^^^^^^^^^^^^^^^^^^^^^^^^^^^^^^^^^^^^^^^^^^^^^^^^^^^^^^^^^^^^^^^
    )
    ^
  File "c:\Users\ThinkPad\Desktop\тг боты\No database\бот домера\venv\Lib\site-packages\aiogram\dispatcher\router.py", line 174, in _propagate_event
    response = await router.propagate_event(update_type=update_type, event=event, **kwargs)
               ^^^^^^^^^^^^^^^^^^^^^^^^^^^^^^^^^^^^^^^^^^^^^^^^^^^^^^^^^^^^^^^^^^^^^^^^^^^^
  File "c:\Users\ThinkPad\Desktop\тг боты\No database\бот домера\venv\Lib\site-packages\aiogram\dispatcher\router.py", line 146, in propagate_event
    return await observer.wrap_outer_middleware(_wrapped, event=event, data=kwargs)
           ^^^^^^^^^^^^^^^^^^^^^^^^^^^^^^^^^^^^^^^^^^^^^^^^^^^^^^^^^^^^^^^^^^^^^^^^
  File "c:\Users\ThinkPad\Desktop\тг боты\No database\бот домера\venv\Lib\site-packages\aiogram\dispatcher\router.py", line 141, in _wrapped
    return await self._propagate_event(
           ^^^^^^^^^^^^^^^^^^^^^^^^^^^^
        observer=observer, update_type=update_type, event=telegram_event, **data
        ^^^^^^^^^^^^^^^^^^^^^^^^^^^^^^^^^^^^^^^^^^^^^^^^^^^^^^^^^^^^^^^^^^^^^^^^
    )
    ^
  File "c:\Users\ThinkPad\Desktop\тг боты\No database\бот домера\venv\Lib\site-packages\aiogram\dispatcher\router.py", line 166, in _propagate_event
    response = await observer.trigger(event, **kwargs)
               ^^^^^^^^^^^^^^^^^^^^^^^^^^^^^^^^^^^^^^^
  File "c:\Users\ThinkPad\Desktop\тг боты\No database\бот домера\venv\Lib\site-packages\aiogram\dispatcher\event\telegram.py", line 121, in trigger
    return await wrapped_inner(event, kwargs)
           ^^^^^^^^^^^^^^^^^^^^^^^^^^^^^^^^^^
  File "c:\Users\ThinkPad\Desktop\тг боты\No database\бот домера\venv\Lib\site-packages\aiogram\dispatcher\event\handler.py", line 43, in call
    return await wrapped()
           ^^^^^^^^^^^^^^^
  File "C:\Users\ThinkPad\Desktop\тг боты\No database\бот домера\бот1.1\src\handlers\components\decorators.py", line 31, in wrapper
    return await handler(callback, *args, **kwargs)
           ^^^^^^^^^^^^^^^^^^^^^^^^^^^^^^^^^^^^^^^^
  File "C:\Users\ThinkPad\Desktop\тг боты\No database\бот домера\бот1.1\src\handlers\shop\minecraft\custom_shop.py", line 109, in choose_color
    custom_type = callback_data.custom_type
                  ^^^^^^^^^^^^^^^^^^^^^^^^^
  File "c:\Users\ThinkPad\Desktop\тг боты\No database\бот домера\venv\Lib\site-packages\pydantic\main.py", line 991, in __getattr__
    raise AttributeError(f'{type(self).__name__!r} object has no attribute {item!r}')
AttributeError: 'MinecraftShopCallback' object has no attribute 'custom_type'
2025-11-29 14:03:36,817 - root - DEBUG - ✅ Переопределён метод Message.answer с retry-логикой
2025-11-29 14:03:36,817 - root - DEBUG - ✅ Переопределён метод Message.reply с retry-логикой
2025-11-29 14:03:36,818 - root - DEBUG - ✅ Переопределён метод Message.edit_text с retry-логикой
2025-11-29 14:03:36,818 - root - DEBUG - ✅ Переопределён метод Message.edit_caption с retry-логикой
2025-11-29 14:03:36,818 - root - DEBUG - ✅ Переопределён метод Message.edit_reply_markup с retry-логикой
2025-11-29 14:03:36,818 - root - DEBUG - ✅ Переопределён метод Message.delete с retry-логикой
2025-11-29 14:03:36,818 - root - DEBUG - ✅ Переопределён метод Message.forward с retry-логикой
2025-11-29 14:03:36,818 - root - DEBUG - ✅ Переопределён метод Message.copy_to с retry-логикой
2025-11-29 14:03:36,818 - root - DEBUG - ✅ Переопределён метод Message.send_copy с retry-логикой
2025-11-29 14:03:36,819 - asyncio - DEBUG - Using proactor: IocpProactor
2025-11-29 14:03:41,222 - root - INFO - Бот запускается...
2025-11-29 14:03:41,224 - root - INFO - Загружено 1 администраторов
2025-11-29 14:03:41,250 - apscheduler.scheduler - INFO - Adding job tentatively -- it will be properly scheduled when the scheduler starts
2025-11-29 14:03:41,255 - apscheduler.scheduler - INFO - Added job "process_interest" to job store "default"
2025-11-29 14:03:41,256 - apscheduler.scheduler - INFO - Scheduler started
2025-11-29 14:03:41,258 - utils.background_tasks - INFO - ✅ InterestScheduler запущен
2025-11-29 14:03:41,259 - root - INFO - Фоновые задачи запущены
2025-11-29 14:03:41,261 - aiogram.dispatcher - INFO - Start polling
2025-11-29 14:03:41,263 - apscheduler.scheduler - DEBUG - Looking for jobs to run
2025-11-29 14:03:41,263 - apscheduler.scheduler - DEBUG - Next wakeup is due at 2025-11-29 16:02:00+03:00 (in 7098.736201 seconds)
2025-11-29 14:03:41,616 - aiogram.dispatcher - INFO - Run polling for bot @CtvtytestBot id=6339314152 - 'test0'
2025-11-29 14:04:04,472 - aiogram.event - INFO - Update id=301316857 is handled. Duration 1554 ms by bot id=6339314152
2025-11-29 14:04:07,556 - aiogram.event - INFO - Update id=301316858 is handled. Duration 671 ms by bot id=6339314152
2025-11-29 14:04:14,504 - aiogram.event - INFO - Update id=301316859 is handled. Duration 713 ms by bot id=6339314152
2025-11-29 14:04:16,459 - aiogram.event - INFO - Update id=301316860 is handled. Duration 690 ms by bot id=6339314152
2025-11-29 14:04:18,102 - aiogram.event - INFO - Update id=301316861 is not handled. Duration 16 ms by bot id=6339314152
2025-11-29 14:05:28,371 - root - DEBUG - ✅ Переопределён метод Message.answer с retry-логикой
2025-11-29 14:05:28,372 - root - DEBUG - ✅ Переопределён метод Message.reply с retry-логикой
2025-11-29 14:05:28,372 - root - DEBUG - ✅ Переопределён метод Message.edit_text с retry-логикой
2025-11-29 14:05:28,372 - root - DEBUG - ✅ Переопределён метод Message.edit_caption с retry-логикой
2025-11-29 14:05:28,372 - root - DEBUG - ✅ Переопределён метод Message.edit_reply_markup с retry-логикой
2025-11-29 14:05:28,373 - root - DEBUG - ✅ Переопределён метод Message.delete с retry-логикой
2025-11-29 14:05:28,373 - root - DEBUG - ✅ Переопределён метод Message.forward с retry-логикой
2025-11-29 14:05:28,373 - root - DEBUG - ✅ Переопределён метод Message.copy_to с retry-логикой
2025-11-29 14:05:28,373 - root - DEBUG - ✅ Переопределён метод Message.send_copy с retry-логикой
2025-11-29 14:05:28,375 - asyncio - DEBUG - Using proactor: IocpProactor
2025-11-29 14:05:32,043 - root - INFO - Бот запускается...
2025-11-29 14:05:32,044 - root - INFO - Загружено 1 администраторов
2025-11-29 14:05:32,067 - apscheduler.scheduler - INFO - Adding job tentatively -- it will be properly scheduled when the scheduler starts
2025-11-29 14:05:32,070 - apscheduler.scheduler - INFO - Added job "process_interest" to job store "default"
2025-11-29 14:05:32,070 - apscheduler.scheduler - INFO - Scheduler started
2025-11-29 14:05:32,071 - utils.background_tasks - INFO - ✅ InterestScheduler запущен
2025-11-29 14:05:32,072 - root - INFO - Фоновые задачи запущены
2025-11-29 14:05:32,073 - aiogram.dispatcher - INFO - Start polling
2025-11-29 14:05:32,074 - apscheduler.scheduler - DEBUG - Looking for jobs to run
2025-11-29 14:05:32,075 - apscheduler.scheduler - DEBUG - Next wakeup is due at 2025-11-29 16:02:00+03:00 (in 6987.924590 seconds)
2025-11-29 14:05:32,433 - aiogram.dispatcher - INFO - Run polling for bot @CtvtytestBot id=6339314152 - 'test0'
2025-11-29 14:05:36,192 - aiogram.event - INFO - Update id=301316863 is handled. Duration 1909 ms by bot id=6339314152
2025-11-29 14:05:38,147 - aiogram.event - INFO - Update id=301316864 is handled. Duration 673 ms by bot id=6339314152
2025-11-29 14:05:39,724 - aiogram.event - INFO - Update id=301316865 is not handled. Duration 15 ms by bot id=6339314152
2025-11-29 14:06:35,475 - root - DEBUG - ✅ Переопределён метод Message.answer с retry-логикой
2025-11-29 14:06:35,475 - root - DEBUG - ✅ Переопределён метод Message.reply с retry-логикой
2025-11-29 14:06:35,475 - root - DEBUG - ✅ Переопределён метод Message.edit_text с retry-логикой
2025-11-29 14:06:35,476 - root - DEBUG - ✅ Переопределён метод Message.edit_caption с retry-логикой
2025-11-29 14:06:35,476 - root - DEBUG - ✅ Переопределён метод Message.edit_reply_markup с retry-логикой
2025-11-29 14:06:35,476 - root - DEBUG - ✅ Переопределён метод Message.delete с retry-логикой
2025-11-29 14:06:35,476 - root - DEBUG - ✅ Переопределён метод Message.forward с retry-логикой
2025-11-29 14:06:35,477 - root - DEBUG - ✅ Переопределён метод Message.copy_to с retry-логикой
2025-11-29 14:06:35,477 - root - DEBUG - ✅ Переопределён метод Message.send_copy с retry-логикой
2025-11-29 14:06:35,479 - asyncio - DEBUG - Using proactor: IocpProactor
2025-11-29 14:06:40,494 - root - INFO - Бот запускается...
2025-11-29 14:06:40,496 - root - INFO - Загружено 1 администраторов
2025-11-29 14:06:40,511 - apscheduler.scheduler - INFO - Adding job tentatively -- it will be properly scheduled when the scheduler starts
2025-11-29 14:06:40,514 - apscheduler.scheduler - INFO - Added job "process_interest" to job store "default"
2025-11-29 14:06:40,515 - apscheduler.scheduler - INFO - Scheduler started
2025-11-29 14:06:40,516 - utils.background_tasks - INFO - ✅ InterestScheduler запущен
2025-11-29 14:06:40,516 - root - INFO - Фоновые задачи запущены
2025-11-29 14:06:40,517 - aiogram.dispatcher - INFO - Start polling
2025-11-29 14:06:40,518 - apscheduler.scheduler - DEBUG - Looking for jobs to run
2025-11-29 14:06:40,519 - apscheduler.scheduler - DEBUG - Next wakeup is due at 2025-11-29 16:02:00+03:00 (in 6919.480993 seconds)
2025-11-29 14:06:40,874 - aiogram.dispatcher - INFO - Run polling for bot @CtvtytestBot id=6339314152 - 'test0'
2025-11-29 14:06:50,680 - aiogram.event - INFO - Update id=301316866 is handled. Duration 1745 ms by bot id=6339314152
2025-11-29 14:07:00,308 - aiogram.event - INFO - Update id=301316867 is handled. Duration 630 ms by bot id=6339314152
2025-11-29 14:07:02,857 - aiogram.event - INFO - Update id=301316868 is handled. Duration 390 ms by bot id=6339314152
2025-11-29 14:07:04,633 - aiogram.event - INFO - Update id=301316869 is handled. Duration 639 ms by bot id=6339314152
2025-11-29 14:07:10,610 - aiogram.event - INFO - Update id=301316870 is handled. Duration 386 ms by bot id=6339314152
2025-11-29 14:07:13,923 - aiogram.event - INFO - Update id=301316871 is handled. Duration 422 ms by bot id=6339314152
2025-11-29 14:07:21,898 - aiogram.event - INFO - Update id=301316872 is handled. Duration 407 ms by bot id=6339314152
2025-11-29 14:07:38,402 - aiogram.event - INFO - Update id=301316873 is handled. Duration 712 ms by bot id=6339314152
2025-11-29 14:07:41,930 - aiogram.event - INFO - Update id=301316874 is handled. Duration 590 ms by bot id=6339314152
2025-11-29 14:07:44,652 - aiogram.event - INFO - Update id=301316875 is handled. Duration 426 ms by bot id=6339314152
2025-11-29 14:08:16,246 - aiogram.event - INFO - Update id=301316876 is handled. Duration 420 ms by bot id=6339314152
2025-11-29 14:08:21,309 - root - ERROR - Error executing RCON command: 'RconManager' object has no attribute 'execute'
2025-11-29 14:08:21,804 - aiogram.event - INFO - Update id=301316877 is handled. Duration 505 ms by bot id=6339314152
2025-11-29 14:52:45,248 - root - DEBUG - ✅ Переопределён метод Message.answer с retry-логикой
2025-11-29 14:52:45,248 - root - DEBUG - ✅ Переопределён метод Message.reply с retry-логикой
2025-11-29 14:52:45,248 - root - DEBUG - ✅ Переопределён метод Message.edit_text с retry-логикой
2025-11-29 14:52:45,249 - root - DEBUG - ✅ Переопределён метод Message.edit_caption с retry-логикой
2025-11-29 14:52:45,249 - root - DEBUG - ✅ Переопределён метод Message.edit_reply_markup с retry-логикой
2025-11-29 14:52:45,249 - root - DEBUG - ✅ Переопределён метод Message.delete с retry-логикой
2025-11-29 14:52:45,249 - root - DEBUG - ✅ Переопределён метод Message.forward с retry-логикой
2025-11-29 14:52:45,249 - root - DEBUG - ✅ Переопределён метод Message.copy_to с retry-логикой
2025-11-29 14:52:45,249 - root - DEBUG - ✅ Переопределён метод Message.send_copy с retry-логикой
2025-11-29 14:52:45,251 - asyncio - DEBUG - Using proactor: IocpProactor
2025-11-29 14:52:46,254 - root - INFO - Бот запускается...
2025-11-29 14:52:46,256 - root - INFO - Загружено 1 администраторов
2025-11-29 14:52:46,282 - apscheduler.scheduler - INFO - Adding job tentatively -- it will be properly scheduled when the scheduler starts
2025-11-29 14:52:46,287 - apscheduler.scheduler - INFO - Added job "process_interest" to job store "default"
2025-11-29 14:52:46,288 - apscheduler.scheduler - INFO - Scheduler started
2025-11-29 14:52:46,290 - utils.background_tasks - INFO - ✅ InterestScheduler запущен
2025-11-29 14:52:46,291 - root - INFO - Фоновые задачи запущены
2025-11-29 14:52:46,292 - aiogram.dispatcher - INFO - Start polling
2025-11-29 14:52:46,295 - apscheduler.scheduler - DEBUG - Looking for jobs to run
2025-11-29 14:52:46,295 - apscheduler.scheduler - DEBUG - Next wakeup is due at 2025-11-29 16:02:00+03:00 (in 4153.704305 seconds)
2025-11-29 14:52:46,370 - aiogram.dispatcher - INFO - Run polling for bot @CtvtytestBot id=6339314152 - 'test0'
2025-11-29 14:53:01,344 - aiogram.event - INFO - Update id=301316878 is handled. Duration 285 ms by bot id=6339314152
2025-11-29 14:53:02,538 - aiogram.event - INFO - Update id=301316879 is handled. Duration 195 ms by bot id=6339314152
2025-11-29 14:53:03,900 - aiogram.event - INFO - Update id=301316880 is handled. Duration 111 ms by bot id=6339314152
2025-11-29 14:53:08,497 - aiogram.event - INFO - Update id=301316881 is handled. Duration 280 ms by bot id=6339314152
2025-11-29 14:53:26,006 - utils.rcon - INFO - команда в майн: ('Created team [700d2a66-08bd-4c18-939e-b118a762bac6]\n', 371468937)
2025-11-29 14:53:26,074 - utils.rcon - INFO - команда в майн: ('Incorrect argument for command\n...olor black <--[HERE]\n', 1222773408)
2025-11-29 14:53:26,148 - utils.rcon - INFO - команда в майн: ('Added 99 to team [700d2a66-08bd-4c18-939e-b118a762bac6]\n', 1719861192)
2025-11-29 14:53:26,368 - aiogram.event - INFO - Update id=301316882 is handled. Duration 445 ms by bot id=6339314152
2025-11-29 14:54:12,714 - aiogram.event - INFO - Update id=301316883 is handled. Duration 134 ms by bot id=6339314152
2025-11-29 14:54:14,995 - utils.rcon - INFO - команда в майн: ('Created team [836b7088-2f2c-4d00-8ecb-7f8fe948f5c4]\n', 326667245)
2025-11-29 14:54:15,060 - utils.rcon - INFO - команда в майн: ('Incorrect argument for command\n...color gold <--[HERE]\n', 1715703614)
2025-11-29 14:54:15,133 - utils.rcon - INFO - команда в майн: ('Added 99 to team [836b7088-2f2c-4d00-8ecb-7f8fe948f5c4]\n', 575998571)
2025-11-29 14:54:15,302 - aiogram.event - INFO - Update id=301316884 is handled. Duration 394 ms by bot id=6339314152
2025-11-29 14:54:32,062 - aiogram.event - INFO - Update id=301316885 is handled. Duration 128 ms by bot id=6339314152
2025-11-29 14:54:34,547 - aiogram.event - INFO - Update id=301316886 is handled. Duration 100 ms by bot id=6339314152
2025-11-29 14:54:44,650 - utils.rcon - INFO - команда в майн: ('Created team [055013f0-12ba-4a52-ad5e-139f5359a7de]\n', 100935580)
2025-11-29 14:54:44,716 - utils.rcon - INFO - команда в майн: ('Incorrect argument for command\n...color gold <--[HERE]\n', 2147211490)
2025-11-29 14:54:44,788 - utils.rcon - INFO - команда в майн: ('Invalid chat component: Failed to parse either. First: Failed to parse either. First: Not a string: 898; Second: Not a json array: 898; Second: Not a JSON object: 898\n...prefix 898 <--[HERE]\n', 2102822398)
2025-11-29 14:54:44,854 - utils.rcon - INFO - команда в майн: ('Added 99 to team [055013f0-12ba-4a52-ad5e-139f5359a7de]\n', 369774497)
2025-11-29 14:54:44,957 - aiogram.event - INFO - Update id=301316887 is handled. Duration 375 ms by bot id=6339314152
2025-11-29 14:56:47,400 - root - DEBUG - ✅ Переопределён метод Message.answer с retry-логикой
2025-11-29 14:56:47,400 - root - DEBUG - ✅ Переопределён метод Message.reply с retry-логикой
2025-11-29 14:56:47,400 - root - DEBUG - ✅ Переопределён метод Message.edit_text с retry-логикой
2025-11-29 14:56:47,401 - root - DEBUG - ✅ Переопределён метод Message.edit_caption с retry-логикой
2025-11-29 14:56:47,401 - root - DEBUG - ✅ Переопределён метод Message.edit_reply_markup с retry-логикой
2025-11-29 14:56:47,401 - root - DEBUG - ✅ Переопределён метод Message.delete с retry-логикой
2025-11-29 14:56:47,401 - root - DEBUG - ✅ Переопределён метод Message.forward с retry-логикой
2025-11-29 14:56:47,401 - root - DEBUG - ✅ Переопределён метод Message.copy_to с retry-логикой
2025-11-29 14:56:47,401 - root - DEBUG - ✅ Переопределён метод Message.send_copy с retry-логикой
2025-11-29 14:56:47,402 - asyncio - DEBUG - Using proactor: IocpProactor
2025-11-29 14:56:48,077 - root - INFO - Бот запускается...
2025-11-29 14:56:48,082 - root - INFO - Загружено 1 администраторов
2025-11-29 14:56:48,115 - apscheduler.scheduler - INFO - Adding job tentatively -- it will be properly scheduled when the scheduler starts
2025-11-29 14:56:48,121 - apscheduler.scheduler - INFO - Added job "process_interest" to job store "default"
2025-11-29 14:56:48,122 - apscheduler.scheduler - INFO - Scheduler started
2025-11-29 14:56:48,124 - utils.background_tasks - INFO - ✅ InterestScheduler запущен
2025-11-29 14:56:48,125 - root - INFO - Фоновые задачи запущены
2025-11-29 14:56:48,127 - aiogram.dispatcher - INFO - Start polling
2025-11-29 14:56:48,129 - apscheduler.scheduler - DEBUG - Looking for jobs to run
2025-11-29 14:56:48,130 - apscheduler.scheduler - DEBUG - Next wakeup is due at 2025-11-29 16:02:00+03:00 (in 3911.870109 seconds)
2025-11-29 14:56:48,199 - aiogram.dispatcher - INFO - Run polling for bot @CtvtytestBot id=6339314152 - 'test0'
2025-11-29 15:01:20,818 - root - DEBUG - ✅ Переопределён метод Message.answer с retry-логикой
2025-11-29 15:01:20,819 - root - DEBUG - ✅ Переопределён метод Message.reply с retry-логикой
2025-11-29 15:01:20,819 - root - DEBUG - ✅ Переопределён метод Message.edit_text с retry-логикой
2025-11-29 15:01:20,819 - root - DEBUG - ✅ Переопределён метод Message.edit_caption с retry-логикой
2025-11-29 15:01:20,819 - root - DEBUG - ✅ Переопределён метод Message.edit_reply_markup с retry-логикой
2025-11-29 15:01:20,819 - root - DEBUG - ✅ Переопределён метод Message.delete с retry-логикой
2025-11-29 15:01:20,819 - root - DEBUG - ✅ Переопределён метод Message.forward с retry-логикой
2025-11-29 15:01:20,819 - root - DEBUG - ✅ Переопределён метод Message.copy_to с retry-логикой
2025-11-29 15:01:20,820 - root - DEBUG - ✅ Переопределён метод Message.send_copy с retry-логикой
2025-11-29 15:01:20,821 - asyncio - DEBUG - Using proactor: IocpProactor
2025-11-29 15:01:21,541 - root - INFO - Бот запускается...
2025-11-29 15:01:21,543 - root - INFO - Загружено 1 администраторов
2025-11-29 15:01:21,567 - apscheduler.scheduler - INFO - Adding job tentatively -- it will be properly scheduled when the scheduler starts
2025-11-29 15:01:21,571 - apscheduler.scheduler - INFO - Added job "process_interest" to job store "default"
2025-11-29 15:01:21,572 - apscheduler.scheduler - INFO - Scheduler started
2025-11-29 15:01:21,573 - utils.background_tasks - INFO - ✅ InterestScheduler запущен
2025-11-29 15:01:21,574 - root - INFO - Фоновые задачи запущены
2025-11-29 15:01:21,575 - aiogram.dispatcher - INFO - Start polling
2025-11-29 15:01:21,576 - apscheduler.scheduler - DEBUG - Looking for jobs to run
2025-11-29 15:01:21,577 - apscheduler.scheduler - DEBUG - Next wakeup is due at 2025-11-29 16:02:00+03:00 (in 3638.422903 seconds)
2025-11-29 15:01:21,651 - aiogram.dispatcher - INFO - Run polling for bot @CtvtytestBot id=6339314152 - 'test0'
2025-11-29 15:01:36,372 - root - DEBUG - ✅ Переопределён метод Message.answer с retry-логикой
2025-11-29 15:01:36,372 - root - DEBUG - ✅ Переопределён метод Message.reply с retry-логикой
2025-11-29 15:01:36,372 - root - DEBUG - ✅ Переопределён метод Message.edit_text с retry-логикой
2025-11-29 15:01:36,373 - root - DEBUG - ✅ Переопределён метод Message.edit_caption с retry-логикой
2025-11-29 15:01:36,373 - root - DEBUG - ✅ Переопределён метод Message.edit_reply_markup с retry-логикой
2025-11-29 15:01:36,373 - root - DEBUG - ✅ Переопределён метод Message.delete с retry-логикой
2025-11-29 15:01:36,373 - root - DEBUG - ✅ Переопределён метод Message.forward с retry-логикой
2025-11-29 15:01:36,373 - root - DEBUG - ✅ Переопределён метод Message.copy_to с retry-логикой
2025-11-29 15:01:36,373 - root - DEBUG - ✅ Переопределён метод Message.send_copy с retry-логикой
2025-11-29 15:01:36,375 - asyncio - DEBUG - Using proactor: IocpProactor
2025-11-29 15:01:37,146 - root - INFO - Бот запускается...
2025-11-29 15:01:37,148 - root - INFO - Загружено 1 администраторов
2025-11-29 15:01:37,177 - apscheduler.scheduler - INFO - Adding job tentatively -- it will be properly scheduled when the scheduler starts
2025-11-29 15:01:37,182 - apscheduler.scheduler - INFO - Added job "process_interest" to job store "default"
2025-11-29 15:01:37,183 - apscheduler.scheduler - INFO - Scheduler started
2025-11-29 15:01:37,184 - utils.background_tasks - INFO - ✅ InterestScheduler запущен
2025-11-29 15:01:37,186 - root - INFO - Фоновые задачи запущены
2025-11-29 15:01:37,187 - aiogram.dispatcher - INFO - Start polling
2025-11-29 15:01:37,189 - apscheduler.scheduler - DEBUG - Looking for jobs to run
2025-11-29 15:01:37,189 - apscheduler.scheduler - DEBUG - Next wakeup is due at 2025-11-29 16:02:00+03:00 (in 3622.810330 seconds)
2025-11-29 15:01:37,264 - aiogram.dispatcher - INFO - Run polling for bot @CtvtytestBot id=6339314152 - 'test0'
2025-11-29 15:01:57,110 - aiogram.event - INFO - Update id=301316888 is handled. Duration 268 ms by bot id=6339314152
2025-11-29 15:01:58,127 - aiogram.event - INFO - Update id=301316889 is handled. Duration 136 ms by bot id=6339314152
2025-11-29 15:02:00,043 - aiogram.event - INFO - Update id=301316890 is handled. Duration 118 ms by bot id=6339314152
2025-11-29 15:02:02,264 - aiogram.event - INFO - Update id=301316891 is handled. Duration 126 ms by bot id=6339314152
2025-11-29 15:02:04,685 - aiogram.event - INFO - Update id=301316892 is handled. Duration 108 ms by bot id=6339314152
2025-11-29 15:02:07,787 - aiogram.event - INFO - Update id=301316893 is not handled. Duration 14 ms by bot id=6339314152
2025-11-29 15:02:07,789 - aiogram.event - ERROR - Cause exception while process update id=301316893 by bot id=6339314152
ValueError: Invalid format specifier 'f"шш", "color":f"gold"' for object of type 'str'
Traceback (most recent call last):
  File "c:\Users\ThinkPad\Desktop\тг боты\No database\бот домера\venv\Lib\site-packages\aiogram\dispatcher\dispatcher.py", line 309, in _process_update
    response = await self.feed_update(bot, update, **kwargs)
               ^^^^^^^^^^^^^^^^^^^^^^^^^^^^^^^^^^^^^^^^^^^^^
  File "c:\Users\ThinkPad\Desktop\тг боты\No database\бот домера\venv\Lib\site-packages\aiogram\dispatcher\dispatcher.py", line 158, in feed_update
    response = await self.update.wrap_outer_middleware(
               ^^^^^^^^^^^^^^^^^^^^^^^^^^^^^^^^^^^^^^^^
    ...<7 lines>...
    )
    ^
  File "c:\Users\ThinkPad\Desktop\тг боты\No database\бот домера\venv\Lib\site-packages\aiogram\dispatcher\middlewares\error.py", line 25, in __call__
    return await handler(event, data)
           ^^^^^^^^^^^^^^^^^^^^^^^^^^
  File "c:\Users\ThinkPad\Desktop\тг боты\No database\бот домера\venv\Lib\site-packages\aiogram\dispatcher\middlewares\user_context.py", line 56, in __call__
    return await handler(event, data)
           ^^^^^^^^^^^^^^^^^^^^^^^^^^
  File "c:\Users\ThinkPad\Desktop\тг боты\No database\бот домера\venv\Lib\site-packages\aiogram\fsm\middleware.py", line 42, in __call__
    return await handler(event, data)
           ^^^^^^^^^^^^^^^^^^^^^^^^^^
  File "c:\Users\ThinkPad\Desktop\тг боты\No database\бот домера\venv\Lib\site-packages\aiogram\dispatcher\event\telegram.py", line 121, in trigger
    return await wrapped_inner(event, kwargs)
           ^^^^^^^^^^^^^^^^^^^^^^^^^^^^^^^^^^
  File "c:\Users\ThinkPad\Desktop\тг боты\No database\бот домера\venv\Lib\site-packages\aiogram\dispatcher\event\handler.py", line 43, in call
    return await wrapped()
           ^^^^^^^^^^^^^^^
  File "c:\Users\ThinkPad\Desktop\тг боты\No database\бот домера\venv\Lib\site-packages\aiogram\dispatcher\dispatcher.py", line 276, in _listen_update
    return await self.propagate_event(update_type=update_type, event=event, **kwargs)
           ^^^^^^^^^^^^^^^^^^^^^^^^^^^^^^^^^^^^^^^^^^^^^^^^^^^^^^^^^^^^^^^^^^^^^^^^^^
  File "c:\Users\ThinkPad\Desktop\тг боты\No database\бот домера\venv\Lib\site-packages\aiogram\dispatcher\router.py", line 146, in propagate_event
    return await observer.wrap_outer_middleware(_wrapped, event=event, data=kwargs)
           ^^^^^^^^^^^^^^^^^^^^^^^^^^^^^^^^^^^^^^^^^^^^^^^^^^^^^^^^^^^^^^^^^^^^^^^^
  File "c:\Users\ThinkPad\Desktop\тг боты\No database\бот домера\venv\Lib\site-packages\aiogram\dispatcher\router.py", line 141, in _wrapped
    return await self._propagate_event(
           ^^^^^^^^^^^^^^^^^^^^^^^^^^^^
        observer=observer, update_type=update_type, event=telegram_event, **data
        ^^^^^^^^^^^^^^^^^^^^^^^^^^^^^^^^^^^^^^^^^^^^^^^^^^^^^^^^^^^^^^^^^^^^^^^^
    )
    ^
  File "c:\Users\ThinkPad\Desktop\тг боты\No database\бот домера\venv\Lib\site-packages\aiogram\dispatcher\router.py", line 174, in _propagate_event
    response = await router.propagate_event(update_type=update_type, event=event, **kwargs)
               ^^^^^^^^^^^^^^^^^^^^^^^^^^^^^^^^^^^^^^^^^^^^^^^^^^^^^^^^^^^^^^^^^^^^^^^^^^^^
  File "c:\Users\ThinkPad\Desktop\тг боты\No database\бот домера\venv\Lib\site-packages\aiogram\dispatcher\router.py", line 146, in propagate_event
    return await observer.wrap_outer_middleware(_wrapped, event=event, data=kwargs)
           ^^^^^^^^^^^^^^^^^^^^^^^^^^^^^^^^^^^^^^^^^^^^^^^^^^^^^^^^^^^^^^^^^^^^^^^^
  File "c:\Users\ThinkPad\Desktop\тг боты\No database\бот домера\venv\Lib\site-packages\aiogram\dispatcher\router.py", line 141, in _wrapped
    return await self._propagate_event(
           ^^^^^^^^^^^^^^^^^^^^^^^^^^^^
        observer=observer, update_type=update_type, event=telegram_event, **data
        ^^^^^^^^^^^^^^^^^^^^^^^^^^^^^^^^^^^^^^^^^^^^^^^^^^^^^^^^^^^^^^^^^^^^^^^^
    )
    ^
  File "c:\Users\ThinkPad\Desktop\тг боты\No database\бот домера\venv\Lib\site-packages\aiogram\dispatcher\router.py", line 174, in _propagate_event
    response = await router.propagate_event(update_type=update_type, event=event, **kwargs)
               ^^^^^^^^^^^^^^^^^^^^^^^^^^^^^^^^^^^^^^^^^^^^^^^^^^^^^^^^^^^^^^^^^^^^^^^^^^^^
  File "c:\Users\ThinkPad\Desktop\тг боты\No database\бот домера\venv\Lib\site-packages\aiogram\dispatcher\router.py", line 146, in propagate_event
    return await observer.wrap_outer_middleware(_wrapped, event=event, data=kwargs)
           ^^^^^^^^^^^^^^^^^^^^^^^^^^^^^^^^^^^^^^^^^^^^^^^^^^^^^^^^^^^^^^^^^^^^^^^^
  File "c:\Users\ThinkPad\Desktop\тг боты\No database\бот домера\venv\Lib\site-packages\aiogram\dispatcher\router.py", line 141, in _wrapped
    return await self._propagate_event(
           ^^^^^^^^^^^^^^^^^^^^^^^^^^^^
        observer=observer, update_type=update_type, event=telegram_event, **data
        ^^^^^^^^^^^^^^^^^^^^^^^^^^^^^^^^^^^^^^^^^^^^^^^^^^^^^^^^^^^^^^^^^^^^^^^^
    )
    ^
  File "c:\Users\ThinkPad\Desktop\тг боты\No database\бот домера\venv\Lib\site-packages\aiogram\dispatcher\router.py", line 174, in _propagate_event
    response = await router.propagate_event(update_type=update_type, event=event, **kwargs)
               ^^^^^^^^^^^^^^^^^^^^^^^^^^^^^^^^^^^^^^^^^^^^^^^^^^^^^^^^^^^^^^^^^^^^^^^^^^^^
  File "c:\Users\ThinkPad\Desktop\тг боты\No database\бот домера\venv\Lib\site-packages\aiogram\dispatcher\router.py", line 146, in propagate_event
    return await observer.wrap_outer_middleware(_wrapped, event=event, data=kwargs)
           ^^^^^^^^^^^^^^^^^^^^^^^^^^^^^^^^^^^^^^^^^^^^^^^^^^^^^^^^^^^^^^^^^^^^^^^^
  File "c:\Users\ThinkPad\Desktop\тг боты\No database\бот домера\venv\Lib\site-packages\aiogram\dispatcher\router.py", line 141, in _wrapped
    return await self._propagate_event(
           ^^^^^^^^^^^^^^^^^^^^^^^^^^^^
        observer=observer, update_type=update_type, event=telegram_event, **data
        ^^^^^^^^^^^^^^^^^^^^^^^^^^^^^^^^^^^^^^^^^^^^^^^^^^^^^^^^^^^^^^^^^^^^^^^^
    )
    ^
  File "c:\Users\ThinkPad\Desktop\тг боты\No database\бот домера\venv\Lib\site-packages\aiogram\dispatcher\router.py", line 174, in _propagate_event
    response = await router.propagate_event(update_type=update_type, event=event, **kwargs)
               ^^^^^^^^^^^^^^^^^^^^^^^^^^^^^^^^^^^^^^^^^^^^^^^^^^^^^^^^^^^^^^^^^^^^^^^^^^^^
  File "c:\Users\ThinkPad\Desktop\тг боты\No database\бот домера\venv\Lib\site-packages\aiogram\dispatcher\router.py", line 146, in propagate_event
    return await observer.wrap_outer_middleware(_wrapped, event=event, data=kwargs)
           ^^^^^^^^^^^^^^^^^^^^^^^^^^^^^^^^^^^^^^^^^^^^^^^^^^^^^^^^^^^^^^^^^^^^^^^^
  File "c:\Users\ThinkPad\Desktop\тг боты\No database\бот домера\venv\Lib\site-packages\aiogram\dispatcher\router.py", line 141, in _wrapped
    return await self._propagate_event(
           ^^^^^^^^^^^^^^^^^^^^^^^^^^^^
        observer=observer, update_type=update_type, event=telegram_event, **data
        ^^^^^^^^^^^^^^^^^^^^^^^^^^^^^^^^^^^^^^^^^^^^^^^^^^^^^^^^^^^^^^^^^^^^^^^^
    )
    ^
  File "c:\Users\ThinkPad\Desktop\тг боты\No database\бот домера\venv\Lib\site-packages\aiogram\dispatcher\router.py", line 166, in _propagate_event
    response = await observer.trigger(event, **kwargs)
               ^^^^^^^^^^^^^^^^^^^^^^^^^^^^^^^^^^^^^^^
  File "c:\Users\ThinkPad\Desktop\тг боты\No database\бот домера\venv\Lib\site-packages\aiogram\dispatcher\event\telegram.py", line 121, in trigger
    return await wrapped_inner(event, kwargs)
           ^^^^^^^^^^^^^^^^^^^^^^^^^^^^^^^^^^
  File "c:\Users\ThinkPad\Desktop\тг боты\No database\бот домера\venv\Lib\site-packages\aiogram\dispatcher\event\handler.py", line 43, in call
    return await wrapped()
           ^^^^^^^^^^^^^^^
  File "C:\Users\ThinkPad\Desktop\тг боты\No database\бот домера\бот1.1\src\handlers\components\decorators.py", line 31, in wrapper
    return await handler(callback, *args, **kwargs)
           ^^^^^^^^^^^^^^^^^^^^^^^^^^^^^^^^^^^^^^^^
  File "C:\Users\ThinkPad\Desktop\тг боты\No database\бот домера\бот1.1\src\handlers\shop\minecraft\custom_shop.py", line 285, in handle_prefix_text
    cmd_3 = f'team modify {team_uuid} prefix {"text":f"{text}", "color":f"{color}"} '
                                             ^^^^^^^^^^^^^^^^^^^^^^^^^^^^^^^^^^^^^^
ValueError: Invalid format specifier 'f"шш", "color":f"gold"' for object of type 'str'
2025-11-29 15:07:18,397 - root - DEBUG - ✅ Переопределён метод Message.answer с retry-логикой
2025-11-29 15:07:18,397 - root - DEBUG - ✅ Переопределён метод Message.reply с retry-логикой
2025-11-29 15:07:18,397 - root - DEBUG - ✅ Переопределён метод Message.edit_text с retry-логикой
2025-11-29 15:07:18,398 - root - DEBUG - ✅ Переопределён метод Message.edit_caption с retry-логикой
2025-11-29 15:07:18,398 - root - DEBUG - ✅ Переопределён метод Message.edit_reply_markup с retry-логикой
2025-11-29 15:07:18,398 - root - DEBUG - ✅ Переопределён метод Message.delete с retry-логикой
2025-11-29 15:07:18,398 - root - DEBUG - ✅ Переопределён метод Message.forward с retry-логикой
2025-11-29 15:07:18,398 - root - DEBUG - ✅ Переопределён метод Message.copy_to с retry-логикой
2025-11-29 15:07:18,398 - root - DEBUG - ✅ Переопределён метод Message.send_copy с retry-логикой
2025-11-29 15:07:18,400 - asyncio - DEBUG - Using proactor: IocpProactor
2025-11-29 15:07:19,216 - root - INFO - Бот запускается...
2025-11-29 15:07:19,217 - root - INFO - Загружено 1 администраторов
2025-11-29 15:07:19,235 - apscheduler.scheduler - INFO - Adding job tentatively -- it will be properly scheduled when the scheduler starts
2025-11-29 15:07:19,238 - apscheduler.scheduler - INFO - Added job "process_interest" to job store "default"
2025-11-29 15:07:19,239 - apscheduler.scheduler - INFO - Scheduler started
2025-11-29 15:07:19,239 - utils.background_tasks - INFO - ✅ InterestScheduler запущен
2025-11-29 15:07:19,240 - root - INFO - Фоновые задачи запущены
2025-11-29 15:07:19,241 - aiogram.dispatcher - INFO - Start polling
2025-11-29 15:07:19,241 - apscheduler.scheduler - DEBUG - Looking for jobs to run
2025-11-29 15:07:19,242 - apscheduler.scheduler - DEBUG - Next wakeup is due at 2025-11-29 16:02:00+03:00 (in 3280.757759 seconds)
2025-11-29 15:07:19,312 - aiogram.dispatcher - INFO - Run polling for bot @CtvtytestBot id=6339314152 - 'test0'
2025-11-29 15:07:19,715 - aiogram.event - INFO - Update id=301316894 is handled. Duration 317 ms by bot id=6339314152
2025-11-29 15:07:20,840 - aiogram.event - INFO - Update id=301316895 is handled. Duration 110 ms by bot id=6339314152
2025-11-29 15:07:21,974 - aiogram.event - INFO - Update id=301316896 is handled. Duration 106 ms by bot id=6339314152
2025-11-29 15:07:23,500 - aiogram.event - INFO - Update id=301316897 is handled. Duration 122 ms by bot id=6339314152
2025-11-29 15:07:24,658 - aiogram.event - INFO - Update id=301316898 is handled. Duration 97 ms by bot id=6339314152
2025-11-29 15:07:26,310 - utils.rcon - INFO - команда в майн: ('Created team [5bc674ad-b9e6-417f-8514-f35397a88337]\n', 1946718193)
2025-11-29 15:07:26,382 - utils.rcon - INFO - команда в майн: ("Invalid chat component: Use JsonReader.setLenient(true) to accept malformed JSON at line 1 column 3 path $.\n... prefix {'text: l, color: green'}<--[HERE]\n", 965259564)
2025-11-29 15:07:26,485 - utils.rcon - INFO - команда в майн: ('Added Raven_P79 to team [5bc674ad-b9e6-417f-8514-f35397a88337]\n', 1743030078)
2025-11-29 15:07:26,577 - aiogram.event - INFO - Update id=301316899 is handled. Duration 358 ms by bot id=6339314152
2025-11-29 15:08:44,344 - root - DEBUG - ✅ Переопределён метод Message.answer с retry-логикой
2025-11-29 15:08:44,344 - root - DEBUG - ✅ Переопределён метод Message.reply с retry-логикой
2025-11-29 15:08:44,345 - root - DEBUG - ✅ Переопределён метод Message.edit_text с retry-логикой
2025-11-29 15:08:44,345 - root - DEBUG - ✅ Переопределён метод Message.edit_caption с retry-логикой
2025-11-29 15:08:44,345 - root - DEBUG - ✅ Переопределён метод Message.edit_reply_markup с retry-логикой
2025-11-29 15:08:44,345 - root - DEBUG - ✅ Переопределён метод Message.delete с retry-логикой
2025-11-29 15:08:44,346 - root - DEBUG - ✅ Переопределён метод Message.forward с retry-логикой
2025-11-29 15:08:44,346 - root - DEBUG - ✅ Переопределён метод Message.copy_to с retry-логикой
2025-11-29 15:08:44,346 - root - DEBUG - ✅ Переопределён метод Message.send_copy с retry-логикой
2025-11-29 15:08:44,349 - asyncio - DEBUG - Using proactor: IocpProactor
2025-11-29 15:08:45,169 - root - INFO - Бот запускается...
2025-11-29 15:08:45,170 - root - INFO - Загружено 1 администраторов
2025-11-29 15:08:45,183 - apscheduler.scheduler - INFO - Adding job tentatively -- it will be properly scheduled when the scheduler starts
2025-11-29 15:08:45,186 - apscheduler.scheduler - INFO - Added job "process_interest" to job store "default"
2025-11-29 15:08:45,186 - apscheduler.scheduler - INFO - Scheduler started
2025-11-29 15:08:45,187 - utils.background_tasks - INFO - ✅ InterestScheduler запущен
2025-11-29 15:08:45,188 - root - INFO - Фоновые задачи запущены
2025-11-29 15:08:45,188 - aiogram.dispatcher - INFO - Start polling
2025-11-29 15:08:45,189 - apscheduler.scheduler - DEBUG - Looking for jobs to run
2025-11-29 15:08:45,189 - apscheduler.scheduler - DEBUG - Next wakeup is due at 2025-11-29 16:02:00+03:00 (in 3194.810222 seconds)
2025-11-29 15:08:45,273 - aiogram.dispatcher - INFO - Run polling for bot @CtvtytestBot id=6339314152 - 'test0'
2025-11-29 15:08:56,199 - aiogram.event - INFO - Update id=301316900 is handled. Duration 275 ms by bot id=6339314152
2025-11-29 15:08:57,358 - aiogram.event - INFO - Update id=301316901 is handled. Duration 205 ms by bot id=6339314152
2025-11-29 15:08:58,681 - aiogram.event - INFO - Update id=301316902 is handled. Duration 128 ms by bot id=6339314152
2025-11-29 15:09:00,179 - aiogram.event - INFO - Update id=301316903 is handled. Duration 209 ms by bot id=6339314152
2025-11-29 15:09:01,552 - aiogram.event - INFO - Update id=301316904 is handled. Duration 108 ms by bot id=6339314152
2025-11-29 15:09:22,489 - utils.rcon - INFO - команда в майн: ('Created team [d855e09b-6d0f-4c74-b643-0ba9c065e4a9]\n', 329785010)
2025-11-29 15:09:22,589 - utils.rcon - INFO - команда в майн: ("Invalid chat component: Use JsonReader.setLenient(true) to accept malformed JSON at line 1 column 3 path $.\n... prefix {'text': 'kj', 'color': 'gold'}<--[HERE]\n", 469291741)
2025-11-29 15:09:22,690 - utils.rcon - INFO - команда в майн: ('Added Raven_P79 to team [d855e09b-6d0f-4c74-b643-0ba9c065e4a9]\n', 1701309556)
2025-11-29 15:09:22,781 - aiogram.event - INFO - Update id=301316905 is handled. Duration 396 ms by bot id=6339314152
2025-11-29 15:11:23,503 - aiogram.dispatcher - ERROR - Failed to fetch updates - TelegramNetworkError: HTTP Client says - ClientOSError: [WinError 64] Указанное сетевое имя более недоступно
2025-11-29 15:11:23,504 - aiogram.dispatcher - WARNING - Sleep for 1.000000 seconds and try again... (tryings = 0, bot id = 6339314152)
2025-11-29 15:11:36,074 - aiogram.dispatcher - INFO - Connection established (tryings = 1, bot id = 6339314152)
2025-11-29 15:13:19,718 - root - DEBUG - ✅ Переопределён метод Message.answer с retry-логикой
2025-11-29 15:13:19,718 - root - DEBUG - ✅ Переопределён метод Message.reply с retry-логикой
2025-11-29 15:13:19,718 - root - DEBUG - ✅ Переопределён метод Message.edit_text с retry-логикой
2025-11-29 15:13:19,718 - root - DEBUG - ✅ Переопределён метод Message.edit_caption с retry-логикой
2025-11-29 15:13:19,719 - root - DEBUG - ✅ Переопределён метод Message.edit_reply_markup с retry-логикой
2025-11-29 15:13:19,719 - root - DEBUG - ✅ Переопределён метод Message.delete с retry-логикой
2025-11-29 15:13:19,719 - root - DEBUG - ✅ Переопределён метод Message.forward с retry-логикой
2025-11-29 15:13:19,719 - root - DEBUG - ✅ Переопределён метод Message.copy_to с retry-логикой
2025-11-29 15:13:19,719 - root - DEBUG - ✅ Переопределён метод Message.send_copy с retry-логикой
2025-11-29 15:13:19,720 - asyncio - DEBUG - Using proactor: IocpProactor
2025-11-29 15:15:06,724 - root - DEBUG - ✅ Переопределён метод Message.answer с retry-логикой
2025-11-29 15:15:06,725 - root - DEBUG - ✅ Переопределён метод Message.reply с retry-логикой
2025-11-29 15:15:06,725 - root - DEBUG - ✅ Переопределён метод Message.edit_text с retry-логикой
2025-11-29 15:15:06,725 - root - DEBUG - ✅ Переопределён метод Message.edit_caption с retry-логикой
2025-11-29 15:15:06,725 - root - DEBUG - ✅ Переопределён метод Message.edit_reply_markup с retry-логикой
2025-11-29 15:15:06,725 - root - DEBUG - ✅ Переопределён метод Message.delete с retry-логикой
2025-11-29 15:15:06,725 - root - DEBUG - ✅ Переопределён метод Message.forward с retry-логикой
2025-11-29 15:15:06,725 - root - DEBUG - ✅ Переопределён метод Message.copy_to с retry-логикой
2025-11-29 15:15:06,725 - root - DEBUG - ✅ Переопределён метод Message.send_copy с retry-логикой
2025-11-29 15:15:06,726 - asyncio - DEBUG - Using proactor: IocpProactor
2025-11-29 15:15:35,184 - root - DEBUG - ✅ Переопределён метод Message.answer с retry-логикой
2025-11-29 15:15:35,185 - root - DEBUG - ✅ Переопределён метод Message.reply с retry-логикой
2025-11-29 15:15:35,185 - root - DEBUG - ✅ Переопределён метод Message.edit_text с retry-логикой
2025-11-29 15:15:35,185 - root - DEBUG - ✅ Переопределён метод Message.edit_caption с retry-логикой
2025-11-29 15:15:35,185 - root - DEBUG - ✅ Переопределён метод Message.edit_reply_markup с retry-логикой
2025-11-29 15:15:35,185 - root - DEBUG - ✅ Переопределён метод Message.delete с retry-логикой
2025-11-29 15:15:35,185 - root - DEBUG - ✅ Переопределён метод Message.forward с retry-логикой
2025-11-29 15:15:35,185 - root - DEBUG - ✅ Переопределён метод Message.copy_to с retry-логикой
2025-11-29 15:15:35,185 - root - DEBUG - ✅ Переопределён метод Message.send_copy с retry-логикой
2025-11-29 15:15:35,186 - asyncio - DEBUG - Using proactor: IocpProactor
2025-11-29 15:15:35,991 - root - INFO - Бот запускается...
2025-11-29 15:15:35,993 - root - INFO - Загружено 1 администраторов
2025-11-29 15:15:36,016 - apscheduler.scheduler - INFO - Adding job tentatively -- it will be properly scheduled when the scheduler starts
2025-11-29 15:15:36,020 - apscheduler.scheduler - INFO - Added job "process_interest" to job store "default"
2025-11-29 15:15:36,021 - apscheduler.scheduler - INFO - Scheduler started
2025-11-29 15:15:36,022 - utils.background_tasks - INFO - ✅ InterestScheduler запущен
2025-11-29 15:15:36,023 - root - INFO - Фоновые задачи запущены
2025-11-29 15:15:36,025 - aiogram.dispatcher - INFO - Start polling
2025-11-29 15:15:36,026 - apscheduler.scheduler - DEBUG - Looking for jobs to run
2025-11-29 15:15:36,027 - apscheduler.scheduler - DEBUG - Next wakeup is due at 2025-11-29 16:02:00+03:00 (in 2783.972826 seconds)
2025-11-29 15:15:36,100 - aiogram.dispatcher - INFO - Run polling for bot @CtvtytestBot id=6339314152 - 'test0'
2025-11-29 15:15:50,467 - aiogram.event - INFO - Update id=301316906 is handled. Duration 304 ms by bot id=6339314152
2025-11-29 15:15:54,064 - aiogram.event - INFO - Update id=301316907 is handled. Duration 125 ms by bot id=6339314152
2025-11-29 15:15:55,172 - aiogram.event - INFO - Update id=301316908 is handled. Duration 130 ms by bot id=6339314152
2025-11-29 15:15:56,360 - aiogram.event - INFO - Update id=301316909 is handled. Duration 112 ms by bot id=6339314152
2025-11-29 15:15:57,769 - aiogram.event - INFO - Update id=301316910 is handled. Duration 123 ms by bot id=6339314152
2025-11-29 15:15:59,531 - aiogram.event - INFO - Update id=301316911 is handled. Duration 109 ms by bot id=6339314152
2025-11-29 15:16:01,739 - utils.rcon - INFO - команда в майн: ('Created team [ac75ea88-700c-4916-911e-72b124b2595b]\n', 969234702)
2025-11-29 15:16:01,839 - utils.rcon - INFO - команда в майн: ('Team prefix set to шшш\n', 740905297)
2025-11-29 15:16:01,936 - utils.rcon - INFO - команда в майн: ('Added шшшRaven_P79 to team [ac75ea88-700c-4916-911e-72b124b2595b]\n', 409746399)
2025-11-29 15:16:02,028 - aiogram.event - INFO - Update id=301316912 is handled. Duration 377 ms by bot id=6339314152
2025-11-29 15:24:55,863 - root - DEBUG - ✅ Переопределён метод Message.answer с retry-логикой
2025-11-29 15:24:55,863 - root - DEBUG - ✅ Переопределён метод Message.reply с retry-логикой
2025-11-29 15:24:55,864 - root - DEBUG - ✅ Переопределён метод Message.edit_text с retry-логикой
2025-11-29 15:24:55,864 - root - DEBUG - ✅ Переопределён метод Message.edit_caption с retry-логикой
2025-11-29 15:24:55,864 - root - DEBUG - ✅ Переопределён метод Message.edit_reply_markup с retry-логикой
2025-11-29 15:24:55,864 - root - DEBUG - ✅ Переопределён метод Message.delete с retry-логикой
2025-11-29 15:24:55,864 - root - DEBUG - ✅ Переопределён метод Message.forward с retry-логикой
2025-11-29 15:24:55,864 - root - DEBUG - ✅ Переопределён метод Message.copy_to с retry-логикой
2025-11-29 15:24:55,865 - root - DEBUG - ✅ Переопределён метод Message.send_copy с retry-логикой
2025-11-29 15:24:55,866 - asyncio - DEBUG - Using proactor: IocpProactor
2025-11-29 15:24:56,648 - root - INFO - Бот запускается...
2025-11-29 15:24:56,650 - root - INFO - Загружено 1 администраторов
2025-11-29 15:24:56,674 - apscheduler.scheduler - INFO - Adding job tentatively -- it will be properly scheduled when the scheduler starts
2025-11-29 15:24:56,679 - apscheduler.scheduler - INFO - Added job "process_interest" to job store "default"
2025-11-29 15:24:56,680 - apscheduler.scheduler - INFO - Scheduler started
2025-11-29 15:24:56,681 - utils.background_tasks - INFO - ✅ InterestScheduler запущен
2025-11-29 15:24:56,682 - root - INFO - Фоновые задачи запущены
2025-11-29 15:24:56,683 - aiogram.dispatcher - INFO - Start polling
2025-11-29 15:24:56,685 - apscheduler.scheduler - DEBUG - Looking for jobs to run
2025-11-29 15:24:56,685 - apscheduler.scheduler - DEBUG - Next wakeup is due at 2025-11-29 16:02:00+03:00 (in 2223.314418 seconds)
2025-11-29 15:24:56,762 - aiogram.dispatcher - INFO - Run polling for bot @CtvtytestBot id=6339314152 - 'test0'
2025-11-29 15:29:19,120 - aiogram.event - INFO - Update id=301316913 is handled. Duration 377 ms by bot id=6339314152
2025-11-29 15:29:20,153 - aiogram.event - INFO - Update id=301316914 is handled. Duration 153 ms by bot id=6339314152
2025-11-29 15:29:21,599 - aiogram.event - INFO - Update id=301316915 is handled. Duration 104 ms by bot id=6339314152
2025-11-29 15:29:22,991 - aiogram.event - INFO - Update id=301316916 is handled. Duration 121 ms by bot id=6339314152
2025-11-29 15:29:31,187 - aiogram.event - INFO - Update id=301316917 is handled. Duration 106 ms by bot id=6339314152
2025-11-29 15:29:35,797 - utils.rcon - INFO - команда в майн: ('Created team [c8bd1d7a-1aa5-4c5b-ba7c-a5193d8268fb]\n', 536261014)
2025-11-29 15:29:35,907 - utils.rcon - INFO - команда в майн: ('Team prefix set to Ы \n', 1990062334)
2025-11-29 15:29:35,987 - utils.rcon - INFO - команда в майн: ('Added Raven_P79 to team [c8bd1d7a-1aa5-4c5b-ba7c-a5193d8268fb]\n', 995033852)
2025-11-29 15:29:36,091 - aiogram.event - INFO - Update id=301316918 is handled. Duration 407 ms by bot id=6339314152
2025-11-29 15:31:53,421 - aiogram.event - INFO - Update id=301316919 is handled. Duration 210 ms by bot id=6339314152
2025-11-29 15:31:54,551 - aiogram.event - INFO - Update id=301316920 is handled. Duration 118 ms by bot id=6339314152
2025-11-29 15:31:58,251 - aiogram.event - INFO - Update id=301316921 is handled. Duration 210 ms by bot id=6339314152
2025-11-29 15:31:59,968 - aiogram.event - INFO - Update id=301316922 is handled. Duration 330 ms by bot id=6339314152
2025-11-29 15:32:02,237 - aiogram.event - INFO - Update id=301316923 is handled. Duration 107 ms by bot id=6339314152
2025-11-29 15:34:41,618 - root - DEBUG - ✅ Переопределён метод Message.answer с retry-логикой
2025-11-29 15:34:41,619 - root - DEBUG - ✅ Переопределён метод Message.reply с retry-логикой
2025-11-29 15:34:41,619 - root - DEBUG - ✅ Переопределён метод Message.edit_text с retry-логикой
2025-11-29 15:34:41,619 - root - DEBUG - ✅ Переопределён метод Message.edit_caption с retry-логикой
2025-11-29 15:34:41,619 - root - DEBUG - ✅ Переопределён метод Message.edit_reply_markup с retry-логикой
2025-11-29 15:34:41,619 - root - DEBUG - ✅ Переопределён метод Message.delete с retry-логикой
2025-11-29 15:34:41,620 - root - DEBUG - ✅ Переопределён метод Message.forward с retry-логикой
2025-11-29 15:34:41,620 - root - DEBUG - ✅ Переопределён метод Message.copy_to с retry-логикой
2025-11-29 15:34:41,620 - root - DEBUG - ✅ Переопределён метод Message.send_copy с retry-логикой
2025-11-29 15:34:41,621 - asyncio - DEBUG - Using proactor: IocpProactor
2025-11-29 15:35:03,188 - root - DEBUG - ✅ Переопределён метод Message.answer с retry-логикой
2025-11-29 15:35:03,188 - root - DEBUG - ✅ Переопределён метод Message.reply с retry-логикой
2025-11-29 15:35:03,188 - root - DEBUG - ✅ Переопределён метод Message.edit_text с retry-логикой
2025-11-29 15:35:03,189 - root - DEBUG - ✅ Переопределён метод Message.edit_caption с retry-логикой
2025-11-29 15:35:03,189 - root - DEBUG - ✅ Переопределён метод Message.edit_reply_markup с retry-логикой
2025-11-29 15:35:03,189 - root - DEBUG - ✅ Переопределён метод Message.delete с retry-логикой
2025-11-29 15:35:03,189 - root - DEBUG - ✅ Переопределён метод Message.forward с retry-логикой
2025-11-29 15:35:03,189 - root - DEBUG - ✅ Переопределён метод Message.copy_to с retry-логикой
2025-11-29 15:35:03,189 - root - DEBUG - ✅ Переопределён метод Message.send_copy с retry-логикой
2025-11-29 15:35:03,191 - asyncio - DEBUG - Using proactor: IocpProactor
2025-11-29 15:35:04,447 - root - INFO - Бот запускается...
2025-11-29 15:35:04,449 - root - INFO - Загружено 1 администраторов
2025-11-29 15:35:04,470 - apscheduler.scheduler - INFO - Adding job tentatively -- it will be properly scheduled when the scheduler starts
2025-11-29 15:35:04,473 - apscheduler.scheduler - INFO - Added job "process_interest" to job store "default"
2025-11-29 15:35:04,474 - apscheduler.scheduler - INFO - Scheduler started
2025-11-29 15:35:04,475 - utils.background_tasks - INFO - ✅ InterestScheduler запущен
2025-11-29 15:35:04,476 - root - INFO - Фоновые задачи запущены
2025-11-29 15:35:04,477 - aiogram.dispatcher - INFO - Start polling
2025-11-29 15:35:04,477 - apscheduler.scheduler - DEBUG - Looking for jobs to run
2025-11-29 15:35:04,478 - apscheduler.scheduler - DEBUG - Next wakeup is due at 2025-11-29 16:02:00+03:00 (in 1615.521746 seconds)
2025-11-29 15:35:04,589 - aiogram.dispatcher - INFO - Run polling for bot @CtvtytestBot id=6339314152 - 'test0'
2025-11-29 15:35:09,632 - aiogram.event - INFO - Update id=301316924 is handled. Duration 306 ms by bot id=6339314152
2025-11-29 15:35:10,474 - aiogram.event - INFO - Update id=301316925 is handled. Duration 154 ms by bot id=6339314152
2025-11-29 15:35:11,851 - aiogram.event - INFO - Update id=301316926 is handled. Duration 109 ms by bot id=6339314152
2025-11-29 15:35:13,716 - aiogram.event - INFO - Update id=301316927 is handled. Duration 238 ms by bot id=6339314152
2025-11-29 15:35:16,412 - utils.rcon - INFO - команда в майн: ('Created team [9463a407-144b-406b-899e-c478ca3d629d]\n', 1427513005)
2025-11-29 15:35:16,485 - utils.rcon - INFO - команда в майн: ("Unknown color ''\n...29d color (green) <--[HERE]\n", 1529217491)
2025-11-29 15:35:16,576 - utils.rcon - INFO - команда в майн: ('Added Raven_P79 to team [9463a407-144b-406b-899e-c478ca3d629d]\n', 711372594)
2025-11-29 15:35:16,752 - aiogram.event - INFO - Update id=301316928 is handled. Duration 448 ms by bot id=6339314152
2025-11-29 15:36:50,472 - root - DEBUG - ✅ Переопределён метод Message.answer с retry-логикой
2025-11-29 15:36:50,473 - root - DEBUG - ✅ Переопределён метод Message.reply с retry-логикой
2025-11-29 15:36:50,473 - root - DEBUG - ✅ Переопределён метод Message.edit_text с retry-логикой
2025-11-29 15:36:50,473 - root - DEBUG - ✅ Переопределён метод Message.edit_caption с retry-логикой
2025-11-29 15:36:50,473 - root - DEBUG - ✅ Переопределён метод Message.edit_reply_markup с retry-логикой
2025-11-29 15:36:50,473 - root - DEBUG - ✅ Переопределён метод Message.delete с retry-логикой
2025-11-29 15:36:50,473 - root - DEBUG - ✅ Переопределён метод Message.forward с retry-логикой
2025-11-29 15:36:50,474 - root - DEBUG - ✅ Переопределён метод Message.copy_to с retry-логикой
2025-11-29 15:36:50,474 - root - DEBUG - ✅ Переопределён метод Message.send_copy с retry-логикой
2025-11-29 15:36:50,475 - asyncio - DEBUG - Using proactor: IocpProactor
2025-11-29 15:36:51,342 - root - INFO - Бот запускается...
2025-11-29 15:36:51,344 - root - INFO - Загружено 1 администраторов
2025-11-29 15:36:51,384 - apscheduler.scheduler - INFO - Adding job tentatively -- it will be properly scheduled when the scheduler starts
2025-11-29 15:36:51,392 - apscheduler.scheduler - INFO - Added job "process_interest" to job store "default"
2025-11-29 15:36:51,394 - apscheduler.scheduler - INFO - Scheduler started
2025-11-29 15:36:51,397 - utils.background_tasks - INFO - ✅ InterestScheduler запущен
2025-11-29 15:36:51,398 - root - INFO - Фоновые задачи запущены
2025-11-29 15:36:51,401 - aiogram.dispatcher - INFO - Start polling
2025-11-29 15:36:51,404 - apscheduler.scheduler - DEBUG - Looking for jobs to run
2025-11-29 15:36:51,405 - apscheduler.scheduler - DEBUG - Next wakeup is due at 2025-11-29 16:02:00+03:00 (in 1508.594781 seconds)
2025-11-29 15:36:51,485 - aiogram.dispatcher - INFO - Run polling for bot @CtvtytestBot id=6339314152 - 'test0'
2025-11-29 15:37:08,518 - aiogram.event - INFO - Update id=301316929 is handled. Duration 324 ms by bot id=6339314152
2025-11-29 15:37:09,615 - aiogram.event - INFO - Update id=301316930 is handled. Duration 129 ms by bot id=6339314152
2025-11-29 15:37:10,719 - aiogram.event - INFO - Update id=301316931 is handled. Duration 120 ms by bot id=6339314152
2025-11-29 15:37:16,032 - utils.rcon - INFO - команда в майн: ('Created team [6a045d2c-95b9-44cd-84a4-0e71e77f3c40]\n', 1489792542)
2025-11-29 15:37:16,146 - utils.rcon - INFO - команда в майн: ('Incorrect argument for command\n...color gold <--[HERE]\n', 773417521)
2025-11-29 15:37:16,263 - utils.rcon - INFO - команда в майн: ('Added Raven_P79 to team [6a045d2c-95b9-44cd-84a4-0e71e77f3c40]\n', 610087352)
2025-11-29 15:37:16,618 - aiogram.event - INFO - Update id=301316932 is handled. Duration 710 ms by bot id=6339314152
2025-11-29 15:37:46,324 - root - DEBUG - ✅ Переопределён метод Message.answer с retry-логикой
2025-11-29 15:37:46,325 - root - DEBUG - ✅ Переопределён метод Message.reply с retry-логикой
2025-11-29 15:37:46,325 - root - DEBUG - ✅ Переопределён метод Message.edit_text с retry-логикой
2025-11-29 15:37:46,325 - root - DEBUG - ✅ Переопределён метод Message.edit_caption с retry-логикой
2025-11-29 15:37:46,325 - root - DEBUG - ✅ Переопределён метод Message.edit_reply_markup с retry-логикой
2025-11-29 15:37:46,325 - root - DEBUG - ✅ Переопределён метод Message.delete с retry-логикой
2025-11-29 15:37:46,325 - root - DEBUG - ✅ Переопределён метод Message.forward с retry-логикой
2025-11-29 15:37:46,325 - root - DEBUG - ✅ Переопределён метод Message.copy_to с retry-логикой
2025-11-29 15:37:46,325 - root - DEBUG - ✅ Переопределён метод Message.send_copy с retry-логикой
2025-11-29 15:37:46,326 - asyncio - DEBUG - Using proactor: IocpProactor
2025-11-29 15:37:47,410 - root - INFO - Бот запускается...
2025-11-29 15:37:47,412 - root - INFO - Загружено 1 администраторов
2025-11-29 15:37:47,438 - apscheduler.scheduler - INFO - Adding job tentatively -- it will be properly scheduled when the scheduler starts
2025-11-29 15:37:47,442 - apscheduler.scheduler - INFO - Added job "process_interest" to job store "default"
2025-11-29 15:37:47,443 - apscheduler.scheduler - INFO - Scheduler started
2025-11-29 15:37:47,445 - utils.background_tasks - INFO - ✅ InterestScheduler запущен
2025-11-29 15:37:47,446 - root - INFO - Фоновые задачи запущены
2025-11-29 15:37:47,447 - aiogram.dispatcher - INFO - Start polling
2025-11-29 15:37:47,448 - apscheduler.scheduler - DEBUG - Looking for jobs to run
2025-11-29 15:37:47,449 - apscheduler.scheduler - DEBUG - Next wakeup is due at 2025-11-29 16:02:00+03:00 (in 1452.550871 seconds)
2025-11-29 15:37:47,527 - aiogram.dispatcher - INFO - Run polling for bot @CtvtytestBot id=6339314152 - 'test0'
2025-11-29 15:37:52,438 - aiogram.event - INFO - Update id=301316933 is handled. Duration 329 ms by bot id=6339314152
2025-11-29 15:37:56,758 - aiogram.event - INFO - Update id=301316934 is handled. Duration 125 ms by bot id=6339314152
2025-11-29 15:37:58,417 - utils.rcon - INFO - команда в майн: ('Created team [c7833f97-dcb7-41c4-99d3-aa161f1449ca]\n', 583739511)
2025-11-29 15:37:58,505 - utils.rcon - INFO - команда в майн: ('Unknown color \'\'\n...9ca color {"color": "aqua"} <--[HERE]\n', 1717399218)
2025-11-29 15:37:58,605 - utils.rcon - INFO - команда в майн: ('Added Raven_P79 to team [c7833f97-dcb7-41c4-99d3-aa161f1449ca]\n', 2605039)
2025-11-29 15:37:58,780 - aiogram.event - INFO - Update id=301316935 is handled. Duration 459 ms by bot id=6339314152
2025-11-29 15:39:23,500 - root - DEBUG - ✅ Переопределён метод Message.answer с retry-логикой
2025-11-29 15:39:23,501 - root - DEBUG - ✅ Переопределён метод Message.reply с retry-логикой
2025-11-29 15:39:23,501 - root - DEBUG - ✅ Переопределён метод Message.edit_text с retry-логикой
2025-11-29 15:39:23,501 - root - DEBUG - ✅ Переопределён метод Message.edit_caption с retry-логикой
2025-11-29 15:39:23,501 - root - DEBUG - ✅ Переопределён метод Message.edit_reply_markup с retry-логикой
2025-11-29 15:39:23,501 - root - DEBUG - ✅ Переопределён метод Message.delete с retry-логикой
2025-11-29 15:39:23,502 - root - DEBUG - ✅ Переопределён метод Message.forward с retry-логикой
2025-11-29 15:39:23,502 - root - DEBUG - ✅ Переопределён метод Message.copy_to с retry-логикой
2025-11-29 15:39:23,502 - root - DEBUG - ✅ Переопределён метод Message.send_copy с retry-логикой
2025-11-29 15:39:23,504 - asyncio - DEBUG - Using proactor: IocpProactor
2025-11-29 15:39:24,259 - root - INFO - Бот запускается...
2025-11-29 15:39:24,261 - root - INFO - Загружено 1 администраторов
2025-11-29 15:39:24,287 - apscheduler.scheduler - INFO - Adding job tentatively -- it will be properly scheduled when the scheduler starts
2025-11-29 15:39:24,291 - apscheduler.scheduler - INFO - Added job "process_interest" to job store "default"
2025-11-29 15:39:24,292 - apscheduler.scheduler - INFO - Scheduler started
2025-11-29 15:39:24,294 - utils.background_tasks - INFO - ✅ InterestScheduler запущен
2025-11-29 15:39:24,295 - root - INFO - Фоновые задачи запущены
2025-11-29 15:39:24,297 - aiogram.dispatcher - INFO - Start polling
2025-11-29 15:39:24,298 - apscheduler.scheduler - DEBUG - Looking for jobs to run
2025-11-29 15:39:24,298 - apscheduler.scheduler - DEBUG - Next wakeup is due at 2025-11-29 16:02:00+03:00 (in 1355.701076 seconds)
2025-11-29 15:39:24,373 - aiogram.dispatcher - INFO - Run polling for bot @CtvtytestBot id=6339314152 - 'test0'
2025-11-29 15:39:28,832 - aiogram.event - INFO - Update id=301316936 is handled. Duration 291 ms by bot id=6339314152
2025-11-29 15:39:29,842 - utils.rcon - INFO - команда в майн: ('Created team [9f6d5efc-7f85-45bf-9733-5ab0b820287a]\n', 486990251)
2025-11-29 15:39:29,943 - utils.rcon - INFO - команда в майн: ('Updated the color for team [9f6d5efc-7f85-45bf-9733-5ab0b820287a] to aqua\n', 1086504253)
2025-11-29 15:39:30,040 - utils.rcon - INFO - команда в майн: ('Added Raven_P79 to team [9f6d5efc-7f85-45bf-9733-5ab0b820287a]\n', 2068089295)
2025-11-29 15:39:30,353 - aiogram.event - INFO - Update id=301316937 is handled. Duration 611 ms by bot id=6339314152
2025-11-29 15:43:50,377 - aiogram.event - INFO - Update id=301316938 is handled. Duration 151 ms by bot id=6339314152
2025-11-29 15:43:50,757 - aiogram.event - INFO - Update id=301316939 is not handled. Duration 4 ms by bot id=6339314152
2025-11-29 15:43:53,380 - aiogram.event - INFO - Update id=301316940 is handled. Duration 119 ms by bot id=6339314152
2025-11-29 15:43:54,739 - aiogram.event - INFO - Update id=301316941 is handled. Duration 202 ms by bot id=6339314152
2025-11-29 15:43:58,127 - aiogram.event - INFO - Update id=301316942 is handled. Duration 111 ms by bot id=6339314152
2025-11-29 15:44:00,155 - aiogram.event - INFO - Update id=301316943 is handled. Duration 102 ms by bot id=6339314152
2025-11-29 15:44:02,501 - utils.rcon - INFO - команда в майн: ('Created team [e32f63d6-ec36-4b4f-88e9-a734b7c5aea7]\n', 343317121)
2025-11-29 15:44:02,586 - utils.rcon - INFO - команда в майн: ('Team prefix set to шш \n', 663949662)
2025-11-29 15:44:02,662 - utils.rcon - INFO - команда в майн: ('Added шш Raven_P79 to team [e32f63d6-ec36-4b4f-88e9-a734b7c5aea7]\n', 1669114448)
2025-11-29 15:44:02,759 - aiogram.event - INFO - Update id=301316944 is handled. Duration 391 ms by bot id=6339314152
2025-11-29 15:44:33,711 - aiogram.event - INFO - Update id=301316945 is handled. Duration 167 ms by bot id=6339314152
2025-11-29 15:44:35,100 - aiogram.event - INFO - Update id=301316946 is handled. Duration 130 ms by bot id=6339314152
2025-11-29 15:44:36,209 - aiogram.event - INFO - Update id=301316947 is handled. Duration 105 ms by bot id=6339314152
2025-11-29 15:44:38,347 - aiogram.event - INFO - Update id=301316948 is handled. Duration 124 ms by bot id=6339314152
2025-11-29 15:44:39,493 - utils.rcon - INFO - команда в майн: ('Created team [7ad139fd-688c-4863-a957-d96563f1be3c]\n', 1625980656)
2025-11-29 15:44:39,584 - utils.rcon - INFO - команда в майн: ('Updated the color for team [7ad139fd-688c-4863-a957-d96563f1be3c] to light_purple\n', 1351911975)
2025-11-29 15:44:40,700 - utils.rcon - INFO - команда в майн: ('Added Raven_P79 to team [7ad139fd-688c-4863-a957-d96563f1be3c]\n', 699956541)
2025-11-29 15:44:41,024 - aiogram.event - INFO - Update id=301316949 is handled. Duration 1653 ms by bot id=6339314152
2025-11-29 16:00:08,816 - root - DEBUG - ✅ Переопределён метод Message.answer с retry-логикой
2025-11-29 16:00:08,816 - root - DEBUG - ✅ Переопределён метод Message.reply с retry-логикой
2025-11-29 16:00:08,816 - root - DEBUG - ✅ Переопределён метод Message.edit_text с retry-логикой
2025-11-29 16:00:08,816 - root - DEBUG - ✅ Переопределён метод Message.edit_caption с retry-логикой
2025-11-29 16:00:08,817 - root - DEBUG - ✅ Переопределён метод Message.edit_reply_markup с retry-логикой
2025-11-29 16:00:08,817 - root - DEBUG - ✅ Переопределён метод Message.delete с retry-логикой
2025-11-29 16:00:08,817 - root - DEBUG - ✅ Переопределён метод Message.forward с retry-логикой
2025-11-29 16:00:08,817 - root - DEBUG - ✅ Переопределён метод Message.copy_to с retry-логикой
2025-11-29 16:00:08,817 - root - DEBUG - ✅ Переопределён метод Message.send_copy с retry-логикой
2025-11-29 16:00:08,818 - asyncio - DEBUG - Using proactor: IocpProactor
2025-11-29 16:00:09,560 - root - INFO - Бот запускается...
2025-11-29 16:00:09,561 - root - INFO - Загружено 1 администраторов
2025-11-29 16:00:09,569 - apscheduler.scheduler - INFO - Adding job tentatively -- it will be properly scheduled when the scheduler starts
2025-11-29 16:00:09,570 - apscheduler.scheduler - INFO - Added job "process_interest" to job store "default"
2025-11-29 16:00:09,571 - apscheduler.scheduler - INFO - Scheduler started
2025-11-29 16:00:09,571 - utils.background_tasks - INFO - ✅ InterestScheduler запущен
2025-11-29 16:00:09,572 - root - INFO - Фоновые задачи запущены
2025-11-29 16:00:09,572 - aiogram.dispatcher - INFO - Start polling
2025-11-29 16:00:09,573 - apscheduler.scheduler - DEBUG - Looking for jobs to run
2025-11-29 16:00:09,573 - apscheduler.scheduler - DEBUG - Next wakeup is due at 2025-11-29 16:02:00+03:00 (in 110.426588 seconds)
2025-11-29 16:00:09,651 - aiogram.dispatcher - INFO - Run polling for bot @CtvtytestBot id=6339314152 - 'test0'
2025-11-29 16:00:27,174 - root - DEBUG - ✅ Переопределён метод Message.answer с retry-логикой
2025-11-29 16:00:27,174 - root - DEBUG - ✅ Переопределён метод Message.reply с retry-логикой
2025-11-29 16:00:27,174 - root - DEBUG - ✅ Переопределён метод Message.edit_text с retry-логикой
2025-11-29 16:00:27,174 - root - DEBUG - ✅ Переопределён метод Message.edit_caption с retry-логикой
2025-11-29 16:00:27,174 - root - DEBUG - ✅ Переопределён метод Message.edit_reply_markup с retry-логикой
2025-11-29 16:00:27,175 - root - DEBUG - ✅ Переопределён метод Message.delete с retry-логикой
2025-11-29 16:00:27,175 - root - DEBUG - ✅ Переопределён метод Message.forward с retry-логикой
2025-11-29 16:00:27,175 - root - DEBUG - ✅ Переопределён метод Message.copy_to с retry-логикой
2025-11-29 16:00:27,175 - root - DEBUG - ✅ Переопределён метод Message.send_copy с retry-логикой
2025-11-29 16:00:27,176 - asyncio - DEBUG - Using proactor: IocpProactor
2025-11-29 16:00:27,851 - root - INFO - Бот запускается...
2025-11-29 16:00:27,853 - root - INFO - Загружено 1 администраторов
2025-11-29 16:00:27,868 - apscheduler.scheduler - INFO - Adding job tentatively -- it will be properly scheduled when the scheduler starts
2025-11-29 16:00:27,871 - apscheduler.scheduler - INFO - Added job "process_interest" to job store "default"
2025-11-29 16:00:27,872 - apscheduler.scheduler - INFO - Scheduler started
2025-11-29 16:00:27,872 - utils.background_tasks - INFO - ✅ InterestScheduler запущен
2025-11-29 16:00:27,873 - root - INFO - Фоновые задачи запущены
2025-11-29 16:00:27,874 - aiogram.dispatcher - INFO - Start polling
2025-11-29 16:00:27,875 - apscheduler.scheduler - DEBUG - Looking for jobs to run
2025-11-29 16:00:27,875 - apscheduler.scheduler - DEBUG - Next wakeup is due at 2025-11-29 16:02:00+03:00 (in 92.124621 seconds)
2025-11-29 16:00:27,939 - aiogram.dispatcher - INFO - Run polling for bot @CtvtytestBot id=6339314152 - 'test0'
2025-11-29 16:00:46,678 - root - DEBUG - ✅ Переопределён метод Message.answer с retry-логикой
2025-11-29 16:00:46,679 - root - DEBUG - ✅ Переопределён метод Message.reply с retry-логикой
2025-11-29 16:00:46,679 - root - DEBUG - ✅ Переопределён метод Message.edit_text с retry-логикой
2025-11-29 16:00:46,679 - root - DEBUG - ✅ Переопределён метод Message.edit_caption с retry-логикой
2025-11-29 16:00:46,679 - root - DEBUG - ✅ Переопределён метод Message.edit_reply_markup с retry-логикой
2025-11-29 16:00:46,679 - root - DEBUG - ✅ Переопределён метод Message.delete с retry-логикой
2025-11-29 16:00:46,680 - root - DEBUG - ✅ Переопределён метод Message.forward с retry-логикой
2025-11-29 16:00:46,680 - root - DEBUG - ✅ Переопределён метод Message.copy_to с retry-логикой
2025-11-29 16:00:46,680 - root - DEBUG - ✅ Переопределён метод Message.send_copy с retry-логикой
2025-11-29 16:00:46,681 - asyncio - DEBUG - Using proactor: IocpProactor
2025-11-29 16:00:47,408 - root - INFO - Бот запускается...
2025-11-29 16:00:47,410 - root - INFO - Загружено 1 администраторов
2025-11-29 16:00:47,443 - apscheduler.scheduler - INFO - Adding job tentatively -- it will be properly scheduled when the scheduler starts
2025-11-29 16:00:47,449 - apscheduler.scheduler - INFO - Added job "process_interest" to job store "default"
2025-11-29 16:00:47,450 - apscheduler.scheduler - INFO - Scheduler started
2025-11-29 16:00:47,452 - utils.background_tasks - INFO - ✅ InterestScheduler запущен
2025-11-29 16:00:47,453 - root - INFO - Фоновые задачи запущены
2025-11-29 16:00:47,455 - aiogram.dispatcher - INFO - Start polling
2025-11-29 16:00:47,457 - apscheduler.scheduler - DEBUG - Looking for jobs to run
2025-11-29 16:00:47,458 - apscheduler.scheduler - DEBUG - Next wakeup is due at 2025-11-29 16:02:00+03:00 (in 72.542151 seconds)
2025-11-29 16:00:47,528 - aiogram.dispatcher - INFO - Run polling for bot @CtvtytestBot id=6339314152 - 'test0'
2025-11-29 16:01:04,335 - aiogram.event - INFO - Update id=301316950 is handled. Duration 684 ms by bot id=6339314152
2025-11-29 16:01:06,006 - aiogram.event - INFO - Update id=301316951 is handled. Duration 344 ms by bot id=6339314152
2025-11-29 16:01:08,314 - utils.rcon - INFO - команда в майн: ('Created team [Raven_P79]\n', 775863747)
2025-11-29 16:01:08,385 - utils.rcon - INFO - команда в майн: ('Team prefix set to u \n', 1975956653)
2025-11-29 16:01:08,466 - utils.rcon - INFO - команда в майн: ('Added u Raven_P79 to team [Raven_P79]\n', 1937955817)
2025-11-29 16:01:08,656 - aiogram.event - INFO - Update id=301316952 is handled. Duration 427 ms by bot id=6339314152
2025-11-29 16:01:28,241 - aiogram.event - INFO - Update id=301316953 is handled. Duration 109 ms by bot id=6339314152
2025-11-29 16:01:31,325 - aiogram.event - INFO - Update id=301316954 is handled. Duration 204 ms by bot id=6339314152
2025-11-29 16:01:32,347 - aiogram.event - INFO - Update id=301316955 is handled. Duration 136 ms by bot id=6339314152
2025-11-29 16:01:35,025 - aiogram.event - INFO - Update id=301316956 is handled. Duration 133 ms by bot id=6339314152
2025-11-29 16:01:36,443 - utils.rcon - INFO - команда в майн: ('A team already exists by that name\n', 1393499576)
2025-11-29 16:01:36,522 - utils.rcon - INFO - команда в майн: ('Updated the color for team [Raven_P79] to dark_gray\n', 1749974483)
2025-11-29 16:01:36,589 - utils.rcon - INFO - команда в майн: ('Added u Raven_P79 to team [Raven_P79]\n', 1352243481)
2025-11-29 16:01:36,800 - aiogram.event - INFO - Update id=301316957 is handled. Duration 448 ms by bot id=6339314152
2025-11-29 16:02:00,011 - apscheduler.scheduler - DEBUG - Looking for jobs to run
2025-11-29 16:02:00,012 - apscheduler.scheduler - DEBUG - Next wakeup is due at 2025-11-30 16:02:00+03:00 (in 86399.987360 seconds)
2025-11-29 16:02:00,013 - apscheduler.executors.default - INFO - Running job "process_interest (trigger: cron[hour='16', minute='2'], next run at: 2025-11-30 16:02:00 MSK)" (scheduled at 2025-11-29 16:02:00+03:00)
2025-11-29 16:02:00,014 - utils.background_tasks - INFO - Начисляет проценты всем пользователям
2025-11-29 16:02:00,018 - apscheduler.executors.default - INFO - Job "process_interest (trigger: cron[hour='16', minute='2'], next run at: 2025-11-30 16:02:00 MSK)" executed successfully
2025-11-29 16:02:27,141 - aiogram.event - INFO - Update id=301316958 is handled. Duration 109 ms by bot id=6339314152
2025-11-29 16:02:52,426 - aiogram.event - INFO - Update id=301316959 is not handled. Duration 17 ms by bot id=6339314152
2025-11-29 16:06:07,728 - root - DEBUG - ✅ Переопределён метод Message.answer с retry-логикой
2025-11-29 16:06:07,728 - root - DEBUG - ✅ Переопределён метод Message.reply с retry-логикой
2025-11-29 16:06:07,729 - root - DEBUG - ✅ Переопределён метод Message.edit_text с retry-логикой
2025-11-29 16:06:07,729 - root - DEBUG - ✅ Переопределён метод Message.edit_caption с retry-логикой
2025-11-29 16:06:07,729 - root - DEBUG - ✅ Переопределён метод Message.edit_reply_markup с retry-логикой
2025-11-29 16:06:07,729 - root - DEBUG - ✅ Переопределён метод Message.delete с retry-логикой
2025-11-29 16:06:07,730 - root - DEBUG - ✅ Переопределён метод Message.forward с retry-логикой
2025-11-29 16:06:07,730 - root - DEBUG - ✅ Переопределён метод Message.copy_to с retry-логикой
2025-11-29 16:06:07,730 - root - DEBUG - ✅ Переопределён метод Message.send_copy с retry-логикой
2025-11-29 16:06:07,732 - asyncio - DEBUG - Using proactor: IocpProactor
2025-11-29 16:06:08,861 - root - INFO - Бот запускается...
2025-11-29 16:06:08,863 - root - INFO - Загружено 1 администраторов
2025-11-29 16:06:08,887 - apscheduler.scheduler - INFO - Adding job tentatively -- it will be properly scheduled when the scheduler starts
2025-11-29 16:06:08,894 - apscheduler.scheduler - INFO - Added job "process_interest" to job store "default"
2025-11-29 16:06:08,895 - apscheduler.scheduler - INFO - Scheduler started
2025-11-29 16:06:08,897 - utils.background_tasks - INFO - ✅ InterestScheduler запущен
2025-11-29 16:06:08,898 - root - INFO - Фоновые задачи запущены
2025-11-29 16:06:08,899 - aiogram.dispatcher - INFO - Start polling
2025-11-29 16:06:08,901 - apscheduler.scheduler - DEBUG - Looking for jobs to run
2025-11-29 16:06:08,901 - apscheduler.scheduler - DEBUG - Next wakeup is due at 2025-11-30 16:02:00+03:00 (in 86151.098384 seconds)
2025-11-29 16:06:08,976 - aiogram.dispatcher - INFO - Run polling for bot @CtvtytestBot id=6339314152 - 'test0'
2025-11-29 16:06:19,482 - aiogram.event - INFO - Update id=301316960 is handled. Duration 258 ms by bot id=6339314152
2025-11-29 16:06:25,097 - aiogram.event - INFO - Update id=301316961 is handled. Duration 119 ms by bot id=6339314152
2025-11-29 16:06:33,551 - aiogram.event - INFO - Update id=301316962 is not handled. Duration 15 ms by bot id=6339314152
2025-11-29 16:06:33,553 - aiogram.event - ERROR - Cause exception while process update id=301316962 by bot id=6339314152
AttributeError: 'str' object has no attribute 'action'
Traceback (most recent call last):
  File "c:\Users\ThinkPad\Desktop\тг боты\No database\бот домера\venv\Lib\site-packages\aiogram\dispatcher\dispatcher.py", line 309, in _process_update
    response = await self.feed_update(bot, update, **kwargs)
               ^^^^^^^^^^^^^^^^^^^^^^^^^^^^^^^^^^^^^^^^^^^^^
  File "c:\Users\ThinkPad\Desktop\тг боты\No database\бот домера\venv\Lib\site-packages\aiogram\dispatcher\dispatcher.py", line 158, in feed_update
    response = await self.update.wrap_outer_middleware(
               ^^^^^^^^^^^^^^^^^^^^^^^^^^^^^^^^^^^^^^^^
    ...<7 lines>...
    )
    ^
  File "c:\Users\ThinkPad\Desktop\тг боты\No database\бот домера\venv\Lib\site-packages\aiogram\dispatcher\middlewares\error.py", line 25, in __call__
    return await handler(event, data)
           ^^^^^^^^^^^^^^^^^^^^^^^^^^
  File "c:\Users\ThinkPad\Desktop\тг боты\No database\бот домера\venv\Lib\site-packages\aiogram\dispatcher\middlewares\user_context.py", line 56, in __call__
    return await handler(event, data)
           ^^^^^^^^^^^^^^^^^^^^^^^^^^
  File "c:\Users\ThinkPad\Desktop\тг боты\No database\бот домера\venv\Lib\site-packages\aiogram\fsm\middleware.py", line 42, in __call__
    return await handler(event, data)
           ^^^^^^^^^^^^^^^^^^^^^^^^^^
  File "c:\Users\ThinkPad\Desktop\тг боты\No database\бот домера\venv\Lib\site-packages\aiogram\dispatcher\event\telegram.py", line 121, in trigger
    return await wrapped_inner(event, kwargs)
           ^^^^^^^^^^^^^^^^^^^^^^^^^^^^^^^^^^
  File "c:\Users\ThinkPad\Desktop\тг боты\No database\бот домера\venv\Lib\site-packages\aiogram\dispatcher\event\handler.py", line 43, in call
    return await wrapped()
           ^^^^^^^^^^^^^^^
  File "c:\Users\ThinkPad\Desktop\тг боты\No database\бот домера\venv\Lib\site-packages\aiogram\dispatcher\dispatcher.py", line 276, in _listen_update
    return await self.propagate_event(update_type=update_type, event=event, **kwargs)
           ^^^^^^^^^^^^^^^^^^^^^^^^^^^^^^^^^^^^^^^^^^^^^^^^^^^^^^^^^^^^^^^^^^^^^^^^^^
  File "c:\Users\ThinkPad\Desktop\тг боты\No database\бот домера\venv\Lib\site-packages\aiogram\dispatcher\router.py", line 146, in propagate_event
    return await observer.wrap_outer_middleware(_wrapped, event=event, data=kwargs)
           ^^^^^^^^^^^^^^^^^^^^^^^^^^^^^^^^^^^^^^^^^^^^^^^^^^^^^^^^^^^^^^^^^^^^^^^^
  File "c:\Users\ThinkPad\Desktop\тг боты\No database\бот домера\venv\Lib\site-packages\aiogram\dispatcher\router.py", line 141, in _wrapped
    return await self._propagate_event(
           ^^^^^^^^^^^^^^^^^^^^^^^^^^^^
        observer=observer, update_type=update_type, event=telegram_event, **data
        ^^^^^^^^^^^^^^^^^^^^^^^^^^^^^^^^^^^^^^^^^^^^^^^^^^^^^^^^^^^^^^^^^^^^^^^^
    )
    ^
  File "c:\Users\ThinkPad\Desktop\тг боты\No database\бот домера\venv\Lib\site-packages\aiogram\dispatcher\router.py", line 174, in _propagate_event
    response = await router.propagate_event(update_type=update_type, event=event, **kwargs)
               ^^^^^^^^^^^^^^^^^^^^^^^^^^^^^^^^^^^^^^^^^^^^^^^^^^^^^^^^^^^^^^^^^^^^^^^^^^^^
  File "c:\Users\ThinkPad\Desktop\тг боты\No database\бот домера\venv\Lib\site-packages\aiogram\dispatcher\router.py", line 146, in propagate_event
    return await observer.wrap_outer_middleware(_wrapped, event=event, data=kwargs)
           ^^^^^^^^^^^^^^^^^^^^^^^^^^^^^^^^^^^^^^^^^^^^^^^^^^^^^^^^^^^^^^^^^^^^^^^^
  File "c:\Users\ThinkPad\Desktop\тг боты\No database\бот домера\venv\Lib\site-packages\aiogram\dispatcher\router.py", line 141, in _wrapped
    return await self._propagate_event(
           ^^^^^^^^^^^^^^^^^^^^^^^^^^^^
        observer=observer, update_type=update_type, event=telegram_event, **data
        ^^^^^^^^^^^^^^^^^^^^^^^^^^^^^^^^^^^^^^^^^^^^^^^^^^^^^^^^^^^^^^^^^^^^^^^^
    )
    ^
  File "c:\Users\ThinkPad\Desktop\тг боты\No database\бот домера\venv\Lib\site-packages\aiogram\dispatcher\router.py", line 174, in _propagate_event
    response = await router.propagate_event(update_type=update_type, event=event, **kwargs)
               ^^^^^^^^^^^^^^^^^^^^^^^^^^^^^^^^^^^^^^^^^^^^^^^^^^^^^^^^^^^^^^^^^^^^^^^^^^^^
  File "c:\Users\ThinkPad\Desktop\тг боты\No database\бот домера\venv\Lib\site-packages\aiogram\dispatcher\router.py", line 146, in propagate_event
    return await observer.wrap_outer_middleware(_wrapped, event=event, data=kwargs)
           ^^^^^^^^^^^^^^^^^^^^^^^^^^^^^^^^^^^^^^^^^^^^^^^^^^^^^^^^^^^^^^^^^^^^^^^^
  File "c:\Users\ThinkPad\Desktop\тг боты\No database\бот домера\venv\Lib\site-packages\aiogram\dispatcher\router.py", line 141, in _wrapped
    return await self._propagate_event(
           ^^^^^^^^^^^^^^^^^^^^^^^^^^^^
        observer=observer, update_type=update_type, event=telegram_event, **data
        ^^^^^^^^^^^^^^^^^^^^^^^^^^^^^^^^^^^^^^^^^^^^^^^^^^^^^^^^^^^^^^^^^^^^^^^^
    )
    ^
  File "c:\Users\ThinkPad\Desktop\тг боты\No database\бот домера\venv\Lib\site-packages\aiogram\dispatcher\router.py", line 174, in _propagate_event
    response = await router.propagate_event(update_type=update_type, event=event, **kwargs)
               ^^^^^^^^^^^^^^^^^^^^^^^^^^^^^^^^^^^^^^^^^^^^^^^^^^^^^^^^^^^^^^^^^^^^^^^^^^^^
  File "c:\Users\ThinkPad\Desktop\тг боты\No database\бот домера\venv\Lib\site-packages\aiogram\dispatcher\router.py", line 146, in propagate_event
    return await observer.wrap_outer_middleware(_wrapped, event=event, data=kwargs)
           ^^^^^^^^^^^^^^^^^^^^^^^^^^^^^^^^^^^^^^^^^^^^^^^^^^^^^^^^^^^^^^^^^^^^^^^^
  File "c:\Users\ThinkPad\Desktop\тг боты\No database\бот домера\venv\Lib\site-packages\aiogram\dispatcher\router.py", line 141, in _wrapped
    return await self._propagate_event(
           ^^^^^^^^^^^^^^^^^^^^^^^^^^^^
        observer=observer, update_type=update_type, event=telegram_event, **data
        ^^^^^^^^^^^^^^^^^^^^^^^^^^^^^^^^^^^^^^^^^^^^^^^^^^^^^^^^^^^^^^^^^^^^^^^^
    )
    ^
  File "c:\Users\ThinkPad\Desktop\тг боты\No database\бот домера\venv\Lib\site-packages\aiogram\dispatcher\router.py", line 174, in _propagate_event
    response = await router.propagate_event(update_type=update_type, event=event, **kwargs)
               ^^^^^^^^^^^^^^^^^^^^^^^^^^^^^^^^^^^^^^^^^^^^^^^^^^^^^^^^^^^^^^^^^^^^^^^^^^^^
  File "c:\Users\ThinkPad\Desktop\тг боты\No database\бот домера\venv\Lib\site-packages\aiogram\dispatcher\router.py", line 146, in propagate_event
    return await observer.wrap_outer_middleware(_wrapped, event=event, data=kwargs)
           ^^^^^^^^^^^^^^^^^^^^^^^^^^^^^^^^^^^^^^^^^^^^^^^^^^^^^^^^^^^^^^^^^^^^^^^^
  File "c:\Users\ThinkPad\Desktop\тг боты\No database\бот домера\venv\Lib\site-packages\aiogram\dispatcher\router.py", line 141, in _wrapped
    return await self._propagate_event(
           ^^^^^^^^^^^^^^^^^^^^^^^^^^^^
        observer=observer, update_type=update_type, event=telegram_event, **data
        ^^^^^^^^^^^^^^^^^^^^^^^^^^^^^^^^^^^^^^^^^^^^^^^^^^^^^^^^^^^^^^^^^^^^^^^^
    )
    ^
  File "c:\Users\ThinkPad\Desktop\тг боты\No database\бот домера\venv\Lib\site-packages\aiogram\dispatcher\router.py", line 166, in _propagate_event
    response = await observer.trigger(event, **kwargs)
               ^^^^^^^^^^^^^^^^^^^^^^^^^^^^^^^^^^^^^^^
  File "c:\Users\ThinkPad\Desktop\тг боты\No database\бот домера\venv\Lib\site-packages\aiogram\dispatcher\event\telegram.py", line 121, in trigger
    return await wrapped_inner(event, kwargs)
           ^^^^^^^^^^^^^^^^^^^^^^^^^^^^^^^^^^
  File "c:\Users\ThinkPad\Desktop\тг боты\No database\бот домера\venv\Lib\site-packages\aiogram\dispatcher\event\handler.py", line 43, in call
    return await wrapped()
           ^^^^^^^^^^^^^^^
  File "C:\Users\ThinkPad\Desktop\тг боты\No database\бот домера\бот1.1\src\handlers\shop\minecraft\inventory.py", line 200, in request_user_minecraft_username
    if callback.data.action == "change_nickname":
       ^^^^^^^^^^^^^^^^^^^^
AttributeError: 'str' object has no attribute 'action'
2025-11-29 16:08:21,261 - root - DEBUG - ✅ Переопределён метод Message.answer с retry-логикой
2025-11-29 16:08:21,261 - root - DEBUG - ✅ Переопределён метод Message.reply с retry-логикой
2025-11-29 16:08:21,261 - root - DEBUG - ✅ Переопределён метод Message.edit_text с retry-логикой
2025-11-29 16:08:21,262 - root - DEBUG - ✅ Переопределён метод Message.edit_caption с retry-логикой
2025-11-29 16:08:21,262 - root - DEBUG - ✅ Переопределён метод Message.edit_reply_markup с retry-логикой
2025-11-29 16:08:21,262 - root - DEBUG - ✅ Переопределён метод Message.delete с retry-логикой
2025-11-29 16:08:21,262 - root - DEBUG - ✅ Переопределён метод Message.forward с retry-логикой
2025-11-29 16:08:21,262 - root - DEBUG - ✅ Переопределён метод Message.copy_to с retry-логикой
2025-11-29 16:08:21,262 - root - DEBUG - ✅ Переопределён метод Message.send_copy с retry-логикой
2025-11-29 16:08:21,264 - asyncio - DEBUG - Using proactor: IocpProactor
2025-11-29 16:08:22,296 - root - INFO - Бот запускается...
2025-11-29 16:08:22,298 - root - INFO - Загружено 1 администраторов
2025-11-29 16:08:22,328 - apscheduler.scheduler - INFO - Adding job tentatively -- it will be properly scheduled when the scheduler starts
2025-11-29 16:08:22,334 - apscheduler.scheduler - INFO - Added job "process_interest" to job store "default"
2025-11-29 16:08:22,336 - apscheduler.scheduler - INFO - Scheduler started
2025-11-29 16:08:22,338 - utils.background_tasks - INFO - ✅ InterestScheduler запущен
2025-11-29 16:08:22,339 - root - INFO - Фоновые задачи запущены
2025-11-29 16:08:22,340 - aiogram.dispatcher - INFO - Start polling
2025-11-29 16:08:22,342 - apscheduler.scheduler - DEBUG - Looking for jobs to run
2025-11-29 16:08:22,342 - apscheduler.scheduler - DEBUG - Next wakeup is due at 2025-11-30 16:02:00+03:00 (in 86017.657138 seconds)
2025-11-29 16:08:22,423 - aiogram.dispatcher - INFO - Run polling for bot @CtvtytestBot id=6339314152 - 'test0'
2025-11-29 16:08:31,200 - aiogram.event - INFO - Update id=301316963 is handled. Duration 279 ms by bot id=6339314152
2025-11-29 16:08:32,241 - aiogram.event - INFO - Update id=301316964 is handled. Duration 135 ms by bot id=6339314152
2025-11-29 16:09:34,362 - aiogram.event - INFO - Update id=301316965 is not handled. Duration 9 ms by bot id=6339314152
2025-11-29 16:09:34,363 - aiogram.event - ERROR - Cause exception while process update id=301316965 by bot id=6339314152
AttributeError: 'str' object has no attribute 'get'
Traceback (most recent call last):
  File "c:\Users\ThinkPad\Desktop\тг боты\No database\бот домера\venv\Lib\site-packages\aiogram\dispatcher\dispatcher.py", line 309, in _process_update
    response = await self.feed_update(bot, update, **kwargs)
               ^^^^^^^^^^^^^^^^^^^^^^^^^^^^^^^^^^^^^^^^^^^^^
  File "c:\Users\ThinkPad\Desktop\тг боты\No database\бот домера\venv\Lib\site-packages\aiogram\dispatcher\dispatcher.py", line 158, in feed_update
    response = await self.update.wrap_outer_middleware(
               ^^^^^^^^^^^^^^^^^^^^^^^^^^^^^^^^^^^^^^^^
    ...<7 lines>...
    )
    ^
  File "c:\Users\ThinkPad\Desktop\тг боты\No database\бот домера\venv\Lib\site-packages\aiogram\dispatcher\middlewares\error.py", line 25, in __call__
    return await handler(event, data)
           ^^^^^^^^^^^^^^^^^^^^^^^^^^
  File "c:\Users\ThinkPad\Desktop\тг боты\No database\бот домера\venv\Lib\site-packages\aiogram\dispatcher\middlewares\user_context.py", line 56, in __call__
    return await handler(event, data)
           ^^^^^^^^^^^^^^^^^^^^^^^^^^
  File "c:\Users\ThinkPad\Desktop\тг боты\No database\бот домера\venv\Lib\site-packages\aiogram\fsm\middleware.py", line 42, in __call__
    return await handler(event, data)
           ^^^^^^^^^^^^^^^^^^^^^^^^^^
  File "c:\Users\ThinkPad\Desktop\тг боты\No database\бот домера\venv\Lib\site-packages\aiogram\dispatcher\event\telegram.py", line 121, in trigger
    return await wrapped_inner(event, kwargs)
           ^^^^^^^^^^^^^^^^^^^^^^^^^^^^^^^^^^
  File "c:\Users\ThinkPad\Desktop\тг боты\No database\бот домера\venv\Lib\site-packages\aiogram\dispatcher\event\handler.py", line 43, in call
    return await wrapped()
           ^^^^^^^^^^^^^^^
  File "c:\Users\ThinkPad\Desktop\тг боты\No database\бот домера\venv\Lib\site-packages\aiogram\dispatcher\dispatcher.py", line 276, in _listen_update
    return await self.propagate_event(update_type=update_type, event=event, **kwargs)
           ^^^^^^^^^^^^^^^^^^^^^^^^^^^^^^^^^^^^^^^^^^^^^^^^^^^^^^^^^^^^^^^^^^^^^^^^^^
  File "c:\Users\ThinkPad\Desktop\тг боты\No database\бот домера\venv\Lib\site-packages\aiogram\dispatcher\router.py", line 146, in propagate_event
    return await observer.wrap_outer_middleware(_wrapped, event=event, data=kwargs)
           ^^^^^^^^^^^^^^^^^^^^^^^^^^^^^^^^^^^^^^^^^^^^^^^^^^^^^^^^^^^^^^^^^^^^^^^^
  File "c:\Users\ThinkPad\Desktop\тг боты\No database\бот домера\venv\Lib\site-packages\aiogram\dispatcher\router.py", line 141, in _wrapped
    return await self._propagate_event(
           ^^^^^^^^^^^^^^^^^^^^^^^^^^^^
        observer=observer, update_type=update_type, event=telegram_event, **data
        ^^^^^^^^^^^^^^^^^^^^^^^^^^^^^^^^^^^^^^^^^^^^^^^^^^^^^^^^^^^^^^^^^^^^^^^^
    )
    ^
  File "c:\Users\ThinkPad\Desktop\тг боты\No database\бот домера\venv\Lib\site-packages\aiogram\dispatcher\router.py", line 174, in _propagate_event
    response = await router.propagate_event(update_type=update_type, event=event, **kwargs)
               ^^^^^^^^^^^^^^^^^^^^^^^^^^^^^^^^^^^^^^^^^^^^^^^^^^^^^^^^^^^^^^^^^^^^^^^^^^^^
  File "c:\Users\ThinkPad\Desktop\тг боты\No database\бот домера\venv\Lib\site-packages\aiogram\dispatcher\router.py", line 146, in propagate_event
    return await observer.wrap_outer_middleware(_wrapped, event=event, data=kwargs)
           ^^^^^^^^^^^^^^^^^^^^^^^^^^^^^^^^^^^^^^^^^^^^^^^^^^^^^^^^^^^^^^^^^^^^^^^^
  File "c:\Users\ThinkPad\Desktop\тг боты\No database\бот домера\venv\Lib\site-packages\aiogram\dispatcher\router.py", line 141, in _wrapped
    return await self._propagate_event(
           ^^^^^^^^^^^^^^^^^^^^^^^^^^^^
        observer=observer, update_type=update_type, event=telegram_event, **data
        ^^^^^^^^^^^^^^^^^^^^^^^^^^^^^^^^^^^^^^^^^^^^^^^^^^^^^^^^^^^^^^^^^^^^^^^^
    )
    ^
  File "c:\Users\ThinkPad\Desktop\тг боты\No database\бот домера\venv\Lib\site-packages\aiogram\dispatcher\router.py", line 174, in _propagate_event
    response = await router.propagate_event(update_type=update_type, event=event, **kwargs)
               ^^^^^^^^^^^^^^^^^^^^^^^^^^^^^^^^^^^^^^^^^^^^^^^^^^^^^^^^^^^^^^^^^^^^^^^^^^^^
  File "c:\Users\ThinkPad\Desktop\тг боты\No database\бот домера\venv\Lib\site-packages\aiogram\dispatcher\router.py", line 146, in propagate_event
    return await observer.wrap_outer_middleware(_wrapped, event=event, data=kwargs)
           ^^^^^^^^^^^^^^^^^^^^^^^^^^^^^^^^^^^^^^^^^^^^^^^^^^^^^^^^^^^^^^^^^^^^^^^^
  File "c:\Users\ThinkPad\Desktop\тг боты\No database\бот домера\venv\Lib\site-packages\aiogram\dispatcher\router.py", line 141, in _wrapped
    return await self._propagate_event(
           ^^^^^^^^^^^^^^^^^^^^^^^^^^^^
        observer=observer, update_type=update_type, event=telegram_event, **data
        ^^^^^^^^^^^^^^^^^^^^^^^^^^^^^^^^^^^^^^^^^^^^^^^^^^^^^^^^^^^^^^^^^^^^^^^^
    )
    ^
  File "c:\Users\ThinkPad\Desktop\тг боты\No database\бот домера\venv\Lib\site-packages\aiogram\dispatcher\router.py", line 174, in _propagate_event
    response = await router.propagate_event(update_type=update_type, event=event, **kwargs)
               ^^^^^^^^^^^^^^^^^^^^^^^^^^^^^^^^^^^^^^^^^^^^^^^^^^^^^^^^^^^^^^^^^^^^^^^^^^^^
  File "c:\Users\ThinkPad\Desktop\тг боты\No database\бот домера\venv\Lib\site-packages\aiogram\dispatcher\router.py", line 146, in propagate_event
    return await observer.wrap_outer_middleware(_wrapped, event=event, data=kwargs)
           ^^^^^^^^^^^^^^^^^^^^^^^^^^^^^^^^^^^^^^^^^^^^^^^^^^^^^^^^^^^^^^^^^^^^^^^^
  File "c:\Users\ThinkPad\Desktop\тг боты\No database\бот домера\venv\Lib\site-packages\aiogram\dispatcher\router.py", line 141, in _wrapped
    return await self._propagate_event(
           ^^^^^^^^^^^^^^^^^^^^^^^^^^^^
        observer=observer, update_type=update_type, event=telegram_event, **data
        ^^^^^^^^^^^^^^^^^^^^^^^^^^^^^^^^^^^^^^^^^^^^^^^^^^^^^^^^^^^^^^^^^^^^^^^^
    )
    ^
  File "c:\Users\ThinkPad\Desktop\тг боты\No database\бот домера\venv\Lib\site-packages\aiogram\dispatcher\router.py", line 174, in _propagate_event
    response = await router.propagate_event(update_type=update_type, event=event, **kwargs)
               ^^^^^^^^^^^^^^^^^^^^^^^^^^^^^^^^^^^^^^^^^^^^^^^^^^^^^^^^^^^^^^^^^^^^^^^^^^^^
  File "c:\Users\ThinkPad\Desktop\тг боты\No database\бот домера\venv\Lib\site-packages\aiogram\dispatcher\router.py", line 146, in propagate_event
    return await observer.wrap_outer_middleware(_wrapped, event=event, data=kwargs)
           ^^^^^^^^^^^^^^^^^^^^^^^^^^^^^^^^^^^^^^^^^^^^^^^^^^^^^^^^^^^^^^^^^^^^^^^^
  File "c:\Users\ThinkPad\Desktop\тг боты\No database\бот домера\venv\Lib\site-packages\aiogram\dispatcher\router.py", line 141, in _wrapped
    return await self._propagate_event(
           ^^^^^^^^^^^^^^^^^^^^^^^^^^^^
        observer=observer, update_type=update_type, event=telegram_event, **data
        ^^^^^^^^^^^^^^^^^^^^^^^^^^^^^^^^^^^^^^^^^^^^^^^^^^^^^^^^^^^^^^^^^^^^^^^^
    )
    ^
  File "c:\Users\ThinkPad\Desktop\тг боты\No database\бот домера\venv\Lib\site-packages\aiogram\dispatcher\router.py", line 166, in _propagate_event
    response = await observer.trigger(event, **kwargs)
               ^^^^^^^^^^^^^^^^^^^^^^^^^^^^^^^^^^^^^^^
  File "c:\Users\ThinkPad\Desktop\тг боты\No database\бот домера\venv\Lib\site-packages\aiogram\dispatcher\event\telegram.py", line 121, in trigger
    return await wrapped_inner(event, kwargs)
           ^^^^^^^^^^^^^^^^^^^^^^^^^^^^^^^^^^
  File "c:\Users\ThinkPad\Desktop\тг боты\No database\бот домера\venv\Lib\site-packages\aiogram\dispatcher\event\handler.py", line 43, in call
    return await wrapped()
           ^^^^^^^^^^^^^^^
  File "C:\Users\ThinkPad\Desktop\тг боты\No database\бот домера\бот1.1\src\handlers\shop\minecraft\inventory.py", line 200, in request_user_minecraft_username
    if callback.data.get("action") == "change_nickname":
       ^^^^^^^^^^^^^^^^^
AttributeError: 'str' object has no attribute 'get'
2025-11-29 16:10:20,726 - root - DEBUG - ✅ Переопределён метод Message.answer с retry-логикой
2025-11-29 16:10:20,727 - root - DEBUG - ✅ Переопределён метод Message.reply с retry-логикой
2025-11-29 16:10:20,727 - root - DEBUG - ✅ Переопределён метод Message.edit_text с retry-логикой
2025-11-29 16:10:20,728 - root - DEBUG - ✅ Переопределён метод Message.edit_caption с retry-логикой
2025-11-29 16:10:20,728 - root - DEBUG - ✅ Переопределён метод Message.edit_reply_markup с retry-логикой
2025-11-29 16:10:20,728 - root - DEBUG - ✅ Переопределён метод Message.delete с retry-логикой
2025-11-29 16:10:20,728 - root - DEBUG - ✅ Переопределён метод Message.forward с retry-логикой
2025-11-29 16:10:20,728 - root - DEBUG - ✅ Переопределён метод Message.copy_to с retry-логикой
2025-11-29 16:10:20,728 - root - DEBUG - ✅ Переопределён метод Message.send_copy с retry-логикой
2025-11-29 16:10:20,730 - asyncio - DEBUG - Using proactor: IocpProactor
2025-11-29 16:10:22,128 - root - INFO - Бот запускается...
2025-11-29 16:10:22,130 - root - INFO - Загружено 1 администраторов
2025-11-29 16:10:22,155 - apscheduler.scheduler - INFO - Adding job tentatively -- it will be properly scheduled when the scheduler starts
2025-11-29 16:10:22,159 - apscheduler.scheduler - INFO - Added job "process_interest" to job store "default"
2025-11-29 16:10:22,160 - apscheduler.scheduler - INFO - Scheduler started
2025-11-29 16:10:22,161 - utils.background_tasks - INFO - ✅ InterestScheduler запущен
2025-11-29 16:10:22,162 - root - INFO - Фоновые задачи запущены
2025-11-29 16:10:22,163 - aiogram.dispatcher - INFO - Start polling
2025-11-29 16:10:22,164 - apscheduler.scheduler - DEBUG - Looking for jobs to run
2025-11-29 16:10:22,165 - apscheduler.scheduler - DEBUG - Next wakeup is due at 2025-11-30 16:02:00+03:00 (in 85897.834980 seconds)
2025-11-29 16:10:22,236 - aiogram.dispatcher - INFO - Run polling for bot @CtvtytestBot id=6339314152 - 'test0'
2025-11-29 16:10:53,083 - aiogram.event - INFO - Update id=301316966 is handled. Duration 420 ms by bot id=6339314152
2025-11-29 16:10:56,102 - aiogram.event - INFO - Update id=301316967 is handled. Duration 105 ms by bot id=6339314152
2025-11-29 16:11:00,154 - aiogram.event - INFO - Update id=301316968 is handled. Duration 103 ms by bot id=6339314152
2025-11-29 16:11:01,224 - aiogram.event - INFO - Update id=301316969 is handled. Duration 112 ms by bot id=6339314152
2025-11-29 16:11:03,115 - aiogram.event - INFO - Update id=301316970 is handled. Duration 97 ms by bot id=6339314152
2025-11-29 16:12:42,261 - root - DEBUG - ✅ Переопределён метод Message.answer с retry-логикой
2025-11-29 16:12:42,261 - root - DEBUG - ✅ Переопределён метод Message.reply с retry-логикой
2025-11-29 16:12:42,262 - root - DEBUG - ✅ Переопределён метод Message.edit_text с retry-логикой
2025-11-29 16:12:42,262 - root - DEBUG - ✅ Переопределён метод Message.edit_caption с retry-логикой
2025-11-29 16:12:42,262 - root - DEBUG - ✅ Переопределён метод Message.edit_reply_markup с retry-логикой
2025-11-29 16:12:42,262 - root - DEBUG - ✅ Переопределён метод Message.delete с retry-логикой
2025-11-29 16:12:42,262 - root - DEBUG - ✅ Переопределён метод Message.forward с retry-логикой
2025-11-29 16:12:42,262 - root - DEBUG - ✅ Переопределён метод Message.copy_to с retry-логикой
2025-11-29 16:12:42,263 - root - DEBUG - ✅ Переопределён метод Message.send_copy с retry-логикой
2025-11-29 16:12:42,265 - asyncio - DEBUG - Using proactor: IocpProactor
2025-11-29 16:12:43,011 - root - INFO - Бот запускается...
2025-11-29 16:12:43,013 - root - INFO - Загружено 1 администраторов
2025-11-29 16:12:43,043 - apscheduler.scheduler - INFO - Adding job tentatively -- it will be properly scheduled when the scheduler starts
2025-11-29 16:12:43,049 - apscheduler.scheduler - INFO - Added job "process_interest" to job store "default"
2025-11-29 16:12:43,050 - apscheduler.scheduler - INFO - Scheduler started
2025-11-29 16:12:43,052 - utils.background_tasks - INFO - ✅ InterestScheduler запущен
2025-11-29 16:12:43,053 - root - INFO - Фоновые задачи запущены
2025-11-29 16:12:43,055 - aiogram.dispatcher - INFO - Start polling
2025-11-29 16:12:43,056 - apscheduler.scheduler - DEBUG - Looking for jobs to run
2025-11-29 16:12:43,057 - apscheduler.scheduler - DEBUG - Next wakeup is due at 2025-11-30 16:02:00+03:00 (in 85756.942365 seconds)
2025-11-29 16:12:43,124 - aiogram.dispatcher - INFO - Run polling for bot @CtvtytestBot id=6339314152 - 'test0'
2025-11-29 16:12:55,551 - aiogram.event - INFO - Update id=301316971 is handled. Duration 297 ms by bot id=6339314152
2025-11-29 16:12:56,988 - aiogram.event - INFO - Update id=301316972 is handled. Duration 291 ms by bot id=6339314152
2025-11-29 16:13:13,505 - aiogram.event - INFO - Update id=301316973 is handled. Duration 114 ms by bot id=6339314152
2025-11-29 16:13:16,219 - aiogram.event - INFO - Update id=301316974 is handled. Duration 110 ms by bot id=6339314152
2025-11-29 16:13:22,397 - aiogram.event - INFO - Update id=301316975 is handled. Duration 160 ms by bot id=6339314152
2025-11-29 16:13:25,155 - aiogram.event - INFO - Update id=301316976 is handled. Duration 106 ms by bot id=6339314152
2025-11-29 16:13:53,314 - aiogram.event - INFO - Update id=301316977 is handled. Duration 160 ms by bot id=6339314152
2025-11-29 16:13:56,546 - aiogram.event - INFO - Update id=301316978 is handled. Duration 133 ms by bot id=6339314152
2025-11-29 16:13:58,038 - aiogram.event - INFO - Update id=301316979 is handled. Duration 98 ms by bot id=6339314152
2025-11-29 16:14:07,188 - aiogram.event - INFO - Update id=301316980 is handled. Duration 108 ms by bot id=6339314152
2025-11-29 16:15:31,371 - root - DEBUG - ✅ Переопределён метод Message.answer с retry-логикой
2025-11-29 16:15:31,372 - root - DEBUG - ✅ Переопределён метод Message.reply с retry-логикой
2025-11-29 16:15:31,372 - root - DEBUG - ✅ Переопределён метод Message.edit_text с retry-логикой
2025-11-29 16:15:31,372 - root - DEBUG - ✅ Переопределён метод Message.edit_caption с retry-логикой
2025-11-29 16:15:31,372 - root - DEBUG - ✅ Переопределён метод Message.edit_reply_markup с retry-логикой
2025-11-29 16:15:31,373 - root - DEBUG - ✅ Переопределён метод Message.delete с retry-логикой
2025-11-29 16:15:31,373 - root - DEBUG - ✅ Переопределён метод Message.forward с retry-логикой
2025-11-29 16:15:31,373 - root - DEBUG - ✅ Переопределён метод Message.copy_to с retry-логикой
2025-11-29 16:15:31,373 - root - DEBUG - ✅ Переопределён метод Message.send_copy с retry-логикой
2025-11-29 16:15:31,376 - asyncio - DEBUG - Using proactor: IocpProactor
2025-11-29 16:15:32,121 - root - INFO - Бот запускается...
2025-11-29 16:15:32,122 - root - INFO - Загружено 1 администраторов
2025-11-29 16:15:32,137 - apscheduler.scheduler - INFO - Adding job tentatively -- it will be properly scheduled when the scheduler starts
2025-11-29 16:15:32,139 - apscheduler.scheduler - INFO - Added job "process_interest" to job store "default"
2025-11-29 16:15:32,140 - apscheduler.scheduler - INFO - Scheduler started
2025-11-29 16:15:32,141 - utils.background_tasks - INFO - ✅ InterestScheduler запущен
2025-11-29 16:15:32,142 - root - INFO - Фоновые задачи запущены
2025-11-29 16:15:32,143 - aiogram.dispatcher - INFO - Start polling
2025-11-29 16:15:32,144 - apscheduler.scheduler - DEBUG - Looking for jobs to run
2025-11-29 16:15:32,145 - apscheduler.scheduler - DEBUG - Next wakeup is due at 2025-11-30 16:02:00+03:00 (in 85587.854928 seconds)
2025-11-29 16:15:32,223 - aiogram.dispatcher - INFO - Run polling for bot @CtvtytestBot id=6339314152 - 'test0'
2025-11-29 16:15:53,563 - aiogram.event - INFO - Update id=301316981 is handled. Duration 276 ms by bot id=6339314152
2025-11-29 16:15:54,663 - aiogram.event - INFO - Update id=301316982 is handled. Duration 122 ms by bot id=6339314152
2025-11-29 16:15:59,173 - aiogram.event - INFO - Update id=301316983 is handled. Duration 137 ms by bot id=6339314152
2025-11-29 16:17:14,388 - root - DEBUG - ✅ Переопределён метод Message.answer с retry-логикой
2025-11-29 16:17:14,388 - root - DEBUG - ✅ Переопределён метод Message.reply с retry-логикой
2025-11-29 16:17:14,388 - root - DEBUG - ✅ Переопределён метод Message.edit_text с retry-логикой
2025-11-29 16:17:14,388 - root - DEBUG - ✅ Переопределён метод Message.edit_caption с retry-логикой
2025-11-29 16:17:14,389 - root - DEBUG - ✅ Переопределён метод Message.edit_reply_markup с retry-логикой
2025-11-29 16:17:14,389 - root - DEBUG - ✅ Переопределён метод Message.delete с retry-логикой
2025-11-29 16:17:14,389 - root - DEBUG - ✅ Переопределён метод Message.forward с retry-логикой
2025-11-29 16:17:14,389 - root - DEBUG - ✅ Переопределён метод Message.copy_to с retry-логикой
2025-11-29 16:17:14,389 - root - DEBUG - ✅ Переопределён метод Message.send_copy с retry-логикой
2025-11-29 16:17:14,390 - asyncio - DEBUG - Using proactor: IocpProactor
2025-11-29 16:17:15,944 - root - INFO - Бот запускается...
2025-11-29 16:17:15,946 - root - INFO - Загружено 1 администраторов
2025-11-29 16:17:15,972 - apscheduler.scheduler - INFO - Adding job tentatively -- it will be properly scheduled when the scheduler starts
2025-11-29 16:17:15,977 - apscheduler.scheduler - INFO - Added job "process_interest" to job store "default"
2025-11-29 16:17:15,979 - apscheduler.scheduler - INFO - Scheduler started
2025-11-29 16:17:15,981 - utils.background_tasks - INFO - ✅ InterestScheduler запущен
2025-11-29 16:17:15,982 - root - INFO - Фоновые задачи запущены
2025-11-29 16:17:15,983 - aiogram.dispatcher - INFO - Start polling
2025-11-29 16:17:15,985 - apscheduler.scheduler - DEBUG - Looking for jobs to run
2025-11-29 16:17:15,986 - apscheduler.scheduler - DEBUG - Next wakeup is due at 2025-11-30 16:02:00+03:00 (in 85484.013691 seconds)
2025-11-29 16:17:16,055 - aiogram.dispatcher - INFO - Run polling for bot @CtvtytestBot id=6339314152 - 'test0'
2025-11-29 16:18:43,192 - aiogram.event - INFO - Update id=301316984 is handled. Duration 302 ms by bot id=6339314152
2025-11-29 16:18:44,882 - aiogram.event - INFO - Update id=301316985 is handled. Duration 120 ms by bot id=6339314152
2025-11-29 16:18:46,052 - aiogram.event - INFO - Update id=301316986 is handled. Duration 131 ms by bot id=6339314152
2025-11-29 16:18:47,216 - aiogram.event - INFO - Update id=301316987 is handled. Duration 105 ms by bot id=6339314152
2025-11-29 16:18:52,116 - aiogram.event - INFO - Update id=301316988 is handled. Duration 130 ms by bot id=6339314152
2025-11-29 16:20:32,440 - root - DEBUG - ✅ Переопределён метод Message.answer с retry-логикой
2025-11-29 16:20:32,440 - root - DEBUG - ✅ Переопределён метод Message.reply с retry-логикой
2025-11-29 16:20:32,440 - root - DEBUG - ✅ Переопределён метод Message.edit_text с retry-логикой
2025-11-29 16:20:32,440 - root - DEBUG - ✅ Переопределён метод Message.edit_caption с retry-логикой
2025-11-29 16:20:32,440 - root - DEBUG - ✅ Переопределён метод Message.edit_reply_markup с retry-логикой
2025-11-29 16:20:32,441 - root - DEBUG - ✅ Переопределён метод Message.delete с retry-логикой
2025-11-29 16:20:32,441 - root - DEBUG - ✅ Переопределён метод Message.forward с retry-логикой
2025-11-29 16:20:32,441 - root - DEBUG - ✅ Переопределён метод Message.copy_to с retry-логикой
2025-11-29 16:20:32,441 - root - DEBUG - ✅ Переопределён метод Message.send_copy с retry-логикой
2025-11-29 16:20:32,442 - asyncio - DEBUG - Using proactor: IocpProactor
2025-11-29 16:20:33,136 - root - INFO - Бот запускается...
2025-11-29 16:20:33,137 - root - INFO - Загружено 1 администраторов
2025-11-29 16:20:33,151 - apscheduler.scheduler - INFO - Adding job tentatively -- it will be properly scheduled when the scheduler starts
2025-11-29 16:20:33,154 - apscheduler.scheduler - INFO - Added job "process_interest" to job store "default"
2025-11-29 16:20:33,155 - apscheduler.scheduler - INFO - Scheduler started
2025-11-29 16:20:33,156 - utils.background_tasks - INFO - ✅ InterestScheduler запущен
2025-11-29 16:20:33,156 - root - INFO - Фоновые задачи запущены
2025-11-29 16:20:33,157 - aiogram.dispatcher - INFO - Start polling
2025-11-29 16:20:33,158 - apscheduler.scheduler - DEBUG - Looking for jobs to run
2025-11-29 16:20:33,158 - apscheduler.scheduler - DEBUG - Next wakeup is due at 2025-11-30 16:02:00+03:00 (in 85286.841702 seconds)
2025-11-29 16:20:33,225 - aiogram.dispatcher - INFO - Run polling for bot @CtvtytestBot id=6339314152 - 'test0'
2025-11-29 16:20:47,907 - aiogram.event - INFO - Update id=301316989 is handled. Duration 262 ms by bot id=6339314152
2025-11-29 16:20:50,188 - aiogram.event - INFO - Update id=301316990 is handled. Duration 712 ms by bot id=6339314152
2025-11-29 16:20:51,583 - aiogram.event - INFO - Update id=301316991 is handled. Duration 101 ms by bot id=6339314152
2025-11-29 16:21:31,183 - root - DEBUG - ✅ Переопределён метод Message.answer с retry-логикой
2025-11-29 16:21:31,184 - root - DEBUG - ✅ Переопределён метод Message.reply с retry-логикой
2025-11-29 16:21:31,184 - root - DEBUG - ✅ Переопределён метод Message.edit_text с retry-логикой
2025-11-29 16:21:31,184 - root - DEBUG - ✅ Переопределён метод Message.edit_caption с retry-логикой
2025-11-29 16:21:31,184 - root - DEBUG - ✅ Переопределён метод Message.edit_reply_markup с retry-логикой
2025-11-29 16:21:31,184 - root - DEBUG - ✅ Переопределён метод Message.delete с retry-логикой
2025-11-29 16:21:31,184 - root - DEBUG - ✅ Переопределён метод Message.forward с retry-логикой
2025-11-29 16:21:31,184 - root - DEBUG - ✅ Переопределён метод Message.copy_to с retry-логикой
2025-11-29 16:21:31,184 - root - DEBUG - ✅ Переопределён метод Message.send_copy с retry-логикой
2025-11-29 16:21:31,185 - asyncio - DEBUG - Using proactor: IocpProactor
2025-11-29 16:21:31,989 - root - INFO - Бот запускается...
2025-11-29 16:21:31,991 - root - INFO - Загружено 1 администраторов
2025-11-29 16:21:32,014 - apscheduler.scheduler - INFO - Adding job tentatively -- it will be properly scheduled when the scheduler starts
2025-11-29 16:21:32,019 - apscheduler.scheduler - INFO - Added job "process_interest" to job store "default"
2025-11-29 16:21:32,020 - apscheduler.scheduler - INFO - Scheduler started
2025-11-29 16:21:32,022 - utils.background_tasks - INFO - ✅ InterestScheduler запущен
2025-11-29 16:21:32,023 - root - INFO - Фоновые задачи запущены
2025-11-29 16:21:32,024 - aiogram.dispatcher - INFO - Start polling
2025-11-29 16:21:32,025 - apscheduler.scheduler - DEBUG - Looking for jobs to run
2025-11-29 16:21:32,026 - apscheduler.scheduler - DEBUG - Next wakeup is due at 2025-11-30 16:02:00+03:00 (in 85227.974001 seconds)
2025-11-29 16:21:32,101 - aiogram.dispatcher - INFO - Run polling for bot @CtvtytestBot id=6339314152 - 'test0'
2025-11-29 16:21:53,313 - aiogram.event - INFO - Update id=301316992 is handled. Duration 265 ms by bot id=6339314152
2025-11-29 16:21:55,018 - aiogram.event - INFO - Update id=301316993 is handled. Duration 136 ms by bot id=6339314152
2025-11-29 16:22:02,483 - aiogram.event - INFO - Update id=301316994 is handled. Duration 105 ms by bot id=6339314152
2025-11-29 16:22:34,786 - aiogram.event - INFO - Update id=301316995 is handled. Duration 124 ms by bot id=6339314152
2025-11-29 16:22:37,786 - utils.rcon - INFO - команда в майн: ('A team already exists by that name\n', 2095001678)
2025-11-29 16:22:37,867 - utils.rcon - INFO - команда в майн: ('Updated the color for team [Raven_P79] to dark_red\n', 883383205)
2025-11-29 16:22:37,981 - utils.rcon - INFO - команда в майн: ('Added u Raven_P79 to team [Raven_P79]\n', 1057744803)
2025-11-29 16:22:38,165 - aiogram.event - INFO - Update id=301316996 is handled. Duration 469 ms by bot id=6339314152
2025-11-29 16:22:54,418 - aiogram.event - INFO - Update id=301316997 is handled. Duration 107 ms by bot id=6339314152
2025-11-29 16:22:55,683 - aiogram.event - INFO - Update id=301316998 is handled. Duration 117 ms by bot id=6339314152
2025-11-29 16:22:56,992 - aiogram.event - INFO - Update id=301316999 is handled. Duration 127 ms by bot id=6339314152
2025-11-29 16:23:06,238 - utils.rcon - INFO - команда в майн: ('A team already exists by that name\n', 1058346401)
2025-11-29 16:23:06,330 - utils.rcon - INFO - команда в майн: ('Updated the color for team [Raven_P79] to gold\n', 567408183)
2025-11-29 16:23:06,423 - utils.rcon - INFO - команда в майн: ('Added u Raven_P79 to team [Raven_P79]\n', 1928811995)
2025-11-29 16:23:06,607 - aiogram.event - INFO - Update id=301317000 is handled. Duration 503 ms by bot id=6339314152
2025-11-29 16:24:24,607 - root - DEBUG - ✅ Переопределён метод Message.answer с retry-логикой
2025-11-29 16:24:24,607 - root - DEBUG - ✅ Переопределён метод Message.reply с retry-логикой
2025-11-29 16:24:24,607 - root - DEBUG - ✅ Переопределён метод Message.edit_text с retry-логикой
2025-11-29 16:24:24,608 - root - DEBUG - ✅ Переопределён метод Message.edit_caption с retry-логикой
2025-11-29 16:24:24,608 - root - DEBUG - ✅ Переопределён метод Message.edit_reply_markup с retry-логикой
2025-11-29 16:24:24,608 - root - DEBUG - ✅ Переопределён метод Message.delete с retry-логикой
2025-11-29 16:24:24,608 - root - DEBUG - ✅ Переопределён метод Message.forward с retry-логикой
2025-11-29 16:24:24,608 - root - DEBUG - ✅ Переопределён метод Message.copy_to с retry-логикой
2025-11-29 16:24:24,608 - root - DEBUG - ✅ Переопределён метод Message.send_copy с retry-логикой
2025-11-29 16:24:24,610 - asyncio - DEBUG - Using proactor: IocpProactor
2025-11-29 16:24:25,367 - root - INFO - Бот запускается...
2025-11-29 16:24:25,369 - root - INFO - Загружено 1 администраторов
2025-11-29 16:24:25,397 - apscheduler.scheduler - INFO - Adding job tentatively -- it will be properly scheduled when the scheduler starts
2025-11-29 16:24:25,402 - apscheduler.scheduler - INFO - Added job "process_interest" to job store "default"
2025-11-29 16:24:25,403 - apscheduler.scheduler - INFO - Scheduler started
2025-11-29 16:24:25,406 - utils.background_tasks - INFO - ✅ InterestScheduler запущен
2025-11-29 16:24:25,407 - root - INFO - Фоновые задачи запущены
2025-11-29 16:24:25,409 - aiogram.dispatcher - INFO - Start polling
2025-11-29 16:24:25,410 - apscheduler.scheduler - DEBUG - Looking for jobs to run
2025-11-29 16:24:25,411 - apscheduler.scheduler - DEBUG - Next wakeup is due at 2025-11-30 16:02:00+03:00 (in 85054.588749 seconds)
2025-11-29 16:24:25,504 - aiogram.dispatcher - INFO - Run polling for bot @CtvtytestBot id=6339314152 - 'test0'
2025-11-29 16:24:27,313 - aiogram.event - INFO - Update id=301317001 is handled. Duration 265 ms by bot id=6339314152
2025-11-29 16:24:28,727 - aiogram.event - INFO - Update id=301317002 is handled. Duration 499 ms by bot id=6339314152
2025-11-29 16:24:52,197 - aiogram.event - INFO - Update id=301317003 is handled. Duration 103 ms by bot id=6339314152
2025-11-29 16:24:53,863 - aiogram.event - INFO - Update id=301317004 is handled. Duration 155 ms by bot id=6339314152
2025-11-29 16:24:54,810 - utils.rcon - INFO - команда в майн: ('A team already exists by that name\n', 1912908514)
2025-11-29 16:24:54,915 - utils.rcon - INFO - команда в майн: ('Updated the color for team [Raven_P79] to blue\n', 1349365986)
2025-11-29 16:24:55,015 - utils.rcon - INFO - команда в майн: ('Added Raven_P79 to team [Raven_P79]\n', 670224019)
2025-11-29 16:24:55,525 - aiogram.event - INFO - Update id=301317005 is handled. Duration 800 ms by bot id=6339314152
2025-11-29 16:25:03,359 - aiogram.event - INFO - Update id=301317006 is handled. Duration 194 ms by bot id=6339314152
2025-11-29 16:25:04,384 - aiogram.event - INFO - Update id=301317007 is handled. Duration 111 ms by bot id=6339314152
2025-11-29 16:25:32,915 - utils.rcon - INFO - команда в майн: ('A team already exists by that name\n', 406381310)
2025-11-29 16:25:32,986 - utils.rcon - INFO - команда в майн: ('Team prefix set to oo \n', 1237469614)
2025-11-29 16:25:33,075 - utils.rcon - INFO - команда в майн: ('Added Raven_P79 to team [Raven_P79]\n', 38818752)
2025-11-29 16:25:33,189 - aiogram.event - INFO - Update id=301317008 is handled. Duration 375 ms by bot id=6339314152
2025-11-30 10:03:29,288 - root - DEBUG - ✅ Переопределён метод Message.answer с retry-логикой
2025-11-30 10:03:29,289 - root - DEBUG - ✅ Переопределён метод Message.reply с retry-логикой
2025-11-30 10:03:29,289 - root - DEBUG - ✅ Переопределён метод Message.edit_text с retry-логикой
2025-11-30 10:03:29,290 - root - DEBUG - ✅ Переопределён метод Message.edit_caption с retry-логикой
2025-11-30 10:03:29,290 - root - DEBUG - ✅ Переопределён метод Message.edit_reply_markup с retry-логикой
2025-11-30 10:03:29,290 - root - DEBUG - ✅ Переопределён метод Message.delete с retry-логикой
2025-11-30 10:03:29,290 - root - DEBUG - ✅ Переопределён метод Message.forward с retry-логикой
2025-11-30 10:03:29,291 - root - DEBUG - ✅ Переопределён метод Message.copy_to с retry-логикой
2025-11-30 10:03:29,291 - root - DEBUG - ✅ Переопределён метод Message.send_copy с retry-логикой
2025-11-30 10:03:29,294 - asyncio - DEBUG - Using proactor: IocpProactor
2025-11-30 10:03:33,508 - root - INFO - Бот запускается...
2025-11-30 10:03:33,509 - root - INFO - Загружено 1 администраторов
2025-11-30 10:03:33,547 - apscheduler.scheduler - INFO - Adding job tentatively -- it will be properly scheduled when the scheduler starts
2025-11-30 10:03:33,548 - apscheduler.scheduler - INFO - Adding job tentatively -- it will be properly scheduled when the scheduler starts
2025-11-30 10:03:33,553 - apscheduler.scheduler - INFO - Added job "process_interest" to job store "default"
2025-11-30 10:03:33,554 - apscheduler.scheduler - INFO - Added job "reset_minecraft_season" to job store "default"
2025-11-30 10:03:33,554 - apscheduler.scheduler - INFO - Scheduler started
2025-11-30 10:03:33,555 - utils.background_tasks - INFO - ✅ InterestScheduler запущен
2025-11-30 10:03:33,556 - root - INFO - Фоновые задачи запущены
2025-11-30 10:03:33,556 - aiogram.dispatcher - INFO - Start polling
2025-11-30 10:03:33,557 - apscheduler.scheduler - DEBUG - Looking for jobs to run
2025-11-30 10:03:33,557 - apscheduler.scheduler - DEBUG - Next wakeup is due at 2025-11-30 16:02:00+03:00 (in 21506.442064 seconds)
2025-11-30 10:03:33,898 - aiogram.dispatcher - INFO - Run polling for bot @CtvtytestBot id=6339314152 - 'test0'
2025-11-30 10:06:53,380 - aiogram.event - INFO - Update id=301317009 is not handled. Duration 8 ms by bot id=6339314152
2025-11-30 10:07:03,261 - aiogram.event - INFO - Update id=301317010 is handled. Duration 1873 ms by bot id=6339314152
2025-11-30 10:07:09,460 - aiogram.event - INFO - Update id=301317011 is handled. Duration 611 ms by bot id=6339314152
2025-11-30 10:08:06,204 - aiogram.event - INFO - Update id=301317012 is handled. Duration 410 ms by bot id=6339314152
2025-11-30 10:10:05,779 - aiogram.event - INFO - Update id=301317013 is handled. Duration 381 ms by bot id=6339314152
2025-11-30 10:10:56,207 - aiogram.event - INFO - Update id=301317014 is handled. Duration 427 ms by bot id=6339314152
2025-11-30 10:11:16,353 - aiogram.event - INFO - Update id=301317015 is handled. Duration 402 ms by bot id=6339314152
2025-11-30 10:11:29,649 - aiogram.event - INFO - Update id=301317016 is handled. Duration 380 ms by bot id=6339314152
2025-11-30 10:16:00,007 - root - DEBUG - ✅ Переопределён метод Message.answer с retry-логикой
2025-11-30 10:16:00,008 - root - DEBUG - ✅ Переопределён метод Message.reply с retry-логикой
2025-11-30 10:16:00,008 - root - DEBUG - ✅ Переопределён метод Message.edit_text с retry-логикой
2025-11-30 10:16:00,009 - root - DEBUG - ✅ Переопределён метод Message.edit_caption с retry-логикой
2025-11-30 10:16:00,009 - root - DEBUG - ✅ Переопределён метод Message.edit_reply_markup с retry-логикой
2025-11-30 10:16:00,009 - root - DEBUG - ✅ Переопределён метод Message.delete с retry-логикой
2025-11-30 10:16:00,009 - root - DEBUG - ✅ Переопределён метод Message.forward с retry-логикой
2025-11-30 10:16:00,010 - root - DEBUG - ✅ Переопределён метод Message.copy_to с retry-логикой
2025-11-30 10:16:00,010 - root - DEBUG - ✅ Переопределён метод Message.send_copy с retry-логикой
2025-11-30 10:16:00,013 - asyncio - DEBUG - Using proactor: IocpProactor
2025-11-30 10:16:04,088 - root - INFO - Бот запускается...
2025-11-30 10:16:04,090 - root - INFO - Загружено 1 администраторов
2025-11-30 10:16:04,120 - apscheduler.scheduler - INFO - Adding job tentatively -- it will be properly scheduled when the scheduler starts
2025-11-30 10:16:04,122 - apscheduler.scheduler - INFO - Adding job tentatively -- it will be properly scheduled when the scheduler starts
2025-11-30 10:16:04,127 - apscheduler.scheduler - INFO - Added job "process_interest" to job store "default"
2025-11-30 10:16:04,128 - apscheduler.scheduler - INFO - Added job "reset_minecraft_season" to job store "default"
2025-11-30 10:16:04,130 - apscheduler.scheduler - INFO - Scheduler started
2025-11-30 10:16:04,131 - utils.background_tasks - INFO - ✅ InterestScheduler запущен
2025-11-30 10:16:04,132 - root - INFO - Фоновые задачи запущены
2025-11-30 10:16:04,134 - aiogram.dispatcher - INFO - Start polling
2025-11-30 10:16:04,135 - apscheduler.scheduler - DEBUG - Looking for jobs to run
2025-11-30 10:16:04,136 - apscheduler.scheduler - DEBUG - Next wakeup is due at 2025-11-30 16:02:00+03:00 (in 20755.863659 seconds)
2025-11-30 10:16:04,487 - aiogram.dispatcher - INFO - Run polling for bot @CtvtytestBot id=6339314152 - 'test0'
2025-11-30 10:16:11,301 - aiogram.event - INFO - Update id=301317017 is handled. Duration 1702 ms by bot id=6339314152
2025-11-30 10:17:08,268 - aiogram.event - INFO - Update id=301317018 is handled. Duration 362 ms by bot id=6339314152
2025-11-30 10:17:33,907 - aiogram.event - INFO - Update id=301317019 is handled. Duration 397 ms by bot id=6339314152
2025-11-30 10:17:44,777 - aiogram.event - INFO - Update id=301317020 is handled. Duration 484 ms by bot id=6339314152
2025-11-30 10:17:51,029 - aiogram.event - INFO - Update id=301317021 is handled. Duration 455 ms by bot id=6339314152
2025-11-30 10:18:33,822 - aiogram.event - INFO - Update id=301317022 is handled. Duration 612 ms by bot id=6339314152
2025-11-30 10:18:40,066 - aiogram.event - INFO - Update id=301317023 is handled. Duration 444 ms by bot id=6339314152
2025-11-30 10:18:58,653 - aiogram.event - INFO - Update id=301317024 is handled. Duration 2401 ms by bot id=6339314152
2025-11-30 10:19:06,283 - aiogram.event - INFO - Update id=301317025 is handled. Duration 2482 ms by bot id=6339314152
2025-11-30 10:19:19,274 - aiogram.event - INFO - Update id=301317026 is handled. Duration 2378 ms by bot id=6339314152
2025-11-30 10:21:25,322 - root - DEBUG - ✅ Переопределён метод Message.answer с retry-логикой
2025-11-30 10:21:25,322 - root - DEBUG - ✅ Переопределён метод Message.reply с retry-логикой
2025-11-30 10:21:25,323 - root - DEBUG - ✅ Переопределён метод Message.edit_text с retry-логикой
2025-11-30 10:21:25,323 - root - DEBUG - ✅ Переопределён метод Message.edit_caption с retry-логикой
2025-11-30 10:21:25,323 - root - DEBUG - ✅ Переопределён метод Message.edit_reply_markup с retry-логикой
2025-11-30 10:21:25,323 - root - DEBUG - ✅ Переопределён метод Message.delete с retry-логикой
2025-11-30 10:21:25,323 - root - DEBUG - ✅ Переопределён метод Message.forward с retry-логикой
2025-11-30 10:21:25,323 - root - DEBUG - ✅ Переопределён метод Message.copy_to с retry-логикой
2025-11-30 10:21:25,323 - root - DEBUG - ✅ Переопределён метод Message.send_copy с retry-логикой
2025-11-30 10:21:25,325 - asyncio - DEBUG - Using proactor: IocpProactor
2025-11-30 10:21:29,210 - root - INFO - Бот запускается...
2025-11-30 10:21:29,212 - root - INFO - Загружено 1 администраторов
2025-11-30 10:21:29,231 - apscheduler.scheduler - INFO - Adding job tentatively -- it will be properly scheduled when the scheduler starts
2025-11-30 10:21:29,233 - apscheduler.scheduler - INFO - Adding job tentatively -- it will be properly scheduled when the scheduler starts
2025-11-30 10:21:29,236 - apscheduler.scheduler - INFO - Added job "process_interest" to job store "default"
2025-11-30 10:21:29,237 - apscheduler.scheduler - INFO - Added job "reset_minecraft_season" to job store "default"
2025-11-30 10:21:29,238 - apscheduler.scheduler - INFO - Scheduler started
2025-11-30 10:21:29,240 - utils.background_tasks - INFO - ✅ InterestScheduler запущен
2025-11-30 10:21:29,240 - root - INFO - Фоновые задачи запущены
2025-11-30 10:21:29,241 - aiogram.dispatcher - INFO - Start polling
2025-11-30 10:21:29,242 - apscheduler.scheduler - DEBUG - Looking for jobs to run
2025-11-30 10:21:29,243 - apscheduler.scheduler - DEBUG - Next wakeup is due at 2025-11-30 16:02:00+03:00 (in 20430.756735 seconds)
2025-11-30 10:21:29,584 - aiogram.dispatcher - INFO - Run polling for bot @CtvtytestBot id=6339314152 - 'test0'
2025-11-30 10:21:58,301 - aiogram.event - INFO - Update id=301317027 is not handled. Duration 2027 ms by bot id=6339314152
2025-11-30 10:21:58,302 - aiogram.event - ERROR - Cause exception while process update id=301317027 by bot id=6339314152
TypeError: bad operand type for unary -: 'str'
Traceback (most recent call last):
  File "c:\Users\ThinkPad\Desktop\тг боты\No database\бот домера\venv\Lib\site-packages\aiogram\dispatcher\dispatcher.py", line 309, in _process_update
    response = await self.feed_update(bot, update, **kwargs)
               ^^^^^^^^^^^^^^^^^^^^^^^^^^^^^^^^^^^^^^^^^^^^^
  File "c:\Users\ThinkPad\Desktop\тг боты\No database\бот домера\venv\Lib\site-packages\aiogram\dispatcher\dispatcher.py", line 158, in feed_update
    response = await self.update.wrap_outer_middleware(
               ^^^^^^^^^^^^^^^^^^^^^^^^^^^^^^^^^^^^^^^^
    ...<7 lines>...
    )
    ^
  File "c:\Users\ThinkPad\Desktop\тг боты\No database\бот домера\venv\Lib\site-packages\aiogram\dispatcher\middlewares\error.py", line 25, in __call__
    return await handler(event, data)
           ^^^^^^^^^^^^^^^^^^^^^^^^^^
  File "c:\Users\ThinkPad\Desktop\тг боты\No database\бот домера\venv\Lib\site-packages\aiogram\dispatcher\middlewares\user_context.py", line 56, in __call__
    return await handler(event, data)
           ^^^^^^^^^^^^^^^^^^^^^^^^^^
  File "c:\Users\ThinkPad\Desktop\тг боты\No database\бот домера\venv\Lib\site-packages\aiogram\fsm\middleware.py", line 42, in __call__
    return await handler(event, data)
           ^^^^^^^^^^^^^^^^^^^^^^^^^^
  File "c:\Users\ThinkPad\Desktop\тг боты\No database\бот домера\venv\Lib\site-packages\aiogram\dispatcher\event\telegram.py", line 121, in trigger
    return await wrapped_inner(event, kwargs)
           ^^^^^^^^^^^^^^^^^^^^^^^^^^^^^^^^^^
  File "c:\Users\ThinkPad\Desktop\тг боты\No database\бот домера\venv\Lib\site-packages\aiogram\dispatcher\event\handler.py", line 43, in call
    return await wrapped()
           ^^^^^^^^^^^^^^^
  File "c:\Users\ThinkPad\Desktop\тг боты\No database\бот домера\venv\Lib\site-packages\aiogram\dispatcher\dispatcher.py", line 276, in _listen_update
    return await self.propagate_event(update_type=update_type, event=event, **kwargs)
           ^^^^^^^^^^^^^^^^^^^^^^^^^^^^^^^^^^^^^^^^^^^^^^^^^^^^^^^^^^^^^^^^^^^^^^^^^^
  File "c:\Users\ThinkPad\Desktop\тг боты\No database\бот домера\venv\Lib\site-packages\aiogram\dispatcher\router.py", line 146, in propagate_event
    return await observer.wrap_outer_middleware(_wrapped, event=event, data=kwargs)
           ^^^^^^^^^^^^^^^^^^^^^^^^^^^^^^^^^^^^^^^^^^^^^^^^^^^^^^^^^^^^^^^^^^^^^^^^
  File "c:\Users\ThinkPad\Desktop\тг боты\No database\бот домера\venv\Lib\site-packages\aiogram\dispatcher\router.py", line 141, in _wrapped
    return await self._propagate_event(
           ^^^^^^^^^^^^^^^^^^^^^^^^^^^^
        observer=observer, update_type=update_type, event=telegram_event, **data
        ^^^^^^^^^^^^^^^^^^^^^^^^^^^^^^^^^^^^^^^^^^^^^^^^^^^^^^^^^^^^^^^^^^^^^^^^
    )
    ^
  File "c:\Users\ThinkPad\Desktop\тг боты\No database\бот домера\venv\Lib\site-packages\aiogram\dispatcher\router.py", line 174, in _propagate_event
    response = await router.propagate_event(update_type=update_type, event=event, **kwargs)
               ^^^^^^^^^^^^^^^^^^^^^^^^^^^^^^^^^^^^^^^^^^^^^^^^^^^^^^^^^^^^^^^^^^^^^^^^^^^^
  File "c:\Users\ThinkPad\Desktop\тг боты\No database\бот домера\venv\Lib\site-packages\aiogram\dispatcher\router.py", line 146, in propagate_event
    return await observer.wrap_outer_middleware(_wrapped, event=event, data=kwargs)
           ^^^^^^^^^^^^^^^^^^^^^^^^^^^^^^^^^^^^^^^^^^^^^^^^^^^^^^^^^^^^^^^^^^^^^^^^
  File "c:\Users\ThinkPad\Desktop\тг боты\No database\бот домера\venv\Lib\site-packages\aiogram\dispatcher\router.py", line 141, in _wrapped
    return await self._propagate_event(
           ^^^^^^^^^^^^^^^^^^^^^^^^^^^^
        observer=observer, update_type=update_type, event=telegram_event, **data
        ^^^^^^^^^^^^^^^^^^^^^^^^^^^^^^^^^^^^^^^^^^^^^^^^^^^^^^^^^^^^^^^^^^^^^^^^
    )
    ^
  File "c:\Users\ThinkPad\Desktop\тг боты\No database\бот домера\venv\Lib\site-packages\aiogram\dispatcher\router.py", line 174, in _propagate_event
    response = await router.propagate_event(update_type=update_type, event=event, **kwargs)
               ^^^^^^^^^^^^^^^^^^^^^^^^^^^^^^^^^^^^^^^^^^^^^^^^^^^^^^^^^^^^^^^^^^^^^^^^^^^^
  File "c:\Users\ThinkPad\Desktop\тг боты\No database\бот домера\venv\Lib\site-packages\aiogram\dispatcher\router.py", line 146, in propagate_event
    return await observer.wrap_outer_middleware(_wrapped, event=event, data=kwargs)
           ^^^^^^^^^^^^^^^^^^^^^^^^^^^^^^^^^^^^^^^^^^^^^^^^^^^^^^^^^^^^^^^^^^^^^^^^
  File "c:\Users\ThinkPad\Desktop\тг боты\No database\бот домера\venv\Lib\site-packages\aiogram\dispatcher\router.py", line 141, in _wrapped
    return await self._propagate_event(
           ^^^^^^^^^^^^^^^^^^^^^^^^^^^^
        observer=observer, update_type=update_type, event=telegram_event, **data
        ^^^^^^^^^^^^^^^^^^^^^^^^^^^^^^^^^^^^^^^^^^^^^^^^^^^^^^^^^^^^^^^^^^^^^^^^
    )
    ^
  File "c:\Users\ThinkPad\Desktop\тг боты\No database\бот домера\venv\Lib\site-packages\aiogram\dispatcher\router.py", line 174, in _propagate_event
    response = await router.propagate_event(update_type=update_type, event=event, **kwargs)
               ^^^^^^^^^^^^^^^^^^^^^^^^^^^^^^^^^^^^^^^^^^^^^^^^^^^^^^^^^^^^^^^^^^^^^^^^^^^^
  File "c:\Users\ThinkPad\Desktop\тг боты\No database\бот домера\venv\Lib\site-packages\aiogram\dispatcher\router.py", line 146, in propagate_event
    return await observer.wrap_outer_middleware(_wrapped, event=event, data=kwargs)
           ^^^^^^^^^^^^^^^^^^^^^^^^^^^^^^^^^^^^^^^^^^^^^^^^^^^^^^^^^^^^^^^^^^^^^^^^
  File "c:\Users\ThinkPad\Desktop\тг боты\No database\бот домера\venv\Lib\site-packages\aiogram\dispatcher\router.py", line 141, in _wrapped
    return await self._propagate_event(
           ^^^^^^^^^^^^^^^^^^^^^^^^^^^^
        observer=observer, update_type=update_type, event=telegram_event, **data
        ^^^^^^^^^^^^^^^^^^^^^^^^^^^^^^^^^^^^^^^^^^^^^^^^^^^^^^^^^^^^^^^^^^^^^^^^
    )
    ^
  File "c:\Users\ThinkPad\Desktop\тг боты\No database\бот домера\venv\Lib\site-packages\aiogram\dispatcher\router.py", line 166, in _propagate_event
    response = await observer.trigger(event, **kwargs)
               ^^^^^^^^^^^^^^^^^^^^^^^^^^^^^^^^^^^^^^^
  File "c:\Users\ThinkPad\Desktop\тг боты\No database\бот домера\venv\Lib\site-packages\aiogram\dispatcher\event\telegram.py", line 121, in trigger
    return await wrapped_inner(event, kwargs)
           ^^^^^^^^^^^^^^^^^^^^^^^^^^^^^^^^^^
  File "c:\Users\ThinkPad\Desktop\тг боты\No database\бот домера\venv\Lib\site-packages\aiogram\dispatcher\event\handler.py", line 43, in call
    return await wrapped()
           ^^^^^^^^^^^^^^^
  File "C:\Users\ThinkPad\Desktop\тг боты\No database\бот домера\бот1.1\src\handlers\games\casino.py", line 227, in handle_dice
    prize_text = f"   + {format_money(win_bet)}" if win["prize"] > 0 else f"   - {-format_money(win_bet)}"
                                                                                  ^^^^^^^^^^^^^^^^^^^^^^
TypeError: bad operand type for unary -: 'str'
2025-11-30 10:22:44,058 - root - DEBUG - ✅ Переопределён метод Message.answer с retry-логикой
2025-11-30 10:22:44,059 - root - DEBUG - ✅ Переопределён метод Message.reply с retry-логикой
2025-11-30 10:22:44,059 - root - DEBUG - ✅ Переопределён метод Message.edit_text с retry-логикой
2025-11-30 10:22:44,059 - root - DEBUG - ✅ Переопределён метод Message.edit_caption с retry-логикой
2025-11-30 10:22:44,059 - root - DEBUG - ✅ Переопределён метод Message.edit_reply_markup с retry-логикой
2025-11-30 10:22:44,060 - root - DEBUG - ✅ Переопределён метод Message.delete с retry-логикой
2025-11-30 10:22:44,060 - root - DEBUG - ✅ Переопределён метод Message.forward с retry-логикой
2025-11-30 10:22:44,060 - root - DEBUG - ✅ Переопределён метод Message.copy_to с retry-логикой
2025-11-30 10:22:44,060 - root - DEBUG - ✅ Переопределён метод Message.send_copy с retry-логикой
2025-11-30 10:22:44,063 - asyncio - DEBUG - Using proactor: IocpProactor
2025-11-30 10:22:47,777 - root - INFO - Бот запускается...
2025-11-30 10:22:47,779 - root - INFO - Загружено 1 администраторов
2025-11-30 10:22:47,817 - apscheduler.scheduler - INFO - Adding job tentatively -- it will be properly scheduled when the scheduler starts
2025-11-30 10:22:47,820 - apscheduler.scheduler - INFO - Adding job tentatively -- it will be properly scheduled when the scheduler starts
2025-11-30 10:22:47,824 - apscheduler.scheduler - INFO - Added job "process_interest" to job store "default"
2025-11-30 10:22:47,826 - apscheduler.scheduler - INFO - Added job "reset_minecraft_season" to job store "default"
2025-11-30 10:22:47,827 - apscheduler.scheduler - INFO - Scheduler started
2025-11-30 10:22:47,829 - utils.background_tasks - INFO - ✅ InterestScheduler запущен
2025-11-30 10:22:47,830 - root - INFO - Фоновые задачи запущены
2025-11-30 10:22:47,831 - aiogram.dispatcher - INFO - Start polling
2025-11-30 10:22:47,833 - apscheduler.scheduler - DEBUG - Looking for jobs to run
2025-11-30 10:22:47,834 - apscheduler.scheduler - DEBUG - Next wakeup is due at 2025-11-30 16:02:00+03:00 (in 20352.166054 seconds)
2025-11-30 10:22:48,190 - aiogram.dispatcher - INFO - Run polling for bot @CtvtytestBot id=6339314152 - 'test0'
2025-11-30 10:23:17,187 - aiogram.event - INFO - Update id=301317028 is handled. Duration 4013 ms by bot id=6339314152
2025-11-30 10:23:29,863 - aiogram.event - INFO - Update id=301317029 is handled. Duration 2456 ms by bot id=6339314152
2025-11-30 10:23:56,638 - aiogram.event - INFO - Update id=301317030 is handled. Duration 2402 ms by bot id=6339314152
2025-11-30 10:24:02,384 - aiogram.event - INFO - Update id=301317031 is handled. Duration 2413 ms by bot id=6339314152
2025-11-30 10:24:07,139 - aiogram.event - INFO - Update id=301317032 is handled. Duration 2890 ms by bot id=6339314152
2025-11-30 10:24:11,702 - aiogram.event - INFO - Update id=301317033 is handled. Duration 2412 ms by bot id=6339314152
2025-11-30 10:24:30,826 - root - DEBUG - ✅ Переопределён метод Message.answer с retry-логикой
2025-11-30 10:24:30,826 - root - DEBUG - ✅ Переопределён метод Message.reply с retry-логикой
2025-11-30 10:24:30,826 - root - DEBUG - ✅ Переопределён метод Message.edit_text с retry-логикой
2025-11-30 10:24:30,826 - root - DEBUG - ✅ Переопределён метод Message.edit_caption с retry-логикой
2025-11-30 10:24:30,827 - root - DEBUG - ✅ Переопределён метод Message.edit_reply_markup с retry-логикой
2025-11-30 10:24:30,827 - root - DEBUG - ✅ Переопределён метод Message.delete с retry-логикой
2025-11-30 10:24:30,827 - root - DEBUG - ✅ Переопределён метод Message.forward с retry-логикой
2025-11-30 10:24:30,827 - root - DEBUG - ✅ Переопределён метод Message.copy_to с retry-логикой
2025-11-30 10:24:30,827 - root - DEBUG - ✅ Переопределён метод Message.send_copy с retry-логикой
2025-11-30 10:24:30,829 - asyncio - DEBUG - Using proactor: IocpProactor
2025-11-30 10:24:35,193 - root - INFO - Бот запускается...
2025-11-30 10:24:35,195 - root - INFO - Загружено 1 администраторов
2025-11-30 10:24:35,221 - apscheduler.scheduler - INFO - Adding job tentatively -- it will be properly scheduled when the scheduler starts
2025-11-30 10:24:35,223 - apscheduler.scheduler - INFO - Adding job tentatively -- it will be properly scheduled when the scheduler starts
2025-11-30 10:24:35,227 - apscheduler.scheduler - INFO - Added job "process_interest" to job store "default"
2025-11-30 10:24:35,228 - apscheduler.scheduler - INFO - Added job "reset_minecraft_season" to job store "default"
2025-11-30 10:24:35,229 - apscheduler.scheduler - INFO - Scheduler started
2025-11-30 10:24:35,231 - utils.background_tasks - INFO - ✅ InterestScheduler запущен
2025-11-30 10:24:35,232 - root - INFO - Фоновые задачи запущены
2025-11-30 10:24:35,234 - aiogram.dispatcher - INFO - Start polling
2025-11-30 10:24:35,235 - apscheduler.scheduler - DEBUG - Looking for jobs to run
2025-11-30 10:24:35,236 - apscheduler.scheduler - DEBUG - Next wakeup is due at 2025-11-30 16:02:00+03:00 (in 20244.763898 seconds)
2025-11-30 10:24:35,574 - aiogram.dispatcher - INFO - Run polling for bot @CtvtytestBot id=6339314152 - 'test0'
2025-11-30 10:25:05,214 - aiogram.event - INFO - Update id=301317034 is handled. Duration 4830 ms by bot id=6339314152
2025-11-30 10:25:11,066 - aiogram.event - INFO - Update id=301317035 is handled. Duration 2767 ms by bot id=6339314152
2025-11-30 10:25:32,312 - aiogram.event - INFO - Update id=301317036 is handled. Duration 2997 ms by bot id=6339314152
2025-11-30 10:25:37,659 - aiogram.event - INFO - Update id=301317037 is handled. Duration 2874 ms by bot id=6339314152
2025-11-30 10:25:49,960 - root - DEBUG - ✅ Переопределён метод Message.answer с retry-логикой
2025-11-30 10:25:49,961 - root - DEBUG - ✅ Переопределён метод Message.reply с retry-логикой
2025-11-30 10:25:49,961 - root - DEBUG - ✅ Переопределён метод Message.edit_text с retry-логикой
2025-11-30 10:25:49,961 - root - DEBUG - ✅ Переопределён метод Message.edit_caption с retry-логикой
2025-11-30 10:25:49,961 - root - DEBUG - ✅ Переопределён метод Message.edit_reply_markup с retry-логикой
2025-11-30 10:25:49,961 - root - DEBUG - ✅ Переопределён метод Message.delete с retry-логикой
2025-11-30 10:25:49,962 - root - DEBUG - ✅ Переопределён метод Message.forward с retry-логикой
2025-11-30 10:25:49,962 - root - DEBUG - ✅ Переопределён метод Message.copy_to с retry-логикой
2025-11-30 10:25:49,962 - root - DEBUG - ✅ Переопределён метод Message.send_copy с retry-логикой
2025-11-30 10:25:49,963 - asyncio - DEBUG - Using proactor: IocpProactor
2025-11-30 10:25:54,081 - root - INFO - Бот запускается...
2025-11-30 10:25:54,083 - root - INFO - Загружено 1 администраторов
2025-11-30 10:25:54,115 - apscheduler.scheduler - INFO - Adding job tentatively -- it will be properly scheduled when the scheduler starts
2025-11-30 10:25:54,118 - apscheduler.scheduler - INFO - Adding job tentatively -- it will be properly scheduled when the scheduler starts
2025-11-30 10:25:54,124 - apscheduler.scheduler - INFO - Added job "process_interest" to job store "default"
2025-11-30 10:25:54,125 - apscheduler.scheduler - INFO - Added job "reset_minecraft_season" to job store "default"
2025-11-30 10:25:54,127 - apscheduler.scheduler - INFO - Scheduler started
2025-11-30 10:25:54,129 - utils.background_tasks - INFO - ✅ InterestScheduler запущен
2025-11-30 10:25:54,130 - root - INFO - Фоновые задачи запущены
2025-11-30 10:25:54,131 - aiogram.dispatcher - INFO - Start polling
2025-11-30 10:25:54,133 - apscheduler.scheduler - DEBUG - Looking for jobs to run
2025-11-30 10:25:54,134 - apscheduler.scheduler - DEBUG - Next wakeup is due at 2025-11-30 16:02:00+03:00 (in 20165.865797 seconds)
2025-11-30 10:25:54,559 - aiogram.dispatcher - INFO - Run polling for bot @CtvtytestBot id=6339314152 - 'test0'
2025-11-30 10:26:02,356 - aiogram.event - INFO - Update id=301317038 is handled. Duration 3958 ms by bot id=6339314152
2025-11-30 10:26:02,673 - aiogram.event - INFO - Update id=301317039 is handled. Duration 3609 ms by bot id=6339314152
2025-11-30 10:26:03,252 - aiogram.event - INFO - Update id=301317040 is handled. Duration 3775 ms by bot id=6339314152
2025-11-30 10:26:03,376 - aiogram.event - INFO - Update id=301317041 is handled. Duration 3560 ms by bot id=6339314152
2025-11-30 10:26:08,238 - aiogram.event - INFO - Update id=301317042 is handled. Duration 2477 ms by bot id=6339314152
2025-11-30 10:26:12,963 - aiogram.event - INFO - Update id=301317043 is handled. Duration 2475 ms by bot id=6339314152
2025-11-30 10:26:18,848 - aiogram.event - INFO - Update id=301317044 is handled. Duration 2581 ms by bot id=6339314152
2025-11-30 10:26:24,663 - aiogram.event - INFO - Update id=301317045 is handled. Duration 2660 ms by bot id=6339314152
2025-11-30 10:26:41,026 - aiogram.event - INFO - Update id=301317046 is handled. Duration 387 ms by bot id=6339314152
2025-11-30 11:02:57,452 - root - DEBUG - ✅ Переопределён метод Message.answer с retry-логикой
2025-11-30 11:02:57,453 - root - DEBUG - ✅ Переопределён метод Message.reply с retry-логикой
2025-11-30 11:02:57,453 - root - DEBUG - ✅ Переопределён метод Message.edit_text с retry-логикой
2025-11-30 11:02:57,453 - root - DEBUG - ✅ Переопределён метод Message.edit_caption с retry-логикой
2025-11-30 11:02:57,453 - root - DEBUG - ✅ Переопределён метод Message.edit_reply_markup с retry-логикой
2025-11-30 11:02:57,453 - root - DEBUG - ✅ Переопределён метод Message.delete с retry-логикой
2025-11-30 11:02:57,453 - root - DEBUG - ✅ Переопределён метод Message.forward с retry-логикой
2025-11-30 11:02:57,453 - root - DEBUG - ✅ Переопределён метод Message.copy_to с retry-логикой
2025-11-30 11:02:57,453 - root - DEBUG - ✅ Переопределён метод Message.send_copy с retry-логикой
2025-11-30 11:02:57,454 - asyncio - DEBUG - Using proactor: IocpProactor
2025-11-30 11:03:01,637 - root - INFO - Бот запускается...
2025-11-30 11:03:01,638 - root - INFO - Загружено 1 администраторов
2025-11-30 11:03:01,649 - apscheduler.scheduler - INFO - Adding job tentatively -- it will be properly scheduled when the scheduler starts
2025-11-30 11:03:01,650 - apscheduler.scheduler - INFO - Adding job tentatively -- it will be properly scheduled when the scheduler starts
2025-11-30 11:04:12,925 - root - DEBUG - ✅ Переопределён метод Message.answer с retry-логикой
2025-11-30 11:04:12,925 - root - DEBUG - ✅ Переопределён метод Message.reply с retry-логикой
2025-11-30 11:04:12,926 - root - DEBUG - ✅ Переопределён метод Message.edit_text с retry-логикой
2025-11-30 11:04:12,926 - root - DEBUG - ✅ Переопределён метод Message.edit_caption с retry-логикой
2025-11-30 11:04:12,926 - root - DEBUG - ✅ Переопределён метод Message.edit_reply_markup с retry-логикой
2025-11-30 11:04:12,926 - root - DEBUG - ✅ Переопределён метод Message.delete с retry-логикой
2025-11-30 11:04:12,926 - root - DEBUG - ✅ Переопределён метод Message.forward с retry-логикой
2025-11-30 11:04:12,926 - root - DEBUG - ✅ Переопределён метод Message.copy_to с retry-логикой
2025-11-30 11:04:12,926 - root - DEBUG - ✅ Переопределён метод Message.send_copy с retry-логикой
2025-11-30 11:04:12,927 - asyncio - DEBUG - Using proactor: IocpProactor
2025-11-30 11:04:16,637 - root - INFO - Бот запускается...
2025-11-30 11:04:16,638 - root - INFO - Загружено 1 администраторов
2025-11-30 11:04:16,647 - apscheduler.scheduler - INFO - Adding job tentatively -- it will be properly scheduled when the scheduler starts
2025-11-30 11:04:16,647 - apscheduler.scheduler - INFO - Adding job tentatively -- it will be properly scheduled when the scheduler starts
2025-11-30 11:04:49,174 - root - DEBUG - ✅ Переопределён метод Message.answer с retry-логикой
2025-11-30 11:04:49,174 - root - DEBUG - ✅ Переопределён метод Message.reply с retry-логикой
2025-11-30 11:04:49,174 - root - DEBUG - ✅ Переопределён метод Message.edit_text с retry-логикой
2025-11-30 11:04:49,175 - root - DEBUG - ✅ Переопределён метод Message.edit_caption с retry-логикой
2025-11-30 11:04:49,175 - root - DEBUG - ✅ Переопределён метод Message.edit_reply_markup с retry-логикой
2025-11-30 11:04:49,175 - root - DEBUG - ✅ Переопределён метод Message.delete с retry-логикой
2025-11-30 11:04:49,175 - root - DEBUG - ✅ Переопределён метод Message.forward с retry-логикой
2025-11-30 11:04:49,175 - root - DEBUG - ✅ Переопределён метод Message.copy_to с retry-логикой
2025-11-30 11:04:49,175 - root - DEBUG - ✅ Переопределён метод Message.send_copy с retry-логикой
2025-11-30 11:04:49,177 - asyncio - DEBUG - Using proactor: IocpProactor
2025-11-30 11:04:52,678 - root - INFO - Бот запускается...
2025-11-30 11:04:52,680 - root - INFO - Загружено 1 администраторов
2025-11-30 11:04:52,707 - apscheduler.scheduler - INFO - Adding job tentatively -- it will be properly scheduled when the scheduler starts
2025-11-30 11:04:52,709 - apscheduler.scheduler - INFO - Adding job tentatively -- it will be properly scheduled when the scheduler starts
2025-11-30 11:04:52,710 - apscheduler.scheduler - INFO - Adding job tentatively -- it will be properly scheduled when the scheduler starts
2025-11-30 11:04:52,714 - apscheduler.scheduler - INFO - Added job "process_interest" to job store "default"
2025-11-30 11:04:52,715 - apscheduler.scheduler - INFO - Added job "reset_minecraft_season" to job store "default"
2025-11-30 11:04:52,716 - apscheduler.scheduler - INFO - Added job "send_monthly_reset_notification" to job store "default"
2025-11-30 11:04:52,716 - apscheduler.scheduler - INFO - Scheduler started
2025-11-30 11:04:52,717 - utils.background_tasks - INFO - ✅ InterestScheduler запущен
2025-11-30 11:04:52,718 - root - INFO - Фоновые задачи запущены
2025-11-30 11:04:52,719 - aiogram.dispatcher - INFO - Start polling
2025-11-30 11:04:52,719 - apscheduler.scheduler - DEBUG - Looking for jobs to run
2025-11-30 11:04:52,720 - apscheduler.scheduler - DEBUG - Next wakeup is due at 2025-11-30 12:00:00+03:00 (in 3307.279983 seconds)
2025-11-30 11:04:53,055 - aiogram.dispatcher - INFO - Run polling for bot @CtvtytestBot id=6339314152 - 'test0'
2025-11-30 11:05:05,402 - aiogram.event - INFO - Update id=301317047 is handled. Duration 1442 ms by bot id=6339314152
2025-11-30 11:05:18,378 - aiogram.event - INFO - Update id=301317048 is handled. Duration 713 ms by bot id=6339314152
2025-11-30 11:05:25,450 - aiogram.event - INFO - Update id=301317049 is not handled. Duration 5 ms by bot id=6339314152
2025-11-30 11:05:32,131 - aiogram.event - INFO - Update id=301317050 is not handled. Duration 8 ms by bot id=6339314152
2025-11-30 11:05:40,189 - aiogram.event - INFO - Update id=301317051 is handled. Duration 386 ms by bot id=6339314152
2025-11-30 11:06:56,991 - aiogram.event - INFO - Update id=301317052 is handled. Duration 425 ms by bot id=6339314152
2025-11-30 11:06:58,887 - aiogram.event - INFO - Update id=301317053 is handled. Duration 661 ms by bot id=6339314152
2025-11-30 11:07:00,710 - aiogram.event - INFO - Update id=301317054 is handled. Duration 378 ms by bot id=6339314152
2025-11-30 11:07:04,208 - aiogram.event - INFO - Update id=301317055 is handled. Duration 611 ms by bot id=6339314152
2025-11-30 11:07:06,020 - aiogram.event - INFO - Update id=301317056 is handled. Duration 644 ms by bot id=6339314152
2025-11-30 11:07:08,544 - aiogram.event - INFO - Update id=301317057 is handled. Duration 391 ms by bot id=6339314152
2025-11-30 11:07:10,814 - aiogram.event - INFO - Update id=301317058 is handled. Duration 614 ms by bot id=6339314152
2025-11-30 11:07:15,483 - aiogram.event - INFO - Update id=301317059 is handled. Duration 363 ms by bot id=6339314152
2025-11-30 11:07:17,576 - aiogram.event - INFO - Update id=301317060 is handled. Duration 617 ms by bot id=6339314152
2025-11-30 11:07:19,417 - aiogram.event - INFO - Update id=301317061 is handled. Duration 423 ms by bot id=6339314152
2025-11-30 11:07:21,338 - aiogram.event - INFO - Update id=301317062 is handled. Duration 625 ms by bot id=6339314152
2025-11-30 11:08:26,424 - aiogram.event - INFO - Update id=301317063 is handled. Duration 429 ms by bot id=6339314152
2025-11-30 11:08:28,343 - aiogram.event - INFO - Update id=301317064 is handled. Duration 625 ms by bot id=6339314152
2025-11-30 11:08:32,900 - aiogram.event - INFO - Update id=301317065 is handled. Duration 396 ms by bot id=6339314152
2025-11-30 11:08:51,547 - aiogram.event - INFO - Update id=301317066 is handled. Duration 614 ms by bot id=6339314152
2025-11-30 11:09:01,308 - aiogram.event - INFO - Update id=301317067 is handled. Duration 412 ms by bot id=6339314152
2025-11-30 11:09:08,045 - aiogram.event - INFO - Update id=301317068 is handled. Duration 353 ms by bot id=6339314152
2025-11-30 11:09:14,579 - aiogram.event - INFO - Update id=301317069 is handled. Duration 368 ms by bot id=6339314152
2025-11-30 11:09:27,526 - aiogram.event - INFO - Update id=301317070 is handled. Duration 436 ms by bot id=6339314152
2025-11-30 11:10:14,010 - aiogram.event - INFO - Update id=301317071 is handled. Duration 445 ms by bot id=6339314152
2025-11-30 11:10:19,610 - aiogram.event - INFO - Update id=301317072 is handled. Duration 374 ms by bot id=6339314152
2025-11-30 11:10:30,372 - aiogram.event - INFO - Update id=301317073 is handled. Duration 450 ms by bot id=6339314152
2025-11-30 11:10:57,531 - aiogram.event - INFO - Update id=301317074 is handled. Duration 403 ms by bot id=6339314152
2025-11-30 11:11:11,741 - aiogram.event - INFO - Update id=301317075 is handled. Duration 368 ms by bot id=6339314152
2025-11-30 11:11:23,359 - aiogram.event - INFO - Update id=301317076 is handled. Duration 372 ms by bot id=6339314152
2025-11-30 11:12:19,963 - aiogram.event - INFO - Update id=301317077 is handled. Duration 409 ms by bot id=6339314152
2025-11-30 11:12:22,728 - aiogram.event - INFO - Update id=301317078 is handled. Duration 406 ms by bot id=6339314152
2025-11-30 11:13:49,296 - root - DEBUG - ✅ Переопределён метод Message.answer с retry-логикой
2025-11-30 11:13:49,296 - root - DEBUG - ✅ Переопределён метод Message.reply с retry-логикой
2025-11-30 11:13:49,296 - root - DEBUG - ✅ Переопределён метод Message.edit_text с retry-логикой
2025-11-30 11:13:49,297 - root - DEBUG - ✅ Переопределён метод Message.edit_caption с retry-логикой
2025-11-30 11:13:49,297 - root - DEBUG - ✅ Переопределён метод Message.edit_reply_markup с retry-логикой
2025-11-30 11:13:49,297 - root - DEBUG - ✅ Переопределён метод Message.delete с retry-логикой
2025-11-30 11:13:49,297 - root - DEBUG - ✅ Переопределён метод Message.forward с retry-логикой
2025-11-30 11:13:49,298 - root - DEBUG - ✅ Переопределён метод Message.copy_to с retry-логикой
2025-11-30 11:13:49,298 - root - DEBUG - ✅ Переопределён метод Message.send_copy с retry-логикой
2025-11-30 11:13:49,300 - asyncio - DEBUG - Using proactor: IocpProactor
2025-11-30 11:13:53,218 - root - INFO - Бот запускается...
2025-11-30 11:13:53,220 - root - INFO - Загружено 1 администраторов
2025-11-30 11:13:53,243 - apscheduler.scheduler - INFO - Adding job tentatively -- it will be properly scheduled when the scheduler starts
2025-11-30 11:13:53,245 - apscheduler.scheduler - INFO - Adding job tentatively -- it will be properly scheduled when the scheduler starts
2025-11-30 11:13:53,247 - apscheduler.scheduler - INFO - Adding job tentatively -- it will be properly scheduled when the scheduler starts
2025-11-30 11:13:53,252 - apscheduler.scheduler - INFO - Added job "process_interest" to job store "default"
2025-11-30 11:13:53,253 - apscheduler.scheduler - INFO - Added job "reset_minecraft_season" to job store "default"
2025-11-30 11:13:53,255 - apscheduler.scheduler - INFO - Added job "send_monthly_reset_notification" to job store "default"
2025-11-30 11:13:53,256 - apscheduler.scheduler - INFO - Scheduler started
2025-11-30 11:13:53,258 - utils.background_tasks - INFO - ✅ InterestScheduler запущен
2025-11-30 11:13:53,259 - root - INFO - Фоновые задачи запущены
2025-11-30 11:13:53,260 - aiogram.dispatcher - INFO - Start polling
2025-11-30 11:13:53,262 - apscheduler.scheduler - DEBUG - Looking for jobs to run
2025-11-30 11:13:53,262 - apscheduler.scheduler - DEBUG - Next wakeup is due at 2025-11-30 12:00:00+03:00 (in 2766.737080 seconds)
2025-11-30 11:13:53,626 - aiogram.dispatcher - INFO - Run polling for bot @CtvtytestBot id=6339314152 - 'test0'
2025-11-30 11:14:00,944 - aiogram.event - INFO - Update id=301317080 is handled. Duration 1730 ms by bot id=6339314152
2025-11-30 11:14:03,863 - aiogram.event - INFO - Update id=301317081 is handled. Duration 773 ms by bot id=6339314152
2025-11-30 11:25:51,376 - root - DEBUG - ✅ Переопределён метод Message.answer с retry-логикой
2025-11-30 11:25:51,377 - root - DEBUG - ✅ Переопределён метод Message.reply с retry-логикой
2025-11-30 11:25:51,377 - root - DEBUG - ✅ Переопределён метод Message.edit_text с retry-логикой
2025-11-30 11:25:51,377 - root - DEBUG - ✅ Переопределён метод Message.edit_caption с retry-логикой
2025-11-30 11:25:51,377 - root - DEBUG - ✅ Переопределён метод Message.edit_reply_markup с retry-логикой
2025-11-30 11:25:51,377 - root - DEBUG - ✅ Переопределён метод Message.delete с retry-логикой
2025-11-30 11:25:51,377 - root - DEBUG - ✅ Переопределён метод Message.forward с retry-логикой
2025-11-30 11:25:51,377 - root - DEBUG - ✅ Переопределён метод Message.copy_to с retry-логикой
2025-11-30 11:25:51,378 - root - DEBUG - ✅ Переопределён метод Message.send_copy с retry-логикой
2025-11-30 11:25:51,379 - asyncio - DEBUG - Using proactor: IocpProactor
2025-11-30 11:25:52,112 - root - INFO - Бот запускается...
2025-11-30 11:25:52,114 - root - INFO - Загружено 1 администраторов
2025-11-30 11:25:52,134 - apscheduler.scheduler - INFO - Adding job tentatively -- it will be properly scheduled when the scheduler starts
2025-11-30 11:25:52,136 - apscheduler.scheduler - INFO - Adding job tentatively -- it will be properly scheduled when the scheduler starts
2025-11-30 11:25:52,138 - apscheduler.scheduler - INFO - Adding job tentatively -- it will be properly scheduled when the scheduler starts
2025-11-30 11:25:52,143 - apscheduler.scheduler - INFO - Added job "process_interest" to job store "default"
2025-11-30 11:25:52,144 - apscheduler.scheduler - INFO - Added job "reset_minecraft_season" to job store "default"
2025-11-30 11:25:52,146 - apscheduler.scheduler - INFO - Added job "send_monthly_reset_notification" to job store "default"
2025-11-30 11:25:52,147 - apscheduler.scheduler - INFO - Scheduler started
2025-11-30 11:25:52,149 - utils.background_tasks - INFO - ✅ InterestScheduler запущен
2025-11-30 11:25:52,150 - root - INFO - Фоновые задачи запущены
2025-11-30 11:25:52,151 - aiogram.dispatcher - INFO - Start polling
2025-11-30 11:25:52,152 - apscheduler.scheduler - DEBUG - Looking for jobs to run
2025-11-30 11:25:52,153 - apscheduler.scheduler - DEBUG - Next wakeup is due at 2025-11-30 12:00:00+03:00 (in 2047.846768 seconds)
2025-11-30 11:25:52,227 - aiogram.dispatcher - INFO - Run polling for bot @CtvtytestBot id=6339314152 - 'test0'
2025-11-30 11:25:54,343 - aiogram.event - INFO - Update id=301317083 is handled. Duration 273 ms by bot id=6339314152
2025-11-30 11:25:58,008 - aiogram.event - INFO - Update id=301317084 is handled. Duration 97 ms by bot id=6339314152
2025-11-30 11:25:59,563 - aiogram.event - INFO - Update id=301317085 is handled. Duration 137 ms by bot id=6339314152
2025-11-30 11:27:18,338 - aiogram.event - INFO - Update id=301317086 is handled. Duration 103 ms by bot id=6339314152
2025-11-30 11:27:21,170 - aiogram.event - INFO - Update id=301317087 is handled. Duration 504 ms by bot id=6339314152
2025-11-30 11:27:25,473 - aiogram.event - INFO - Update id=301317088 is handled. Duration 173 ms by bot id=6339314152
2025-11-30 11:27:40,367 - aiogram.event - INFO - Update id=301317089 is handled. Duration 111 ms by bot id=6339314152
2025-11-30 11:28:04,533 - aiogram.event - INFO - Update id=301317090 is handled. Duration 194 ms by bot id=6339314152
2025-11-30 11:28:05,804 - aiogram.event - INFO - Update id=301317091 is handled. Duration 101 ms by bot id=6339314152
2025-11-30 11:28:08,008 - aiogram.event - INFO - Update id=301317092 is handled. Duration 107 ms by bot id=6339314152
2025-11-30 11:28:22,760 - aiogram.event - INFO - Update id=301317093 is handled. Duration 90 ms by bot id=6339314152
2025-11-30 11:28:51,436 - aiogram.event - INFO - Update id=301317094 is handled. Duration 110 ms by bot id=6339314152
2025-11-30 11:28:53,461 - aiogram.event - INFO - Update id=301317095 is handled. Duration 108 ms by bot id=6339314152
2025-11-30 11:29:01,154 - aiogram.event - INFO - Update id=301317096 is handled. Duration 104 ms by bot id=6339314152
2025-11-30 11:31:34,345 - root - DEBUG - ✅ Переопределён метод Message.answer с retry-логикой
2025-11-30 11:31:34,345 - root - DEBUG - ✅ Переопределён метод Message.reply с retry-логикой
2025-11-30 11:31:34,345 - root - DEBUG - ✅ Переопределён метод Message.edit_text с retry-логикой
2025-11-30 11:31:34,346 - root - DEBUG - ✅ Переопределён метод Message.edit_caption с retry-логикой
2025-11-30 11:31:34,346 - root - DEBUG - ✅ Переопределён метод Message.edit_reply_markup с retry-логикой
2025-11-30 11:31:34,346 - root - DEBUG - ✅ Переопределён метод Message.delete с retry-логикой
2025-11-30 11:31:34,346 - root - DEBUG - ✅ Переопределён метод Message.forward с retry-логикой
2025-11-30 11:31:34,346 - root - DEBUG - ✅ Переопределён метод Message.copy_to с retry-логикой
2025-11-30 11:31:34,346 - root - DEBUG - ✅ Переопределён метод Message.send_copy с retry-логикой
2025-11-30 11:31:34,348 - asyncio - DEBUG - Using proactor: IocpProactor
2025-11-30 11:31:35,136 - root - INFO - Бот запускается...
2025-11-30 11:31:35,137 - root - INFO - Загружено 1 администраторов
2025-11-30 11:31:35,154 - apscheduler.scheduler - INFO - Adding job tentatively -- it will be properly scheduled when the scheduler starts
2025-11-30 11:31:35,156 - apscheduler.scheduler - INFO - Adding job tentatively -- it will be properly scheduled when the scheduler starts
2025-11-30 11:31:35,157 - apscheduler.scheduler - INFO - Adding job tentatively -- it will be properly scheduled when the scheduler starts
2025-11-30 11:31:35,160 - apscheduler.scheduler - INFO - Added job "process_interest" to job store "default"
2025-11-30 11:31:35,162 - apscheduler.scheduler - INFO - Added job "reset_minecraft_season" to job store "default"
2025-11-30 11:31:35,162 - apscheduler.scheduler - INFO - Added job "send_monthly_reset_notification" to job store "default"
2025-11-30 11:31:35,163 - apscheduler.scheduler - INFO - Scheduler started
2025-11-30 11:31:35,164 - utils.background_tasks - INFO - ✅ InterestScheduler запущен
2025-11-30 11:31:35,165 - root - INFO - Фоновые задачи запущены
2025-11-30 11:31:35,166 - aiogram.dispatcher - INFO - Start polling
2025-11-30 11:31:35,166 - apscheduler.scheduler - DEBUG - Looking for jobs to run
2025-11-30 11:31:35,167 - apscheduler.scheduler - DEBUG - Next wakeup is due at 2025-11-30 12:00:00+03:00 (in 1704.832974 seconds)
2025-11-30 11:31:35,241 - aiogram.dispatcher - INFO - Run polling for bot @CtvtytestBot id=6339314152 - 'test0'
2025-11-30 11:31:50,381 - aiogram.event - INFO - Update id=301317097 is handled. Duration 292 ms by bot id=6339314152
2025-11-30 12:19:51,541 - root - DEBUG - ✅ Переопределён метод Message.answer с retry-логикой
2025-11-30 12:19:51,541 - root - DEBUG - ✅ Переопределён метод Message.reply с retry-логикой
2025-11-30 12:19:51,541 - root - DEBUG - ✅ Переопределён метод Message.edit_text с retry-логикой
2025-11-30 12:19:51,542 - root - DEBUG - ✅ Переопределён метод Message.edit_caption с retry-логикой
2025-11-30 12:19:51,542 - root - DEBUG - ✅ Переопределён метод Message.edit_reply_markup с retry-логикой
2025-11-30 12:19:51,542 - root - DEBUG - ✅ Переопределён метод Message.delete с retry-логикой
2025-11-30 12:19:51,542 - root - DEBUG - ✅ Переопределён метод Message.forward с retry-логикой
2025-11-30 12:19:51,542 - root - DEBUG - ✅ Переопределён метод Message.copy_to с retry-логикой
2025-11-30 12:19:51,542 - root - DEBUG - ✅ Переопределён метод Message.send_copy с retry-логикой
2025-11-30 12:19:51,544 - asyncio - DEBUG - Using proactor: IocpProactor
2025-11-30 12:19:52,340 - root - INFO - Бот запускается...
2025-11-30 12:19:52,342 - root - INFO - Загружено 2 администраторов
2025-11-30 12:19:52,377 - apscheduler.scheduler - INFO - Adding job tentatively -- it will be properly scheduled when the scheduler starts
2025-11-30 12:19:52,379 - apscheduler.scheduler - INFO - Adding job tentatively -- it will be properly scheduled when the scheduler starts
2025-11-30 12:19:52,382 - apscheduler.scheduler - INFO - Adding job tentatively -- it will be properly scheduled when the scheduler starts
2025-11-30 12:19:52,387 - apscheduler.scheduler - INFO - Added job "process_interest" to job store "default"
2025-11-30 12:19:52,389 - apscheduler.scheduler - INFO - Added job "reset_minecraft_season" to job store "default"
2025-11-30 12:19:52,391 - apscheduler.scheduler - INFO - Added job "send_monthly_reset_notification" to job store "default"
2025-11-30 12:19:52,393 - apscheduler.scheduler - INFO - Scheduler started
2025-11-30 12:19:52,394 - utils.background_tasks - INFO - ✅ InterestScheduler запущен
2025-11-30 12:19:52,395 - root - INFO - Фоновые задачи запущены
2025-11-30 12:19:52,397 - aiogram.dispatcher - INFO - Start polling
2025-11-30 12:19:52,399 - apscheduler.scheduler - DEBUG - Looking for jobs to run
2025-11-30 12:19:52,400 - apscheduler.scheduler - DEBUG - Next wakeup is due at 2025-11-30 16:02:00+03:00 (in 13327.599905 seconds)
2025-11-30 12:19:52,476 - aiogram.dispatcher - INFO - Run polling for bot @CtvtytestBot id=6339314152 - 'test0'
2025-11-30 12:19:57,058 - aiogram.event - INFO - Update id=301317098 is handled. Duration 277 ms by bot id=6339314152
2025-11-30 12:20:02,433 - aiogram.event - INFO - Update id=301317099 is handled. Duration 150 ms by bot id=6339314152
2025-11-30 12:20:03,653 - aiogram.event - INFO - Update id=301317100 is handled. Duration 286 ms by bot id=6339314152
2025-11-30 12:20:04,605 - aiogram.event - INFO - Update id=301317101 is handled. Duration 203 ms by bot id=6339314152
2025-11-30 12:20:05,076 - aiogram.event - INFO - Update id=301317102 is handled. Duration 136 ms by bot id=6339314152
2025-11-30 12:20:52,112 - root - DEBUG - ✅ Переопределён метод Message.answer с retry-логикой
2025-11-30 12:20:52,113 - root - DEBUG - ✅ Переопределён метод Message.reply с retry-логикой
2025-11-30 12:20:52,113 - root - DEBUG - ✅ Переопределён метод Message.edit_text с retry-логикой
2025-11-30 12:20:52,113 - root - DEBUG - ✅ Переопределён метод Message.edit_caption с retry-логикой
2025-11-30 12:20:52,114 - root - DEBUG - ✅ Переопределён метод Message.edit_reply_markup с retry-логикой
2025-11-30 12:20:52,114 - root - DEBUG - ✅ Переопределён метод Message.delete с retry-логикой
2025-11-30 12:20:52,114 - root - DEBUG - ✅ Переопределён метод Message.forward с retry-логикой
2025-11-30 12:20:52,114 - root - DEBUG - ✅ Переопределён метод Message.copy_to с retry-логикой
2025-11-30 12:20:52,115 - root - DEBUG - ✅ Переопределён метод Message.send_copy с retry-логикой
2025-11-30 12:20:52,116 - asyncio - DEBUG - Using proactor: IocpProactor
2025-11-30 12:20:53,201 - root - INFO - Бот запускается...
2025-11-30 12:20:53,202 - root - INFO - Загружено 2 администраторов
2025-11-30 12:20:53,209 - apscheduler.scheduler - INFO - Adding job tentatively -- it will be properly scheduled when the scheduler starts
2025-11-30 12:20:53,209 - apscheduler.scheduler - INFO - Adding job tentatively -- it will be properly scheduled when the scheduler starts
2025-11-30 12:20:53,210 - apscheduler.scheduler - INFO - Adding job tentatively -- it will be properly scheduled when the scheduler starts
2025-11-30 12:20:53,212 - apscheduler.scheduler - INFO - Added job "process_interest" to job store "default"
2025-11-30 12:20:53,212 - apscheduler.scheduler - INFO - Added job "reset_minecraft_season" to job store "default"
2025-11-30 12:20:53,213 - apscheduler.scheduler - INFO - Added job "send_monthly_reset_notification" to job store "default"
2025-11-30 12:20:53,213 - apscheduler.scheduler - INFO - Scheduler started
2025-11-30 12:20:53,214 - utils.background_tasks - INFO - ✅ InterestScheduler запущен
2025-11-30 12:20:53,214 - root - INFO - Фоновые задачи запущены
2025-11-30 12:20:53,215 - aiogram.dispatcher - INFO - Start polling
2025-11-30 12:20:53,215 - apscheduler.scheduler - DEBUG - Looking for jobs to run
2025-11-30 12:20:53,216 - apscheduler.scheduler - DEBUG - Next wakeup is due at 2025-11-30 16:02:00+03:00 (in 13266.783996 seconds)
2025-11-30 12:20:53,291 - aiogram.dispatcher - INFO - Run polling for bot @CtvtytestBot id=6339314152 - 'test0'
2025-11-30 12:21:07,133 - root - DEBUG - ✅ Переопределён метод Message.answer с retry-логикой
2025-11-30 12:21:07,133 - root - DEBUG - ✅ Переопределён метод Message.reply с retry-логикой
2025-11-30 12:21:07,133 - root - DEBUG - ✅ Переопределён метод Message.edit_text с retry-логикой
2025-11-30 12:21:07,133 - root - DEBUG - ✅ Переопределён метод Message.edit_caption с retry-логикой
2025-11-30 12:21:07,133 - root - DEBUG - ✅ Переопределён метод Message.edit_reply_markup с retry-логикой
2025-11-30 12:21:07,133 - root - DEBUG - ✅ Переопределён метод Message.delete с retry-логикой
2025-11-30 12:21:07,133 - root - DEBUG - ✅ Переопределён метод Message.forward с retry-логикой
2025-11-30 12:21:07,134 - root - DEBUG - ✅ Переопределён метод Message.copy_to с retry-логикой
2025-11-30 12:21:07,134 - root - DEBUG - ✅ Переопределён метод Message.send_copy с retry-логикой
2025-11-30 12:21:07,135 - asyncio - DEBUG - Using proactor: IocpProactor
2025-11-30 12:21:07,920 - root - INFO - Бот запускается...
2025-11-30 12:21:07,922 - root - INFO - Загружено 2 администраторов
2025-11-30 12:21:07,947 - apscheduler.scheduler - INFO - Adding job tentatively -- it will be properly scheduled when the scheduler starts
2025-11-30 12:21:07,949 - apscheduler.scheduler - INFO - Adding job tentatively -- it will be properly scheduled when the scheduler starts
2025-11-30 12:21:07,951 - apscheduler.scheduler - INFO - Adding job tentatively -- it will be properly scheduled when the scheduler starts
2025-11-30 12:21:07,956 - apscheduler.scheduler - INFO - Added job "process_interest" to job store "default"
2025-11-30 12:21:07,958 - apscheduler.scheduler - INFO - Added job "reset_minecraft_season" to job store "default"
2025-11-30 12:21:07,960 - apscheduler.scheduler - INFO - Added job "send_monthly_reset_notification" to job store "default"
2025-11-30 12:21:07,961 - apscheduler.scheduler - INFO - Scheduler started
2025-11-30 12:21:07,963 - utils.background_tasks - INFO - ✅ InterestScheduler запущен
2025-11-30 12:21:07,964 - root - INFO - Фоновые задачи запущены
2025-11-30 12:21:07,966 - aiogram.dispatcher - INFO - Start polling
2025-11-30 12:21:07,967 - apscheduler.scheduler - DEBUG - Looking for jobs to run
2025-11-30 12:21:07,968 - apscheduler.scheduler - DEBUG - Next wakeup is due at 2025-11-30 16:02:00+03:00 (in 13252.031874 seconds)
2025-11-30 12:21:08,039 - aiogram.dispatcher - INFO - Run polling for bot @CtvtytestBot id=6339314152 - 'test0'
2025-11-30 12:21:11,679 - aiogram.event - INFO - Update id=301317103 is handled. Duration 291 ms by bot id=6339314152
2025-11-30 12:21:12,558 - aiogram.event - INFO - Update id=301317104 is handled. Duration 125 ms by bot id=6339314152
2025-11-30 15:19:29,068 - root - DEBUG - ✅ Переопределён метод Message.answer с retry-логикой
2025-11-30 15:19:29,069 - root - DEBUG - ✅ Переопределён метод Message.reply с retry-логикой
2025-11-30 15:19:29,069 - root - DEBUG - ✅ Переопределён метод Message.edit_text с retry-логикой
2025-11-30 15:19:29,069 - root - DEBUG - ✅ Переопределён метод Message.edit_caption с retry-логикой
2025-11-30 15:19:29,069 - root - DEBUG - ✅ Переопределён метод Message.edit_reply_markup с retry-логикой
2025-11-30 15:19:29,069 - root - DEBUG - ✅ Переопределён метод Message.delete с retry-логикой
2025-11-30 15:19:29,069 - root - DEBUG - ✅ Переопределён метод Message.forward с retry-логикой
2025-11-30 15:19:29,070 - root - DEBUG - ✅ Переопределён метод Message.copy_to с retry-логикой
2025-11-30 15:19:29,070 - root - DEBUG - ✅ Переопределён метод Message.send_copy с retry-логикой
2025-11-30 15:19:29,071 - asyncio - DEBUG - Using proactor: IocpProactor
2025-11-30 15:19:29,829 - root - INFO - Бот запускается...
2025-11-30 15:19:29,831 - root - INFO - Загружено 2 администраторов
2025-11-30 15:19:29,869 - apscheduler.scheduler - INFO - Adding job tentatively -- it will be properly scheduled when the scheduler starts
2025-11-30 15:19:29,871 - apscheduler.scheduler - INFO - Adding job tentatively -- it will be properly scheduled when the scheduler starts
2025-11-30 15:19:29,873 - apscheduler.scheduler - INFO - Adding job tentatively -- it will be properly scheduled when the scheduler starts
2025-11-30 15:19:29,880 - apscheduler.scheduler - INFO - Added job "process_interest" to job store "default"
2025-11-30 15:19:29,881 - apscheduler.scheduler - INFO - Added job "reset_minecraft_season" to job store "default"
2025-11-30 15:19:29,883 - apscheduler.scheduler - INFO - Added job "send_monthly_reset_notification" to job store "default"
2025-11-30 15:19:29,885 - apscheduler.scheduler - INFO - Scheduler started
2025-11-30 15:19:29,886 - utils.background_tasks - INFO - ✅ InterestScheduler запущен
2025-11-30 15:19:29,888 - root - INFO - Фоновые задачи запущены
2025-11-30 15:19:29,889 - aiogram.dispatcher - INFO - Start polling
2025-11-30 15:19:29,890 - apscheduler.scheduler - DEBUG - Looking for jobs to run
2025-11-30 15:19:29,891 - apscheduler.scheduler - DEBUG - Next wakeup is due at 2025-11-30 16:02:00+03:00 (in 2550.108528 seconds)
2025-11-30 15:19:29,979 - aiogram.dispatcher - INFO - Run polling for bot @CtvtytestBot id=6339314152 - 'test0'
2025-11-30 15:19:35,841 - aiogram.event - INFO - Update id=301317111 is handled. Duration 317 ms by bot id=6339314152
2025-11-30 15:20:02,177 - aiogram.event - INFO - Update id=301317112 is handled. Duration 289 ms by bot id=6339314152
2025-11-30 15:20:23,517 - aiogram.event - INFO - Update id=301317113 is handled. Duration 122 ms by bot id=6339314152
2025-11-30 15:20:29,491 - aiogram.event - INFO - Update id=301317114 is handled. Duration 194 ms by bot id=6339314152
2025-11-30 15:20:32,811 - aiogram.event - INFO - Update id=301317115 is handled. Duration 136 ms by bot id=6339314152
2025-11-30 15:20:35,339 - aiogram.event - INFO - Update id=301317116 is handled. Duration 138 ms by bot id=6339314152
2025-11-30 15:20:35,619 - utils.rcon - INFO - команда в майн: ('No player was found\n', 548467475)
2025-11-30 15:20:35,738 - aiogram.event - INFO - Update id=301317117 is handled. Duration 461 ms by bot id=6339314152
2025-11-30 15:20:36,808 - aiogram.event - INFO - Update id=301317118 is handled. Duration 140 ms by bot id=6339314152
2025-11-30 15:20:38,744 - aiogram.event - INFO - Update id=301317119 is handled. Duration 133 ms by bot id=6339314152
2025-11-30 15:20:38,816 - aiogram.event - INFO - Update id=301317120 is handled. Duration 128 ms by bot id=6339314152
2025-11-30 15:20:40,236 - aiogram.event - INFO - Update id=301317121 is handled. Duration 189 ms by bot id=6339314152
2025-11-30 15:20:43,587 - aiogram.event - INFO - Update id=301317122 is handled. Duration 149 ms by bot id=6339314152
2025-11-30 15:20:44,739 - aiogram.event - INFO - Update id=301317123 is handled. Duration 186 ms by bot id=6339314152
2025-11-30 15:20:45,647 - aiogram.event - INFO - Update id=301317124 is handled. Duration 172 ms by bot id=6339314152
2025-11-30 15:20:48,004 - aiogram.event - INFO - Update id=301317125 is handled. Duration 173 ms by bot id=6339314152
2025-11-30 15:20:49,479 - aiogram.event - INFO - Update id=301317126 is handled. Duration 316 ms by bot id=6339314152
2025-11-30 15:20:50,546 - aiogram.event - INFO - Update id=301317127 is handled. Duration 138 ms by bot id=6339314152
2025-11-30 15:21:03,743 - aiogram.event - INFO - Update id=301317128 is handled. Duration 141 ms by bot id=6339314152
2025-11-30 15:21:07,181 - aiogram.event - INFO - Update id=301317129 is handled. Duration 99 ms by bot id=6339314152
2025-11-30 15:21:09,628 - aiogram.event - INFO - Update id=301317130 is handled. Duration 124 ms by bot id=6339314152
2025-11-30 15:21:11,141 - aiogram.event - INFO - Update id=301317131 is handled. Duration 168 ms by bot id=6339314152
2025-11-30 15:21:11,257 - aiogram.event - INFO - Update id=301317132 is handled. Duration 141 ms by bot id=6339314152
2025-11-30 15:21:13,042 - aiogram.event - INFO - Update id=301317133 is handled. Duration 124 ms by bot id=6339314152
2025-11-30 15:21:14,416 - aiogram.event - INFO - Update id=301317134 is handled. Duration 138 ms by bot id=6339314152
2025-11-30 15:21:15,771 - aiogram.event - INFO - Update id=301317135 is handled. Duration 190 ms by bot id=6339314152
2025-11-30 15:21:17,144 - aiogram.event - INFO - Update id=301317136 is handled. Duration 130 ms by bot id=6339314152
2025-11-30 15:21:17,308 - aiogram.event - INFO - Update id=301317137 is handled. Duration 124 ms by bot id=6339314152
2025-11-30 15:21:18,644 - aiogram.event - INFO - Update id=301317138 is not handled. Duration 123 ms by bot id=6339314152
2025-11-30 15:21:18,645 - aiogram.event - ERROR - Cause exception while process update id=301317138 by bot id=6339314152
TelegramRetryAfter: Telegram server says - Flood control exceeded on method 'EditMessageText' in chat -1002988477375. Retry in 14 seconds.
Original description: Too Many Requests: retry after 14
(background on this error at: https://core.telegram.org/bots/faq#my-bot-is-hitting-limits-how-do-i-avoid-this)
Traceback (most recent call last):
  File "c:\Users\ThinkPad\Desktop\тг боты\No database\бот домера\venv\Lib\site-packages\aiogram\dispatcher\dispatcher.py", line 309, in _process_update
    response = await self.feed_update(bot, update, **kwargs)
               ^^^^^^^^^^^^^^^^^^^^^^^^^^^^^^^^^^^^^^^^^^^^^
  File "c:\Users\ThinkPad\Desktop\тг боты\No database\бот домера\venv\Lib\site-packages\aiogram\dispatcher\dispatcher.py", line 158, in feed_update
    response = await self.update.wrap_outer_middleware(
               ^^^^^^^^^^^^^^^^^^^^^^^^^^^^^^^^^^^^^^^^
    ...<7 lines>...
    )
    ^
  File "c:\Users\ThinkPad\Desktop\тг боты\No database\бот домера\venv\Lib\site-packages\aiogram\dispatcher\middlewares\error.py", line 25, in __call__
    return await handler(event, data)
           ^^^^^^^^^^^^^^^^^^^^^^^^^^
  File "c:\Users\ThinkPad\Desktop\тг боты\No database\бот домера\venv\Lib\site-packages\aiogram\dispatcher\middlewares\user_context.py", line 56, in __call__
    return await handler(event, data)
           ^^^^^^^^^^^^^^^^^^^^^^^^^^
  File "c:\Users\ThinkPad\Desktop\тг боты\No database\бот домера\venv\Lib\site-packages\aiogram\fsm\middleware.py", line 42, in __call__
    return await handler(event, data)
           ^^^^^^^^^^^^^^^^^^^^^^^^^^
  File "c:\Users\ThinkPad\Desktop\тг боты\No database\бот домера\venv\Lib\site-packages\aiogram\dispatcher\event\telegram.py", line 121, in trigger
    return await wrapped_inner(event, kwargs)
           ^^^^^^^^^^^^^^^^^^^^^^^^^^^^^^^^^^
  File "c:\Users\ThinkPad\Desktop\тг боты\No database\бот домера\venv\Lib\site-packages\aiogram\dispatcher\event\handler.py", line 43, in call
    return await wrapped()
           ^^^^^^^^^^^^^^^
  File "c:\Users\ThinkPad\Desktop\тг боты\No database\бот домера\venv\Lib\site-packages\aiogram\dispatcher\dispatcher.py", line 276, in _listen_update
    return await self.propagate_event(update_type=update_type, event=event, **kwargs)
           ^^^^^^^^^^^^^^^^^^^^^^^^^^^^^^^^^^^^^^^^^^^^^^^^^^^^^^^^^^^^^^^^^^^^^^^^^^
  File "c:\Users\ThinkPad\Desktop\тг боты\No database\бот домера\venv\Lib\site-packages\aiogram\dispatcher\router.py", line 146, in propagate_event
    return await observer.wrap_outer_middleware(_wrapped, event=event, data=kwargs)
           ^^^^^^^^^^^^^^^^^^^^^^^^^^^^^^^^^^^^^^^^^^^^^^^^^^^^^^^^^^^^^^^^^^^^^^^^
  File "c:\Users\ThinkPad\Desktop\тг боты\No database\бот домера\venv\Lib\site-packages\aiogram\dispatcher\router.py", line 141, in _wrapped
    return await self._propagate_event(
           ^^^^^^^^^^^^^^^^^^^^^^^^^^^^
        observer=observer, update_type=update_type, event=telegram_event, **data
        ^^^^^^^^^^^^^^^^^^^^^^^^^^^^^^^^^^^^^^^^^^^^^^^^^^^^^^^^^^^^^^^^^^^^^^^^
    )
    ^
  File "c:\Users\ThinkPad\Desktop\тг боты\No database\бот домера\venv\Lib\site-packages\aiogram\dispatcher\router.py", line 174, in _propagate_event
    response = await router.propagate_event(update_type=update_type, event=event, **kwargs)
               ^^^^^^^^^^^^^^^^^^^^^^^^^^^^^^^^^^^^^^^^^^^^^^^^^^^^^^^^^^^^^^^^^^^^^^^^^^^^
  File "c:\Users\ThinkPad\Desktop\тг боты\No database\бот домера\venv\Lib\site-packages\aiogram\dispatcher\router.py", line 146, in propagate_event
    return await observer.wrap_outer_middleware(_wrapped, event=event, data=kwargs)
           ^^^^^^^^^^^^^^^^^^^^^^^^^^^^^^^^^^^^^^^^^^^^^^^^^^^^^^^^^^^^^^^^^^^^^^^^
  File "c:\Users\ThinkPad\Desktop\тг боты\No database\бот домера\venv\Lib\site-packages\aiogram\dispatcher\router.py", line 141, in _wrapped
    return await self._propagate_event(
           ^^^^^^^^^^^^^^^^^^^^^^^^^^^^
        observer=observer, update_type=update_type, event=telegram_event, **data
        ^^^^^^^^^^^^^^^^^^^^^^^^^^^^^^^^^^^^^^^^^^^^^^^^^^^^^^^^^^^^^^^^^^^^^^^^
    )
    ^
  File "c:\Users\ThinkPad\Desktop\тг боты\No database\бот домера\venv\Lib\site-packages\aiogram\dispatcher\router.py", line 174, in _propagate_event
    response = await router.propagate_event(update_type=update_type, event=event, **kwargs)
               ^^^^^^^^^^^^^^^^^^^^^^^^^^^^^^^^^^^^^^^^^^^^^^^^^^^^^^^^^^^^^^^^^^^^^^^^^^^^
  File "c:\Users\ThinkPad\Desktop\тг боты\No database\бот домера\venv\Lib\site-packages\aiogram\dispatcher\router.py", line 146, in propagate_event
    return await observer.wrap_outer_middleware(_wrapped, event=event, data=kwargs)
           ^^^^^^^^^^^^^^^^^^^^^^^^^^^^^^^^^^^^^^^^^^^^^^^^^^^^^^^^^^^^^^^^^^^^^^^^
  File "c:\Users\ThinkPad\Desktop\тг боты\No database\бот домера\venv\Lib\site-packages\aiogram\dispatcher\router.py", line 141, in _wrapped
    return await self._propagate_event(
           ^^^^^^^^^^^^^^^^^^^^^^^^^^^^
        observer=observer, update_type=update_type, event=telegram_event, **data
        ^^^^^^^^^^^^^^^^^^^^^^^^^^^^^^^^^^^^^^^^^^^^^^^^^^^^^^^^^^^^^^^^^^^^^^^^
    )
    ^
  File "c:\Users\ThinkPad\Desktop\тг боты\No database\бот домера\venv\Lib\site-packages\aiogram\dispatcher\router.py", line 174, in _propagate_event
    response = await router.propagate_event(update_type=update_type, event=event, **kwargs)
               ^^^^^^^^^^^^^^^^^^^^^^^^^^^^^^^^^^^^^^^^^^^^^^^^^^^^^^^^^^^^^^^^^^^^^^^^^^^^
  File "c:\Users\ThinkPad\Desktop\тг боты\No database\бот домера\venv\Lib\site-packages\aiogram\dispatcher\router.py", line 146, in propagate_event
    return await observer.wrap_outer_middleware(_wrapped, event=event, data=kwargs)
           ^^^^^^^^^^^^^^^^^^^^^^^^^^^^^^^^^^^^^^^^^^^^^^^^^^^^^^^^^^^^^^^^^^^^^^^^
  File "c:\Users\ThinkPad\Desktop\тг боты\No database\бот домера\venv\Lib\site-packages\aiogram\dispatcher\router.py", line 141, in _wrapped
    return await self._propagate_event(
           ^^^^^^^^^^^^^^^^^^^^^^^^^^^^
        observer=observer, update_type=update_type, event=telegram_event, **data
        ^^^^^^^^^^^^^^^^^^^^^^^^^^^^^^^^^^^^^^^^^^^^^^^^^^^^^^^^^^^^^^^^^^^^^^^^
    )
    ^
  File "c:\Users\ThinkPad\Desktop\тг боты\No database\бот домера\venv\Lib\site-packages\aiogram\dispatcher\router.py", line 174, in _propagate_event
    response = await router.propagate_event(update_type=update_type, event=event, **kwargs)
               ^^^^^^^^^^^^^^^^^^^^^^^^^^^^^^^^^^^^^^^^^^^^^^^^^^^^^^^^^^^^^^^^^^^^^^^^^^^^
  File "c:\Users\ThinkPad\Desktop\тг боты\No database\бот домера\venv\Lib\site-packages\aiogram\dispatcher\router.py", line 146, in propagate_event
    return await observer.wrap_outer_middleware(_wrapped, event=event, data=kwargs)
           ^^^^^^^^^^^^^^^^^^^^^^^^^^^^^^^^^^^^^^^^^^^^^^^^^^^^^^^^^^^^^^^^^^^^^^^^
  File "c:\Users\ThinkPad\Desktop\тг боты\No database\бот домера\venv\Lib\site-packages\aiogram\dispatcher\router.py", line 141, in _wrapped
    return await self._propagate_event(
           ^^^^^^^^^^^^^^^^^^^^^^^^^^^^
        observer=observer, update_type=update_type, event=telegram_event, **data
        ^^^^^^^^^^^^^^^^^^^^^^^^^^^^^^^^^^^^^^^^^^^^^^^^^^^^^^^^^^^^^^^^^^^^^^^^
    )
    ^
  File "c:\Users\ThinkPad\Desktop\тг боты\No database\бот домера\venv\Lib\site-packages\aiogram\dispatcher\router.py", line 166, in _propagate_event
    response = await observer.trigger(event, **kwargs)
               ^^^^^^^^^^^^^^^^^^^^^^^^^^^^^^^^^^^^^^^
  File "c:\Users\ThinkPad\Desktop\тг боты\No database\бот домера\venv\Lib\site-packages\aiogram\dispatcher\event\telegram.py", line 121, in trigger
    return await wrapped_inner(event, kwargs)
           ^^^^^^^^^^^^^^^^^^^^^^^^^^^^^^^^^^
  File "c:\Users\ThinkPad\Desktop\тг боты\No database\бот домера\venv\Lib\site-packages\aiogram\dispatcher\event\handler.py", line 43, in call
    return await wrapped()
           ^^^^^^^^^^^^^^^
  File "C:\Users\ThinkPad\Desktop\тг боты\No database\бот домера\бот1.1\src\handlers\components\decorators.py", line 31, in wrapper
    return await handler(callback, *args, **kwargs)
           ^^^^^^^^^^^^^^^^^^^^^^^^^^^^^^^^^^^^^^^^
  File "C:\Users\ThinkPad\Desktop\тг боты\No database\бот домера\бот1.1\src\handlers\shop\minecraft\items_shop.py", line 112, in show_category_items
    await callback.message.edit_text(
    ...<4 lines>...
    )
  File "C:\Users\ThinkPad\Desktop\тг боты\No database\бот домера\бот1.1\src\app.py", line 64, in safe_wrapper
    return await original_func(self, *args, **kwargs)
           ^^^^^^^^^^^^^^^^^^^^^^^^^^^^^^^^^^^^^^^^^^
  File "c:\Users\ThinkPad\Desktop\тг боты\No database\бот домера\venv\Lib\site-packages\aiogram\methods\base.py", line 84, in emit
    return await bot(self)
           ^^^^^^^^^^^^^^^
  File "c:\Users\ThinkPad\Desktop\тг боты\No database\бот домера\venv\Lib\site-packages\aiogram\client\bot.py", line 485, in __call__
    return await self.session(self, method, timeout=request_timeout)
           ^^^^^^^^^^^^^^^^^^^^^^^^^^^^^^^^^^^^^^^^^^^^^^^^^^^^^^^^^
  File "c:\Users\ThinkPad\Desktop\тг боты\No database\бот домера\venv\Lib\site-packages\aiogram\client\session\base.py", line 254, in __call__
    return cast(TelegramType, await middleware(bot, method))
                              ^^^^^^^^^^^^^^^^^^^^^^^^^^^^^
  File "c:\Users\ThinkPad\Desktop\тг боты\No database\бот домера\venv\Lib\site-packages\aiogram\client\session\aiohttp.py", line 185, in make_request
    response = self.check_response(
        bot=bot, method=method, status_code=resp.status, content=raw_result
    )
  File "c:\Users\ThinkPad\Desktop\тг боты\No database\бот домера\venv\Lib\site-packages\aiogram\client\session\base.py", line 110, in check_response
    raise TelegramRetryAfter(
        method=method, message=description, retry_after=parameters.retry_after
    )
aiogram.exceptions.TelegramRetryAfter: Telegram server says - Flood control exceeded on method 'EditMessageText' in chat -1002988477375. Retry in 14 seconds.
Original description: Too Many Requests: retry after 14
(background on this error at: https://core.telegram.org/bots/faq#my-bot-is-hitting-limits-how-do-i-avoid-this)
2025-11-30 15:21:22,363 - aiogram.event - INFO - Update id=301317139 is not handled. Duration 105 ms by bot id=6339314152
2025-11-30 15:21:22,364 - aiogram.event - ERROR - Cause exception while process update id=301317139 by bot id=6339314152
TelegramRetryAfter: Telegram server says - Flood control exceeded on method 'EditMessageText' in chat -1002988477375. Retry in 10 seconds.
Original description: Too Many Requests: retry after 10
(background on this error at: https://core.telegram.org/bots/faq#my-bot-is-hitting-limits-how-do-i-avoid-this)
Traceback (most recent call last):
  File "c:\Users\ThinkPad\Desktop\тг боты\No database\бот домера\venv\Lib\site-packages\aiogram\dispatcher\dispatcher.py", line 309, in _process_update
    response = await self.feed_update(bot, update, **kwargs)
               ^^^^^^^^^^^^^^^^^^^^^^^^^^^^^^^^^^^^^^^^^^^^^
  File "c:\Users\ThinkPad\Desktop\тг боты\No database\бот домера\venv\Lib\site-packages\aiogram\dispatcher\dispatcher.py", line 158, in feed_update
    response = await self.update.wrap_outer_middleware(
               ^^^^^^^^^^^^^^^^^^^^^^^^^^^^^^^^^^^^^^^^
    ...<7 lines>...
    )
    ^
  File "c:\Users\ThinkPad\Desktop\тг боты\No database\бот домера\venv\Lib\site-packages\aiogram\dispatcher\middlewares\error.py", line 25, in __call__
    return await handler(event, data)
           ^^^^^^^^^^^^^^^^^^^^^^^^^^
  File "c:\Users\ThinkPad\Desktop\тг боты\No database\бот домера\venv\Lib\site-packages\aiogram\dispatcher\middlewares\user_context.py", line 56, in __call__
    return await handler(event, data)
           ^^^^^^^^^^^^^^^^^^^^^^^^^^
  File "c:\Users\ThinkPad\Desktop\тг боты\No database\бот домера\venv\Lib\site-packages\aiogram\fsm\middleware.py", line 42, in __call__
    return await handler(event, data)
           ^^^^^^^^^^^^^^^^^^^^^^^^^^
  File "c:\Users\ThinkPad\Desktop\тг боты\No database\бот домера\venv\Lib\site-packages\aiogram\dispatcher\event\telegram.py", line 121, in trigger
    return await wrapped_inner(event, kwargs)
           ^^^^^^^^^^^^^^^^^^^^^^^^^^^^^^^^^^
  File "c:\Users\ThinkPad\Desktop\тг боты\No database\бот домера\venv\Lib\site-packages\aiogram\dispatcher\event\handler.py", line 43, in call
    return await wrapped()
           ^^^^^^^^^^^^^^^
  File "c:\Users\ThinkPad\Desktop\тг боты\No database\бот домера\venv\Lib\site-packages\aiogram\dispatcher\dispatcher.py", line 276, in _listen_update
    return await self.propagate_event(update_type=update_type, event=event, **kwargs)
           ^^^^^^^^^^^^^^^^^^^^^^^^^^^^^^^^^^^^^^^^^^^^^^^^^^^^^^^^^^^^^^^^^^^^^^^^^^
  File "c:\Users\ThinkPad\Desktop\тг боты\No database\бот домера\venv\Lib\site-packages\aiogram\dispatcher\router.py", line 146, in propagate_event
    return await observer.wrap_outer_middleware(_wrapped, event=event, data=kwargs)
           ^^^^^^^^^^^^^^^^^^^^^^^^^^^^^^^^^^^^^^^^^^^^^^^^^^^^^^^^^^^^^^^^^^^^^^^^
  File "c:\Users\ThinkPad\Desktop\тг боты\No database\бот домера\venv\Lib\site-packages\aiogram\dispatcher\router.py", line 141, in _wrapped
    return await self._propagate_event(
           ^^^^^^^^^^^^^^^^^^^^^^^^^^^^
        observer=observer, update_type=update_type, event=telegram_event, **data
        ^^^^^^^^^^^^^^^^^^^^^^^^^^^^^^^^^^^^^^^^^^^^^^^^^^^^^^^^^^^^^^^^^^^^^^^^
    )
    ^
  File "c:\Users\ThinkPad\Desktop\тг боты\No database\бот домера\venv\Lib\site-packages\aiogram\dispatcher\router.py", line 174, in _propagate_event
    response = await router.propagate_event(update_type=update_type, event=event, **kwargs)
               ^^^^^^^^^^^^^^^^^^^^^^^^^^^^^^^^^^^^^^^^^^^^^^^^^^^^^^^^^^^^^^^^^^^^^^^^^^^^
  File "c:\Users\ThinkPad\Desktop\тг боты\No database\бот домера\venv\Lib\site-packages\aiogram\dispatcher\router.py", line 146, in propagate_event
    return await observer.wrap_outer_middleware(_wrapped, event=event, data=kwargs)
           ^^^^^^^^^^^^^^^^^^^^^^^^^^^^^^^^^^^^^^^^^^^^^^^^^^^^^^^^^^^^^^^^^^^^^^^^
  File "c:\Users\ThinkPad\Desktop\тг боты\No database\бот домера\venv\Lib\site-packages\aiogram\dispatcher\router.py", line 141, in _wrapped
    return await self._propagate_event(
           ^^^^^^^^^^^^^^^^^^^^^^^^^^^^
        observer=observer, update_type=update_type, event=telegram_event, **data
        ^^^^^^^^^^^^^^^^^^^^^^^^^^^^^^^^^^^^^^^^^^^^^^^^^^^^^^^^^^^^^^^^^^^^^^^^
    )
    ^
  File "c:\Users\ThinkPad\Desktop\тг боты\No database\бот домера\venv\Lib\site-packages\aiogram\dispatcher\router.py", line 174, in _propagate_event
    response = await router.propagate_event(update_type=update_type, event=event, **kwargs)
               ^^^^^^^^^^^^^^^^^^^^^^^^^^^^^^^^^^^^^^^^^^^^^^^^^^^^^^^^^^^^^^^^^^^^^^^^^^^^
  File "c:\Users\ThinkPad\Desktop\тг боты\No database\бот домера\venv\Lib\site-packages\aiogram\dispatcher\router.py", line 146, in propagate_event
    return await observer.wrap_outer_middleware(_wrapped, event=event, data=kwargs)
           ^^^^^^^^^^^^^^^^^^^^^^^^^^^^^^^^^^^^^^^^^^^^^^^^^^^^^^^^^^^^^^^^^^^^^^^^
  File "c:\Users\ThinkPad\Desktop\тг боты\No database\бот домера\venv\Lib\site-packages\aiogram\dispatcher\router.py", line 141, in _wrapped
    return await self._propagate_event(
           ^^^^^^^^^^^^^^^^^^^^^^^^^^^^
        observer=observer, update_type=update_type, event=telegram_event, **data
        ^^^^^^^^^^^^^^^^^^^^^^^^^^^^^^^^^^^^^^^^^^^^^^^^^^^^^^^^^^^^^^^^^^^^^^^^
    )
    ^
  File "c:\Users\ThinkPad\Desktop\тг боты\No database\бот домера\venv\Lib\site-packages\aiogram\dispatcher\router.py", line 174, in _propagate_event
    response = await router.propagate_event(update_type=update_type, event=event, **kwargs)
               ^^^^^^^^^^^^^^^^^^^^^^^^^^^^^^^^^^^^^^^^^^^^^^^^^^^^^^^^^^^^^^^^^^^^^^^^^^^^
  File "c:\Users\ThinkPad\Desktop\тг боты\No database\бот домера\venv\Lib\site-packages\aiogram\dispatcher\router.py", line 146, in propagate_event
    return await observer.wrap_outer_middleware(_wrapped, event=event, data=kwargs)
           ^^^^^^^^^^^^^^^^^^^^^^^^^^^^^^^^^^^^^^^^^^^^^^^^^^^^^^^^^^^^^^^^^^^^^^^^
  File "c:\Users\ThinkPad\Desktop\тг боты\No database\бот домера\venv\Lib\site-packages\aiogram\dispatcher\router.py", line 141, in _wrapped
    return await self._propagate_event(
           ^^^^^^^^^^^^^^^^^^^^^^^^^^^^
        observer=observer, update_type=update_type, event=telegram_event, **data
        ^^^^^^^^^^^^^^^^^^^^^^^^^^^^^^^^^^^^^^^^^^^^^^^^^^^^^^^^^^^^^^^^^^^^^^^^
    )
    ^
  File "c:\Users\ThinkPad\Desktop\тг боты\No database\бот домера\venv\Lib\site-packages\aiogram\dispatcher\router.py", line 174, in _propagate_event
    response = await router.propagate_event(update_type=update_type, event=event, **kwargs)
               ^^^^^^^^^^^^^^^^^^^^^^^^^^^^^^^^^^^^^^^^^^^^^^^^^^^^^^^^^^^^^^^^^^^^^^^^^^^^
  File "c:\Users\ThinkPad\Desktop\тг боты\No database\бот домера\venv\Lib\site-packages\aiogram\dispatcher\router.py", line 146, in propagate_event
    return await observer.wrap_outer_middleware(_wrapped, event=event, data=kwargs)
           ^^^^^^^^^^^^^^^^^^^^^^^^^^^^^^^^^^^^^^^^^^^^^^^^^^^^^^^^^^^^^^^^^^^^^^^^
  File "c:\Users\ThinkPad\Desktop\тг боты\No database\бот домера\venv\Lib\site-packages\aiogram\dispatcher\router.py", line 141, in _wrapped
    return await self._propagate_event(
           ^^^^^^^^^^^^^^^^^^^^^^^^^^^^
        observer=observer, update_type=update_type, event=telegram_event, **data
        ^^^^^^^^^^^^^^^^^^^^^^^^^^^^^^^^^^^^^^^^^^^^^^^^^^^^^^^^^^^^^^^^^^^^^^^^
    )
    ^
  File "c:\Users\ThinkPad\Desktop\тг боты\No database\бот домера\venv\Lib\site-packages\aiogram\dispatcher\router.py", line 166, in _propagate_event
    response = await observer.trigger(event, **kwargs)
               ^^^^^^^^^^^^^^^^^^^^^^^^^^^^^^^^^^^^^^^
  File "c:\Users\ThinkPad\Desktop\тг боты\No database\бот домера\venv\Lib\site-packages\aiogram\dispatcher\event\telegram.py", line 121, in trigger
    return await wrapped_inner(event, kwargs)
           ^^^^^^^^^^^^^^^^^^^^^^^^^^^^^^^^^^
  File "c:\Users\ThinkPad\Desktop\тг боты\No database\бот домера\venv\Lib\site-packages\aiogram\dispatcher\event\handler.py", line 43, in call
    return await wrapped()
           ^^^^^^^^^^^^^^^
  File "C:\Users\ThinkPad\Desktop\тг боты\No database\бот домера\бот1.1\src\handlers\components\decorators.py", line 31, in wrapper
    return await handler(callback, *args, **kwargs)
           ^^^^^^^^^^^^^^^^^^^^^^^^^^^^^^^^^^^^^^^^
  File "C:\Users\ThinkPad\Desktop\тг боты\No database\бот домера\бот1.1\src\handlers\shop\minecraft\items_shop.py", line 112, in show_category_items
    await callback.message.edit_text(
    ...<4 lines>...
    )
  File "C:\Users\ThinkPad\Desktop\тг боты\No database\бот домера\бот1.1\src\app.py", line 64, in safe_wrapper
    return await original_func(self, *args, **kwargs)
           ^^^^^^^^^^^^^^^^^^^^^^^^^^^^^^^^^^^^^^^^^^
  File "c:\Users\ThinkPad\Desktop\тг боты\No database\бот домера\venv\Lib\site-packages\aiogram\methods\base.py", line 84, in emit
    return await bot(self)
           ^^^^^^^^^^^^^^^
  File "c:\Users\ThinkPad\Desktop\тг боты\No database\бот домера\venv\Lib\site-packages\aiogram\client\bot.py", line 485, in __call__
    return await self.session(self, method, timeout=request_timeout)
           ^^^^^^^^^^^^^^^^^^^^^^^^^^^^^^^^^^^^^^^^^^^^^^^^^^^^^^^^^
  File "c:\Users\ThinkPad\Desktop\тг боты\No database\бот домера\venv\Lib\site-packages\aiogram\client\session\base.py", line 254, in __call__
    return cast(TelegramType, await middleware(bot, method))
                              ^^^^^^^^^^^^^^^^^^^^^^^^^^^^^
  File "c:\Users\ThinkPad\Desktop\тг боты\No database\бот домера\venv\Lib\site-packages\aiogram\client\session\aiohttp.py", line 185, in make_request
    response = self.check_response(
        bot=bot, method=method, status_code=resp.status, content=raw_result
    )
  File "c:\Users\ThinkPad\Desktop\тг боты\No database\бот домера\venv\Lib\site-packages\aiogram\client\session\base.py", line 110, in check_response
    raise TelegramRetryAfter(
        method=method, message=description, retry_after=parameters.retry_after
    )
aiogram.exceptions.TelegramRetryAfter: Telegram server says - Flood control exceeded on method 'EditMessageText' in chat -1002988477375. Retry in 10 seconds.
Original description: Too Many Requests: retry after 10
(background on this error at: https://core.telegram.org/bots/faq#my-bot-is-hitting-limits-how-do-i-avoid-this)
2025-11-30 15:21:23,470 - aiogram.event - INFO - Update id=301317140 is not handled. Duration 107 ms by bot id=6339314152
2025-11-30 15:21:23,472 - aiogram.event - ERROR - Cause exception while process update id=301317140 by bot id=6339314152
TelegramRetryAfter: Telegram server says - Flood control exceeded on method 'EditMessageText' in chat -1002988477375. Retry in 9 seconds.
Original description: Too Many Requests: retry after 9
(background on this error at: https://core.telegram.org/bots/faq#my-bot-is-hitting-limits-how-do-i-avoid-this)
Traceback (most recent call last):
  File "c:\Users\ThinkPad\Desktop\тг боты\No database\бот домера\venv\Lib\site-packages\aiogram\dispatcher\dispatcher.py", line 309, in _process_update
    response = await self.feed_update(bot, update, **kwargs)
               ^^^^^^^^^^^^^^^^^^^^^^^^^^^^^^^^^^^^^^^^^^^^^
  File "c:\Users\ThinkPad\Desktop\тг боты\No database\бот домера\venv\Lib\site-packages\aiogram\dispatcher\dispatcher.py", line 158, in feed_update
    response = await self.update.wrap_outer_middleware(
               ^^^^^^^^^^^^^^^^^^^^^^^^^^^^^^^^^^^^^^^^
    ...<7 lines>...
    )
    ^
  File "c:\Users\ThinkPad\Desktop\тг боты\No database\бот домера\venv\Lib\site-packages\aiogram\dispatcher\middlewares\error.py", line 25, in __call__
    return await handler(event, data)
           ^^^^^^^^^^^^^^^^^^^^^^^^^^
  File "c:\Users\ThinkPad\Desktop\тг боты\No database\бот домера\venv\Lib\site-packages\aiogram\dispatcher\middlewares\user_context.py", line 56, in __call__
    return await handler(event, data)
           ^^^^^^^^^^^^^^^^^^^^^^^^^^
  File "c:\Users\ThinkPad\Desktop\тг боты\No database\бот домера\venv\Lib\site-packages\aiogram\fsm\middleware.py", line 42, in __call__
    return await handler(event, data)
           ^^^^^^^^^^^^^^^^^^^^^^^^^^
  File "c:\Users\ThinkPad\Desktop\тг боты\No database\бот домера\venv\Lib\site-packages\aiogram\dispatcher\event\telegram.py", line 121, in trigger
    return await wrapped_inner(event, kwargs)
           ^^^^^^^^^^^^^^^^^^^^^^^^^^^^^^^^^^
  File "c:\Users\ThinkPad\Desktop\тг боты\No database\бот домера\venv\Lib\site-packages\aiogram\dispatcher\event\handler.py", line 43, in call
    return await wrapped()
           ^^^^^^^^^^^^^^^
  File "c:\Users\ThinkPad\Desktop\тг боты\No database\бот домера\venv\Lib\site-packages\aiogram\dispatcher\dispatcher.py", line 276, in _listen_update
    return await self.propagate_event(update_type=update_type, event=event, **kwargs)
           ^^^^^^^^^^^^^^^^^^^^^^^^^^^^^^^^^^^^^^^^^^^^^^^^^^^^^^^^^^^^^^^^^^^^^^^^^^
  File "c:\Users\ThinkPad\Desktop\тг боты\No database\бот домера\venv\Lib\site-packages\aiogram\dispatcher\router.py", line 146, in propagate_event
    return await observer.wrap_outer_middleware(_wrapped, event=event, data=kwargs)
           ^^^^^^^^^^^^^^^^^^^^^^^^^^^^^^^^^^^^^^^^^^^^^^^^^^^^^^^^^^^^^^^^^^^^^^^^
  File "c:\Users\ThinkPad\Desktop\тг боты\No database\бот домера\venv\Lib\site-packages\aiogram\dispatcher\router.py", line 141, in _wrapped
    return await self._propagate_event(
           ^^^^^^^^^^^^^^^^^^^^^^^^^^^^
        observer=observer, update_type=update_type, event=telegram_event, **data
        ^^^^^^^^^^^^^^^^^^^^^^^^^^^^^^^^^^^^^^^^^^^^^^^^^^^^^^^^^^^^^^^^^^^^^^^^
    )
    ^
  File "c:\Users\ThinkPad\Desktop\тг боты\No database\бот домера\venv\Lib\site-packages\aiogram\dispatcher\router.py", line 174, in _propagate_event
    response = await router.propagate_event(update_type=update_type, event=event, **kwargs)
               ^^^^^^^^^^^^^^^^^^^^^^^^^^^^^^^^^^^^^^^^^^^^^^^^^^^^^^^^^^^^^^^^^^^^^^^^^^^^
  File "c:\Users\ThinkPad\Desktop\тг боты\No database\бот домера\venv\Lib\site-packages\aiogram\dispatcher\router.py", line 146, in propagate_event
    return await observer.wrap_outer_middleware(_wrapped, event=event, data=kwargs)
           ^^^^^^^^^^^^^^^^^^^^^^^^^^^^^^^^^^^^^^^^^^^^^^^^^^^^^^^^^^^^^^^^^^^^^^^^
  File "c:\Users\ThinkPad\Desktop\тг боты\No database\бот домера\venv\Lib\site-packages\aiogram\dispatcher\router.py", line 141, in _wrapped
    return await self._propagate_event(
           ^^^^^^^^^^^^^^^^^^^^^^^^^^^^
        observer=observer, update_type=update_type, event=telegram_event, **data
        ^^^^^^^^^^^^^^^^^^^^^^^^^^^^^^^^^^^^^^^^^^^^^^^^^^^^^^^^^^^^^^^^^^^^^^^^
    )
    ^
  File "c:\Users\ThinkPad\Desktop\тг боты\No database\бот домера\venv\Lib\site-packages\aiogram\dispatcher\router.py", line 174, in _propagate_event
    response = await router.propagate_event(update_type=update_type, event=event, **kwargs)
               ^^^^^^^^^^^^^^^^^^^^^^^^^^^^^^^^^^^^^^^^^^^^^^^^^^^^^^^^^^^^^^^^^^^^^^^^^^^^
  File "c:\Users\ThinkPad\Desktop\тг боты\No database\бот домера\venv\Lib\site-packages\aiogram\dispatcher\router.py", line 146, in propagate_event
    return await observer.wrap_outer_middleware(_wrapped, event=event, data=kwargs)
           ^^^^^^^^^^^^^^^^^^^^^^^^^^^^^^^^^^^^^^^^^^^^^^^^^^^^^^^^^^^^^^^^^^^^^^^^
  File "c:\Users\ThinkPad\Desktop\тг боты\No database\бот домера\venv\Lib\site-packages\aiogram\dispatcher\router.py", line 141, in _wrapped
    return await self._propagate_event(
           ^^^^^^^^^^^^^^^^^^^^^^^^^^^^
        observer=observer, update_type=update_type, event=telegram_event, **data
        ^^^^^^^^^^^^^^^^^^^^^^^^^^^^^^^^^^^^^^^^^^^^^^^^^^^^^^^^^^^^^^^^^^^^^^^^
    )
    ^
  File "c:\Users\ThinkPad\Desktop\тг боты\No database\бот домера\venv\Lib\site-packages\aiogram\dispatcher\router.py", line 174, in _propagate_event
    response = await router.propagate_event(update_type=update_type, event=event, **kwargs)
               ^^^^^^^^^^^^^^^^^^^^^^^^^^^^^^^^^^^^^^^^^^^^^^^^^^^^^^^^^^^^^^^^^^^^^^^^^^^^
  File "c:\Users\ThinkPad\Desktop\тг боты\No database\бот домера\venv\Lib\site-packages\aiogram\dispatcher\router.py", line 146, in propagate_event
    return await observer.wrap_outer_middleware(_wrapped, event=event, data=kwargs)
           ^^^^^^^^^^^^^^^^^^^^^^^^^^^^^^^^^^^^^^^^^^^^^^^^^^^^^^^^^^^^^^^^^^^^^^^^
  File "c:\Users\ThinkPad\Desktop\тг боты\No database\бот домера\venv\Lib\site-packages\aiogram\dispatcher\router.py", line 141, in _wrapped
    return await self._propagate_event(
           ^^^^^^^^^^^^^^^^^^^^^^^^^^^^
        observer=observer, update_type=update_type, event=telegram_event, **data
        ^^^^^^^^^^^^^^^^^^^^^^^^^^^^^^^^^^^^^^^^^^^^^^^^^^^^^^^^^^^^^^^^^^^^^^^^
    )
    ^
  File "c:\Users\ThinkPad\Desktop\тг боты\No database\бот домера\venv\Lib\site-packages\aiogram\dispatcher\router.py", line 166, in _propagate_event
    response = await observer.trigger(event, **kwargs)
               ^^^^^^^^^^^^^^^^^^^^^^^^^^^^^^^^^^^^^^^
  File "c:\Users\ThinkPad\Desktop\тг боты\No database\бот домера\venv\Lib\site-packages\aiogram\dispatcher\event\telegram.py", line 121, in trigger
    return await wrapped_inner(event, kwargs)
           ^^^^^^^^^^^^^^^^^^^^^^^^^^^^^^^^^^
  File "c:\Users\ThinkPad\Desktop\тг боты\No database\бот домера\venv\Lib\site-packages\aiogram\dispatcher\event\handler.py", line 43, in call
    return await wrapped()
           ^^^^^^^^^^^^^^^
  File "C:\Users\ThinkPad\Desktop\тг боты\No database\бот домера\бот1.1\src\handlers\components\decorators.py", line 31, in wrapper
    return await handler(callback, *args, **kwargs)
           ^^^^^^^^^^^^^^^^^^^^^^^^^^^^^^^^^^^^^^^^
  File "C:\Users\ThinkPad\Desktop\тг боты\No database\бот домера\бот1.1\src\handlers\shop\minecraft\shop.py", line 46, in show_shop
    await minecraft_shop(callback, state)
  File "C:\Users\ThinkPad\Desktop\тг боты\No database\бот домера\бот1.1\src\handlers\shop\minecraft\defs.py", line 295, in minecraft_shop
    await send_msg_call(callback, text=text, reply_markup=keyboard, parse_mode='HTML')
  File "C:\Users\ThinkPad\Desktop\тг боты\No database\бот домера\бот1.1\src\handlers\common_funcs.py", line 13, in send_msg_call
    await event.message.edit_text(**kwargs)
  File "C:\Users\ThinkPad\Desktop\тг боты\No database\бот домера\бот1.1\src\app.py", line 64, in safe_wrapper
    return await original_func(self, *args, **kwargs)
           ^^^^^^^^^^^^^^^^^^^^^^^^^^^^^^^^^^^^^^^^^^
  File "c:\Users\ThinkPad\Desktop\тг боты\No database\бот домера\venv\Lib\site-packages\aiogram\methods\base.py", line 84, in emit
    return await bot(self)
           ^^^^^^^^^^^^^^^
  File "c:\Users\ThinkPad\Desktop\тг боты\No database\бот домера\venv\Lib\site-packages\aiogram\client\bot.py", line 485, in __call__
    return await self.session(self, method, timeout=request_timeout)
           ^^^^^^^^^^^^^^^^^^^^^^^^^^^^^^^^^^^^^^^^^^^^^^^^^^^^^^^^^
  File "c:\Users\ThinkPad\Desktop\тг боты\No database\бот домера\venv\Lib\site-packages\aiogram\client\session\base.py", line 254, in __call__
    return cast(TelegramType, await middleware(bot, method))
                              ^^^^^^^^^^^^^^^^^^^^^^^^^^^^^
  File "c:\Users\ThinkPad\Desktop\тг боты\No database\бот домера\venv\Lib\site-packages\aiogram\client\session\aiohttp.py", line 185, in make_request
    response = self.check_response(
        bot=bot, method=method, status_code=resp.status, content=raw_result
    )
  File "c:\Users\ThinkPad\Desktop\тг боты\No database\бот домера\venv\Lib\site-packages\aiogram\client\session\base.py", line 110, in check_response
    raise TelegramRetryAfter(
        method=method, message=description, retry_after=parameters.retry_after
    )
aiogram.exceptions.TelegramRetryAfter: Telegram server says - Flood control exceeded on method 'EditMessageText' in chat -1002988477375. Retry in 9 seconds.
Original description: Too Many Requests: retry after 9
(background on this error at: https://core.telegram.org/bots/faq#my-bot-is-hitting-limits-how-do-i-avoid-this)
2025-11-30 15:21:35,577 - aiogram.event - INFO - Update id=301317141 is handled. Duration 127 ms by bot id=6339314152
2025-11-30 15:22:08,837 - aiogram.event - INFO - Update id=301317142 is handled. Duration 234 ms by bot id=6339314152
2025-11-30 15:22:22,422 - aiogram.event - INFO - Update id=301317143 is handled. Duration 117 ms by bot id=6339314152
2025-11-30 15:23:00,777 - aiogram.event - INFO - Update id=301317144 is handled. Duration 133 ms by bot id=6339314152
2025-11-30 15:23:03,251 - aiogram.event - INFO - Update id=301317145 is handled. Duration 152 ms by bot id=6339314152
2025-11-30 15:23:10,447 - aiogram.event - INFO - Update id=301317146 is handled. Duration 162 ms by bot id=6339314152
2025-11-30 15:23:12,288 - aiogram.event - INFO - Update id=301317147 is handled. Duration 175 ms by bot id=6339314152
2025-11-30 15:23:16,746 - aiogram.event - INFO - Update id=301317148 is handled. Duration 123 ms by bot id=6339314152
2025-11-30 15:23:21,126 - aiogram.event - INFO - Update id=301317149 is handled. Duration 153 ms by bot id=6339314152
2025-11-30 15:23:25,759 - aiogram.event - INFO - Update id=301317150 is handled. Duration 128 ms by bot id=6339314152
2025-11-30 15:23:27,983 - aiogram.event - INFO - Update id=301317151 is handled. Duration 199 ms by bot id=6339314152
2025-11-30 15:23:29,578 - aiogram.event - INFO - Update id=301317152 is handled. Duration 160 ms by bot id=6339314152
2025-11-30 15:23:31,793 - aiogram.event - INFO - Update id=301317153 is handled. Duration 121 ms by bot id=6339314152
2025-11-30 15:23:33,143 - aiogram.event - INFO - Update id=301317154 is handled. Duration 131 ms by bot id=6339314152
2025-11-30 15:23:59,672 - aiogram.event - INFO - Update id=301317155 is handled. Duration 147 ms by bot id=6339314152
2025-11-30 15:24:13,078 - aiogram.event - INFO - Update id=301317156 is handled. Duration 138 ms by bot id=6339314152
2025-11-30 15:25:31,115 - aiogram.event - INFO - Update id=301317157 is handled. Duration 145 ms by bot id=6339314152
2025-11-30 15:25:34,551 - aiogram.event - INFO - Update id=301317158 is handled. Duration 304 ms by bot id=6339314152
2025-11-30 15:25:45,269 - aiogram.event - INFO - Update id=301317159 is handled. Duration 167 ms by bot id=6339314152
2025-11-30 15:27:08,687 - aiogram.event - INFO - Update id=301317160 is handled. Duration 135 ms by bot id=6339314152
2025-11-30 15:27:52,711 - aiogram.event - INFO - Update id=301317161 is handled. Duration 240 ms by bot id=6339314152
2025-11-30 15:28:00,882 - aiogram.event - INFO - Update id=301317162 is handled. Duration 716 ms by bot id=6339314152
2025-11-30 15:28:23,348 - aiogram.event - INFO - Update id=301317163 is handled. Duration 153 ms by bot id=6339314152
2025-11-30 15:29:25,772 - aiogram.event - INFO - Update id=301317164 is handled. Duration 601 ms by bot id=6339314152
2025-11-30 15:30:41,799 - aiogram.event - INFO - Update id=301317165 is handled. Duration 129 ms by bot id=6339314152
2025-11-30 15:30:47,725 - aiogram.event - INFO - Update id=301317166 is handled. Duration 132 ms by bot id=6339314152
2025-11-30 15:35:23,422 - root - DEBUG - ✅ Переопределён метод Message.answer с retry-логикой
2025-11-30 15:35:23,423 - root - DEBUG - ✅ Переопределён метод Message.reply с retry-логикой
2025-11-30 15:35:23,423 - root - DEBUG - ✅ Переопределён метод Message.edit_text с retry-логикой
2025-11-30 15:35:23,423 - root - DEBUG - ✅ Переопределён метод Message.edit_caption с retry-логикой
2025-11-30 15:35:23,424 - root - DEBUG - ✅ Переопределён метод Message.edit_reply_markup с retry-логикой
2025-11-30 15:35:23,424 - root - DEBUG - ✅ Переопределён метод Message.delete с retry-логикой
2025-11-30 15:35:23,424 - root - DEBUG - ✅ Переопределён метод Message.forward с retry-логикой
2025-11-30 15:35:23,424 - root - DEBUG - ✅ Переопределён метод Message.copy_to с retry-логикой
2025-11-30 15:35:23,424 - root - DEBUG - ✅ Переопределён метод Message.send_copy с retry-логикой
2025-11-30 15:35:23,426 - asyncio - DEBUG - Using proactor: IocpProactor
2025-11-30 15:35:24,586 - root - INFO - Бот запускается...
2025-11-30 15:35:24,588 - root - INFO - Загружено 2 администраторов
2025-11-30 15:35:24,613 - apscheduler.scheduler - INFO - Adding job tentatively -- it will be properly scheduled when the scheduler starts
2025-11-30 15:35:24,615 - apscheduler.scheduler - INFO - Adding job tentatively -- it will be properly scheduled when the scheduler starts
2025-11-30 15:35:24,618 - apscheduler.scheduler - INFO - Adding job tentatively -- it will be properly scheduled when the scheduler starts
2025-11-30 15:35:24,622 - apscheduler.scheduler - INFO - Added job "process_interest" to job store "default"
2025-11-30 15:35:24,623 - apscheduler.scheduler - INFO - Added job "reset_minecraft_season" to job store "default"
2025-11-30 15:35:24,625 - apscheduler.scheduler - INFO - Added job "send_monthly_reset_notification" to job store "default"
2025-11-30 15:35:24,626 - apscheduler.scheduler - INFO - Scheduler started
2025-11-30 15:35:24,627 - utils.background_tasks - INFO - ✅ InterestScheduler запущен
2025-11-30 15:35:24,629 - root - INFO - Фоновые задачи запущены
2025-11-30 15:35:24,630 - aiogram.dispatcher - INFO - Start polling
2025-11-30 15:35:24,631 - apscheduler.scheduler - DEBUG - Looking for jobs to run
2025-11-30 15:35:24,632 - apscheduler.scheduler - DEBUG - Next wakeup is due at 2025-11-30 16:02:00+03:00 (in 1595.367676 seconds)
2025-11-30 15:35:24,705 - aiogram.dispatcher - INFO - Run polling for bot @CtvtytestBot id=6339314152 - 'test0'
2025-11-30 15:36:00,742 - aiogram.event - INFO - Update id=301317169 is not handled. Duration 5 ms by bot id=6339314152
2025-11-30 15:36:00,744 - aiogram.event - ERROR - Cause exception while process update id=301317169 by bot id=6339314152
AttributeError: 'Message' object has no attribute 'data'
Traceback (most recent call last):
  File "c:\Users\ThinkPad\Desktop\тг боты\No database\бот домера\venv\Lib\site-packages\aiogram\dispatcher\dispatcher.py", line 309, in _process_update
    response = await self.feed_update(bot, update, **kwargs)
               ^^^^^^^^^^^^^^^^^^^^^^^^^^^^^^^^^^^^^^^^^^^^^
  File "c:\Users\ThinkPad\Desktop\тг боты\No database\бот домера\venv\Lib\site-packages\aiogram\dispatcher\dispatcher.py", line 158, in feed_update
    response = await self.update.wrap_outer_middleware(
               ^^^^^^^^^^^^^^^^^^^^^^^^^^^^^^^^^^^^^^^^
    ...<7 lines>...
    )
    ^
  File "c:\Users\ThinkPad\Desktop\тг боты\No database\бот домера\venv\Lib\site-packages\aiogram\dispatcher\middlewares\error.py", line 25, in __call__
    return await handler(event, data)
           ^^^^^^^^^^^^^^^^^^^^^^^^^^
  File "c:\Users\ThinkPad\Desktop\тг боты\No database\бот домера\venv\Lib\site-packages\aiogram\dispatcher\middlewares\user_context.py", line 56, in __call__
    return await handler(event, data)
           ^^^^^^^^^^^^^^^^^^^^^^^^^^
  File "c:\Users\ThinkPad\Desktop\тг боты\No database\бот домера\venv\Lib\site-packages\aiogram\fsm\middleware.py", line 42, in __call__
    return await handler(event, data)
           ^^^^^^^^^^^^^^^^^^^^^^^^^^
  File "c:\Users\ThinkPad\Desktop\тг боты\No database\бот домера\venv\Lib\site-packages\aiogram\dispatcher\event\telegram.py", line 121, in trigger
    return await wrapped_inner(event, kwargs)
           ^^^^^^^^^^^^^^^^^^^^^^^^^^^^^^^^^^
  File "c:\Users\ThinkPad\Desktop\тг боты\No database\бот домера\venv\Lib\site-packages\aiogram\dispatcher\event\handler.py", line 43, in call
    return await wrapped()
           ^^^^^^^^^^^^^^^
  File "c:\Users\ThinkPad\Desktop\тг боты\No database\бот домера\venv\Lib\site-packages\aiogram\dispatcher\dispatcher.py", line 276, in _listen_update
    return await self.propagate_event(update_type=update_type, event=event, **kwargs)
           ^^^^^^^^^^^^^^^^^^^^^^^^^^^^^^^^^^^^^^^^^^^^^^^^^^^^^^^^^^^^^^^^^^^^^^^^^^
  File "c:\Users\ThinkPad\Desktop\тг боты\No database\бот домера\venv\Lib\site-packages\aiogram\dispatcher\router.py", line 146, in propagate_event
    return await observer.wrap_outer_middleware(_wrapped, event=event, data=kwargs)
           ^^^^^^^^^^^^^^^^^^^^^^^^^^^^^^^^^^^^^^^^^^^^^^^^^^^^^^^^^^^^^^^^^^^^^^^^
  File "c:\Users\ThinkPad\Desktop\тг боты\No database\бот домера\venv\Lib\site-packages\aiogram\dispatcher\router.py", line 141, in _wrapped
    return await self._propagate_event(
           ^^^^^^^^^^^^^^^^^^^^^^^^^^^^
        observer=observer, update_type=update_type, event=telegram_event, **data
        ^^^^^^^^^^^^^^^^^^^^^^^^^^^^^^^^^^^^^^^^^^^^^^^^^^^^^^^^^^^^^^^^^^^^^^^^
    )
    ^
  File "c:\Users\ThinkPad\Desktop\тг боты\No database\бот домера\venv\Lib\site-packages\aiogram\dispatcher\router.py", line 174, in _propagate_event
    response = await router.propagate_event(update_type=update_type, event=event, **kwargs)
               ^^^^^^^^^^^^^^^^^^^^^^^^^^^^^^^^^^^^^^^^^^^^^^^^^^^^^^^^^^^^^^^^^^^^^^^^^^^^
  File "c:\Users\ThinkPad\Desktop\тг боты\No database\бот домера\venv\Lib\site-packages\aiogram\dispatcher\router.py", line 146, in propagate_event
    return await observer.wrap_outer_middleware(_wrapped, event=event, data=kwargs)
           ^^^^^^^^^^^^^^^^^^^^^^^^^^^^^^^^^^^^^^^^^^^^^^^^^^^^^^^^^^^^^^^^^^^^^^^^
  File "c:\Users\ThinkPad\Desktop\тг боты\No database\бот домера\venv\Lib\site-packages\aiogram\dispatcher\router.py", line 141, in _wrapped
    return await self._propagate_event(
           ^^^^^^^^^^^^^^^^^^^^^^^^^^^^
        observer=observer, update_type=update_type, event=telegram_event, **data
        ^^^^^^^^^^^^^^^^^^^^^^^^^^^^^^^^^^^^^^^^^^^^^^^^^^^^^^^^^^^^^^^^^^^^^^^^
    )
    ^
  File "c:\Users\ThinkPad\Desktop\тг боты\No database\бот домера\venv\Lib\site-packages\aiogram\dispatcher\router.py", line 166, in _propagate_event
    response = await observer.trigger(event, **kwargs)
               ^^^^^^^^^^^^^^^^^^^^^^^^^^^^^^^^^^^^^^^
  File "c:\Users\ThinkPad\Desktop\тг боты\No database\бот домера\venv\Lib\site-packages\aiogram\dispatcher\event\telegram.py", line 121, in trigger
    return await wrapped_inner(event, kwargs)
           ^^^^^^^^^^^^^^^^^^^^^^^^^^^^^^^^^^
  File "c:\Users\ThinkPad\Desktop\тг боты\No database\бот домера\venv\Lib\site-packages\aiogram\dispatcher\event\handler.py", line 43, in call
    return await wrapped()
           ^^^^^^^^^^^^^^^
  File "C:\Users\ThinkPad\Desktop\тг боты\No database\бот домера\бот1.1\src\handlers\components\decorators.py", line 16, in wrapper
    print(callback.data)
          ^^^^^^^^^^^^^
  File "c:\Users\ThinkPad\Desktop\тг боты\No database\бот домера\venv\Lib\site-packages\pydantic\main.py", line 991, in __getattr__
    raise AttributeError(f'{type(self).__name__!r} object has no attribute {item!r}')
AttributeError: 'Message' object has no attribute 'data'. Did you mean: 'date'?
2025-11-30 15:38:10,431 - root - DEBUG - ✅ Переопределён метод Message.answer с retry-логикой
2025-11-30 15:38:10,432 - root - DEBUG - ✅ Переопределён метод Message.reply с retry-логикой
2025-11-30 15:38:10,432 - root - DEBUG - ✅ Переопределён метод Message.edit_text с retry-логикой
2025-11-30 15:38:10,433 - root - DEBUG - ✅ Переопределён метод Message.edit_caption с retry-логикой
2025-11-30 15:38:10,433 - root - DEBUG - ✅ Переопределён метод Message.edit_reply_markup с retry-логикой
2025-11-30 15:38:10,433 - root - DEBUG - ✅ Переопределён метод Message.delete с retry-логикой
2025-11-30 15:38:10,434 - root - DEBUG - ✅ Переопределён метод Message.forward с retry-логикой
2025-11-30 15:38:10,434 - root - DEBUG - ✅ Переопределён метод Message.copy_to с retry-логикой
2025-11-30 15:38:10,434 - root - DEBUG - ✅ Переопределён метод Message.send_copy с retry-логикой
2025-11-30 15:38:10,438 - asyncio - DEBUG - Using proactor: IocpProactor
2025-11-30 15:38:11,965 - root - INFO - Бот запускается...
2025-11-30 15:38:11,967 - root - INFO - Загружено 2 администраторов
2025-11-30 15:38:11,995 - apscheduler.scheduler - INFO - Adding job tentatively -- it will be properly scheduled when the scheduler starts
2025-11-30 15:38:11,998 - apscheduler.scheduler - INFO - Adding job tentatively -- it will be properly scheduled when the scheduler starts
2025-11-30 15:38:12,001 - apscheduler.scheduler - INFO - Adding job tentatively -- it will be properly scheduled when the scheduler starts
2025-11-30 15:38:12,007 - apscheduler.scheduler - INFO - Added job "process_interest" to job store "default"
2025-11-30 15:38:12,008 - apscheduler.scheduler - INFO - Added job "reset_minecraft_season" to job store "default"
2025-11-30 15:38:12,010 - apscheduler.scheduler - INFO - Added job "send_monthly_reset_notification" to job store "default"
2025-11-30 15:38:12,012 - apscheduler.scheduler - INFO - Scheduler started
2025-11-30 15:38:12,013 - utils.background_tasks - INFO - ✅ InterestScheduler запущен
2025-11-30 15:38:12,014 - root - INFO - Фоновые задачи запущены
2025-11-30 15:38:12,016 - aiogram.dispatcher - INFO - Start polling
2025-11-30 15:38:12,018 - apscheduler.scheduler - DEBUG - Looking for jobs to run
2025-11-30 15:38:12,018 - apscheduler.scheduler - DEBUG - Next wakeup is due at 2025-11-30 16:02:00+03:00 (in 1427.981142 seconds)
2025-11-30 15:38:12,090 - aiogram.dispatcher - INFO - Run polling for bot @CtvtytestBot id=6339314152 - 'test0'
2025-11-30 15:38:27,565 - aiogram.event - INFO - Update id=301317170 is handled. Duration 468 ms by bot id=6339314152
2025-11-30 15:38:55,341 - aiogram.event - INFO - Update id=301317171 is handled. Duration 2156 ms by bot id=6339314152
2025-11-30 15:39:09,728 - aiogram.event - INFO - Update id=301317172 is handled. Duration 455 ms by bot id=6339314152
2025-11-30 15:41:24,536 - root - DEBUG - ✅ Переопределён метод Message.answer с retry-логикой
2025-11-30 15:41:24,536 - root - DEBUG - ✅ Переопределён метод Message.reply с retry-логикой
2025-11-30 15:41:24,537 - root - DEBUG - ✅ Переопределён метод Message.edit_text с retry-логикой
2025-11-30 15:41:24,537 - root - DEBUG - ✅ Переопределён метод Message.edit_caption с retry-логикой
2025-11-30 15:41:24,537 - root - DEBUG - ✅ Переопределён метод Message.edit_reply_markup с retry-логикой
2025-11-30 15:41:24,537 - root - DEBUG - ✅ Переопределён метод Message.delete с retry-логикой
2025-11-30 15:41:24,537 - root - DEBUG - ✅ Переопределён метод Message.forward с retry-логикой
2025-11-30 15:41:24,538 - root - DEBUG - ✅ Переопределён метод Message.copy_to с retry-логикой
2025-11-30 15:41:24,538 - root - DEBUG - ✅ Переопределён метод Message.send_copy с retry-логикой
2025-11-30 15:41:24,540 - asyncio - DEBUG - Using proactor: IocpProactor
2025-11-30 15:41:52,522 - root - DEBUG - ✅ Переопределён метод Message.answer с retry-логикой
2025-11-30 15:41:52,522 - root - DEBUG - ✅ Переопределён метод Message.reply с retry-логикой
2025-11-30 15:41:52,523 - root - DEBUG - ✅ Переопределён метод Message.edit_text с retry-логикой
2025-11-30 15:41:52,523 - root - DEBUG - ✅ Переопределён метод Message.edit_caption с retry-логикой
2025-11-30 15:41:52,523 - root - DEBUG - ✅ Переопределён метод Message.edit_reply_markup с retry-логикой
2025-11-30 15:41:52,523 - root - DEBUG - ✅ Переопределён метод Message.delete с retry-логикой
2025-11-30 15:41:52,523 - root - DEBUG - ✅ Переопределён метод Message.forward с retry-логикой
2025-11-30 15:41:52,524 - root - DEBUG - ✅ Переопределён метод Message.copy_to с retry-логикой
2025-11-30 15:41:52,524 - root - DEBUG - ✅ Переопределён метод Message.send_copy с retry-логикой
2025-11-30 15:41:52,526 - asyncio - DEBUG - Using proactor: IocpProactor
2025-11-30 15:42:06,497 - root - INFO - Бот запускается...
2025-11-30 15:42:06,499 - root - INFO - Загружено 2 администраторов
2025-11-30 15:42:06,529 - apscheduler.scheduler - INFO - Adding job tentatively -- it will be properly scheduled when the scheduler starts
2025-11-30 15:42:06,531 - apscheduler.scheduler - INFO - Adding job tentatively -- it will be properly scheduled when the scheduler starts
2025-11-30 15:42:06,534 - apscheduler.scheduler - INFO - Adding job tentatively -- it will be properly scheduled when the scheduler starts
2025-11-30 15:42:06,539 - apscheduler.scheduler - INFO - Added job "process_interest" to job store "default"
2025-11-30 15:42:06,541 - apscheduler.scheduler - INFO - Added job "reset_minecraft_season" to job store "default"
2025-11-30 15:42:06,542 - apscheduler.scheduler - INFO - Added job "send_monthly_reset_notification" to job store "default"
2025-11-30 15:42:06,544 - apscheduler.scheduler - INFO - Scheduler started
2025-11-30 15:42:06,546 - utils.background_tasks - INFO - ✅ InterestScheduler запущен
2025-11-30 15:42:06,547 - root - INFO - Фоновые задачи запущены
2025-11-30 15:42:06,548 - aiogram.dispatcher - INFO - Start polling
2025-11-30 15:42:06,550 - apscheduler.scheduler - DEBUG - Looking for jobs to run
2025-11-30 15:42:06,551 - apscheduler.scheduler - DEBUG - Next wakeup is due at 2025-11-30 16:02:00+03:00 (in 1193.449006 seconds)
2025-11-30 15:42:08,658 - aiogram.dispatcher - INFO - Run polling for bot @CtvtytestBot id=6339314152 - 'test0'
2025-11-30 15:42:20,200 - root - WARNING - [Retry 1/3] Ошибка при вызове Message.answer: TelegramNetworkError: HTTP Client says - ClientConnectorError: Cannot connect to host api.telegram.org:443 ssl:default [Указанное сетевое имя более недоступно]
2025-11-30 15:42:29,774 - root - WARNING - [Retry 2/3] Ошибка при вызове Message.answer: TelegramNetworkError: HTTP Client says - ClientConnectorError: Cannot connect to host api.telegram.org:443 ssl:default [Указанное сетевое имя более недоступно]
2025-11-30 15:42:42,461 - aiogram.event - INFO - Update id=301317175 is handled. Duration 28026 ms by bot id=6339314152
2025-11-30 15:43:49,737 - aiogram.dispatcher - ERROR - Failed to fetch updates - TelegramNetworkError: HTTP Client says - Request timeout error
2025-11-30 15:43:49,739 - aiogram.dispatcher - WARNING - Sleep for 1.000000 seconds and try again... (tryings = 0, bot id = 6339314152)
2025-11-30 15:44:52,080 - aiogram.dispatcher - INFO - Connection established (tryings = 1, bot id = 6339314152)
2025-11-30 15:45:13,191 - root - WARNING - [Retry 1/3] Ошибка при вызове Message.edit_text: TelegramNetworkError: HTTP Client says - ClientOSError: [WinError 1236] Подключение к сети было разорвано локальной системой
2025-11-30 15:45:13,215 - root - WARNING - [Retry 1/3] Ошибка при вызове Message.edit_text: TelegramNetworkError: HTTP Client says - ClientOSError: [WinError 1236] Подключение к сети было разорвано локальной системой
2025-11-30 15:45:13,260 - root - WARNING - [Retry 1/3] Ошибка при вызове Message.edit_text: TelegramNetworkError: HTTP Client says - ClientOSError: [WinError 1236] Подключение к сети было разорвано локальной системой
2025-11-30 15:45:13,280 - aiogram.dispatcher - ERROR - Failed to fetch updates - TelegramNetworkError: HTTP Client says - ClientOSError: [WinError 1236] Подключение к сети было разорвано локальной системой
2025-11-30 15:45:13,290 - aiogram.dispatcher - WARNING - Sleep for 1.000000 seconds and try again... (tryings = 0, bot id = 6339314152)
2025-11-30 15:45:35,237 - root - WARNING - [Retry 2/3] Ошибка при вызове Message.edit_text: TelegramNetworkError: HTTP Client says - ClientConnectorError: Cannot connect to host api.telegram.org:443 ssl:default [Превышен таймаут семафора]
2025-11-30 15:45:35,283 - root - WARNING - [Retry 2/3] Ошибка при вызове Message.edit_text: TelegramNetworkError: HTTP Client says - ClientConnectorError: Cannot connect to host api.telegram.org:443 ssl:default [Превышен таймаут семафора]
2025-11-30 15:45:35,314 - root - WARNING - [Retry 2/3] Ошибка при вызове Message.edit_text: TelegramNetworkError: HTTP Client says - ClientConnectorError: Cannot connect to host api.telegram.org:443 ssl:default [Превышен таймаут семафора]
2025-11-30 15:45:35,316 - aiogram.dispatcher - ERROR - Failed to fetch updates - TelegramNetworkError: HTTP Client says - ClientConnectorError: Cannot connect to host api.telegram.org:443 ssl:default [Превышен таймаут семафора]
2025-11-30 15:45:35,318 - aiogram.dispatcher - WARNING - Sleep for 1.101000 seconds and try again... (tryings = 1, bot id = 6339314152)
2025-11-30 15:45:36,883 - aiogram.dispatcher - INFO - Connection established (tryings = 2, bot id = 6339314152)
2025-11-30 15:45:37,376 - aiogram.event - INFO - Update id=301317179 is handled. Duration 489 ms by bot id=6339314152
2025-11-30 15:45:37,877 - aiogram.event - INFO - Update id=301317177 is handled. Duration 45792 ms by bot id=6339314152
2025-11-30 15:45:40,341 - aiogram.event - INFO - Update id=301317178 is handled. Duration 48255 ms by bot id=6339314152
2025-11-30 15:45:40,575 - aiogram.event - INFO - Update id=301317176 is handled. Duration 48492 ms by bot id=6339314152
2025-11-30 15:45:40,620 - aiogram.event - INFO - Update id=301317180 is handled. Duration 196 ms by bot id=6339314152
2025-11-30 15:45:44,513 - aiogram.event - INFO - Update id=301317181 is handled. Duration 184 ms by bot id=6339314152
2025-11-30 15:46:01,100 - aiogram.event - INFO - Update id=301317182 is handled. Duration 220 ms by bot id=6339314152
2025-11-30 15:46:04,096 - aiogram.event - INFO - Update id=301317183 is handled. Duration 642 ms by bot id=6339314152
2025-11-30 15:46:05,585 - aiogram.event - INFO - Update id=301317184 is handled. Duration 185 ms by bot id=6339314152
2025-11-30 15:46:16,000 - aiogram.event - INFO - Update id=301317185 is not handled. Duration 6 ms by bot id=6339314152
2025-11-30 15:47:06,338 - aiogram.event - INFO - Update id=301317186 is handled. Duration 2423 ms by bot id=6339314152
2025-11-30 15:47:41,888 - aiogram.event - INFO - Update id=301317187 is handled. Duration 359 ms by bot id=6339314152
2025-11-30 15:47:44,220 - aiogram.event - INFO - Update id=301317188 is handled. Duration 516 ms by bot id=6339314152
2025-11-30 15:47:46,925 - aiogram.event - INFO - Update id=301317189 is handled. Duration 150 ms by bot id=6339314152
2025-11-30 15:47:51,212 - aiogram.event - INFO - Update id=301317190 is handled. Duration 236 ms by bot id=6339314152
2025-11-30 15:48:43,204 - aiogram.event - INFO - Update id=301317191 is handled. Duration 2361 ms by bot id=6339314152
2025-11-30 15:48:51,856 - aiogram.event - INFO - Update id=301317192 is handled. Duration 2409 ms by bot id=6339314152
2025-11-30 15:49:10,362 - aiogram.event - INFO - Update id=301317193 is handled. Duration 222 ms by bot id=6339314152
2025-11-30 15:49:13,421 - aiogram.event - INFO - Update id=301317194 is handled. Duration 266 ms by bot id=6339314152
2025-11-30 15:49:14,219 - aiogram.event - INFO - Update id=301317195 is handled. Duration 360 ms by bot id=6339314152
2025-11-30 15:49:16,139 - aiogram.event - INFO - Update id=301317196 is handled. Duration 269 ms by bot id=6339314152
2025-11-30 15:49:17,762 - aiogram.event - INFO - Update id=301317197 is handled. Duration 160 ms by bot id=6339314152
2025-11-30 15:49:19,524 - aiogram.event - INFO - Update id=301317198 is handled. Duration 301 ms by bot id=6339314152
2025-11-30 15:49:21,017 - aiogram.event - INFO - Update id=301317199 is handled. Duration 239 ms by bot id=6339314152
2025-11-30 15:49:28,768 - aiogram.event - INFO - Update id=301317200 is handled. Duration 314 ms by bot id=6339314152
2025-11-30 15:49:30,040 - aiogram.event - INFO - Update id=301317201 is handled. Duration 176 ms by bot id=6339314152
2025-11-30 15:49:37,185 - aiogram.event - INFO - Update id=301317202 is handled. Duration 404 ms by bot id=6339314152
2025-11-30 15:49:40,910 - aiogram.event - INFO - Update id=301317203 is handled. Duration 165 ms by bot id=6339314152
2025-11-30 15:49:51,496 - aiogram.event - INFO - Update id=301317204 is handled. Duration 716 ms by bot id=6339314152
2025-11-30 15:50:02,221 - aiogram.event - INFO - Update id=301317205 is handled. Duration 158 ms by bot id=6339314152
2025-11-30 15:50:07,922 - aiogram.event - INFO - Update id=301317206 is handled. Duration 453 ms by bot id=6339314152
2025-11-30 15:50:13,424 - aiogram.event - INFO - Update id=301317207 is not handled. Duration 13 ms by bot id=6339314152
2025-11-30 15:51:44,558 - aiogram.event - INFO - Update id=301317208 is handled. Duration 2362 ms by bot id=6339314152
2025-11-30 15:51:53,631 - aiogram.event - INFO - Update id=301317209 is handled. Duration 2332 ms by bot id=6339314152
2025-11-30 16:01:21,303 - root - DEBUG - ✅ Переопределён метод Message.answer с retry-логикой
2025-11-30 16:01:21,303 - root - DEBUG - ✅ Переопределён метод Message.reply с retry-логикой
2025-11-30 16:01:21,303 - root - DEBUG - ✅ Переопределён метод Message.edit_text с retry-логикой
2025-11-30 16:01:21,303 - root - DEBUG - ✅ Переопределён метод Message.edit_caption с retry-логикой
2025-11-30 16:01:21,303 - root - DEBUG - ✅ Переопределён метод Message.edit_reply_markup с retry-логикой
2025-11-30 16:01:21,303 - root - DEBUG - ✅ Переопределён метод Message.delete с retry-логикой
2025-11-30 16:01:21,303 - root - DEBUG - ✅ Переопределён метод Message.forward с retry-логикой
2025-11-30 16:01:21,303 - root - DEBUG - ✅ Переопределён метод Message.copy_to с retry-логикой
2025-11-30 16:01:21,303 - root - DEBUG - ✅ Переопределён метод Message.send_copy с retry-логикой
2025-11-30 16:01:21,304 - asyncio - DEBUG - Using proactor: IocpProactor
2025-11-30 16:02:02,493 - root - DEBUG - ✅ Переопределён метод Message.answer с retry-логикой
2025-11-30 16:02:02,493 - root - DEBUG - ✅ Переопределён метод Message.reply с retry-логикой
2025-11-30 16:02:02,494 - root - DEBUG - ✅ Переопределён метод Message.edit_text с retry-логикой
2025-11-30 16:02:02,494 - root - DEBUG - ✅ Переопределён метод Message.edit_caption с retry-логикой
2025-11-30 16:02:02,494 - root - DEBUG - ✅ Переопределён метод Message.edit_reply_markup с retry-логикой
2025-11-30 16:02:02,494 - root - DEBUG - ✅ Переопределён метод Message.delete с retry-логикой
2025-11-30 16:02:02,494 - root - DEBUG - ✅ Переопределён метод Message.forward с retry-логикой
2025-11-30 16:02:02,494 - root - DEBUG - ✅ Переопределён метод Message.copy_to с retry-логикой
2025-11-30 16:02:02,494 - root - DEBUG - ✅ Переопределён метод Message.send_copy с retry-логикой
2025-11-30 16:02:02,495 - asyncio - DEBUG - Using proactor: IocpProactor
2025-11-30 16:02:04,195 - root - INFO - Бот запускается...
2025-11-30 16:02:04,212 - root - INFO - Загружено 2 администраторов
2025-11-30 16:02:04,226 - apscheduler.scheduler - INFO - Adding job tentatively -- it will be properly scheduled when the scheduler starts
2025-11-30 16:02:04,248 - apscheduler.scheduler - INFO - Adding job tentatively -- it will be properly scheduled when the scheduler starts
2025-11-30 16:02:04,250 - apscheduler.scheduler - INFO - Adding job tentatively -- it will be properly scheduled when the scheduler starts
2025-11-30 16:02:04,254 - apscheduler.scheduler - INFO - Added job "process_interest" to job store "default"
2025-11-30 16:02:04,272 - apscheduler.scheduler - INFO - Added job "reset_minecraft_season" to job store "default"
2025-11-30 16:02:04,273 - apscheduler.scheduler - INFO - Added job "send_monthly_reset_notification" to job store "default"
2025-11-30 16:02:04,274 - apscheduler.scheduler - INFO - Scheduler started
2025-11-30 16:02:04,275 - utils.background_tasks - INFO - ✅ InterestScheduler запущен
2025-11-30 16:02:04,275 - root - INFO - Фоновые задачи запущены
2025-11-30 16:02:04,276 - aiogram.dispatcher - INFO - Start polling
2025-11-30 16:02:04,277 - apscheduler.scheduler - DEBUG - Looking for jobs to run
2025-11-30 16:02:04,277 - apscheduler.scheduler - DEBUG - Next wakeup is due at 2025-11-30 23:59:00+03:00 (in 28615.722790 seconds)
2025-11-30 16:02:04,376 - aiogram.dispatcher - INFO - Run polling for bot @CtvtytestBot id=6339314152 - 'test0'
2025-11-30 16:02:08,007 - aiogram.event - INFO - Update id=301317214 is not handled. Duration 375 ms by bot id=6339314152
2025-11-30 16:02:08,009 - aiogram.event - ERROR - Cause exception while process update id=301317214 by bot id=6339314152
TelegramBadRequest: Telegram server says - Bad Request: TOPIC_CLOSED
Traceback (most recent call last):
  File "c:\Users\ThinkPad\Desktop\тг боты\No database\бот домера\venv\Lib\site-packages\aiogram\dispatcher\dispatcher.py", line 309, in _process_update
    response = await self.feed_update(bot, update, **kwargs)
               ^^^^^^^^^^^^^^^^^^^^^^^^^^^^^^^^^^^^^^^^^^^^^
  File "c:\Users\ThinkPad\Desktop\тг боты\No database\бот домера\venv\Lib\site-packages\aiogram\dispatcher\dispatcher.py", line 158, in feed_update
    response = await self.update.wrap_outer_middleware(
               ^^^^^^^^^^^^^^^^^^^^^^^^^^^^^^^^^^^^^^^^
    ...<7 lines>...
    )
    ^
  File "c:\Users\ThinkPad\Desktop\тг боты\No database\бот домера\venv\Lib\site-packages\aiogram\dispatcher\middlewares\error.py", line 25, in __call__
    return await handler(event, data)
           ^^^^^^^^^^^^^^^^^^^^^^^^^^
  File "c:\Users\ThinkPad\Desktop\тг боты\No database\бот домера\venv\Lib\site-packages\aiogram\dispatcher\middlewares\user_context.py", line 56, in __call__
    return await handler(event, data)
           ^^^^^^^^^^^^^^^^^^^^^^^^^^
  File "c:\Users\ThinkPad\Desktop\тг боты\No database\бот домера\venv\Lib\site-packages\aiogram\fsm\middleware.py", line 42, in __call__
    return await handler(event, data)
           ^^^^^^^^^^^^^^^^^^^^^^^^^^
  File "c:\Users\ThinkPad\Desktop\тг боты\No database\бот домера\venv\Lib\site-packages\aiogram\dispatcher\event\telegram.py", line 121, in trigger
    return await wrapped_inner(event, kwargs)
           ^^^^^^^^^^^^^^^^^^^^^^^^^^^^^^^^^^
  File "c:\Users\ThinkPad\Desktop\тг боты\No database\бот домера\venv\Lib\site-packages\aiogram\dispatcher\event\handler.py", line 43, in call
    return await wrapped()
           ^^^^^^^^^^^^^^^
  File "c:\Users\ThinkPad\Desktop\тг боты\No database\бот домера\venv\Lib\site-packages\aiogram\dispatcher\dispatcher.py", line 276, in _listen_update
    return await self.propagate_event(update_type=update_type, event=event, **kwargs)
           ^^^^^^^^^^^^^^^^^^^^^^^^^^^^^^^^^^^^^^^^^^^^^^^^^^^^^^^^^^^^^^^^^^^^^^^^^^
  File "c:\Users\ThinkPad\Desktop\тг боты\No database\бот домера\venv\Lib\site-packages\aiogram\dispatcher\router.py", line 146, in propagate_event
    return await observer.wrap_outer_middleware(_wrapped, event=event, data=kwargs)
           ^^^^^^^^^^^^^^^^^^^^^^^^^^^^^^^^^^^^^^^^^^^^^^^^^^^^^^^^^^^^^^^^^^^^^^^^
  File "c:\Users\ThinkPad\Desktop\тг боты\No database\бот домера\venv\Lib\site-packages\aiogram\dispatcher\router.py", line 141, in _wrapped
    return await self._propagate_event(
           ^^^^^^^^^^^^^^^^^^^^^^^^^^^^
        observer=observer, update_type=update_type, event=telegram_event, **data
        ^^^^^^^^^^^^^^^^^^^^^^^^^^^^^^^^^^^^^^^^^^^^^^^^^^^^^^^^^^^^^^^^^^^^^^^^
    )
    ^
  File "c:\Users\ThinkPad\Desktop\тг боты\No database\бот домера\venv\Lib\site-packages\aiogram\dispatcher\router.py", line 174, in _propagate_event
    response = await router.propagate_event(update_type=update_type, event=event, **kwargs)
               ^^^^^^^^^^^^^^^^^^^^^^^^^^^^^^^^^^^^^^^^^^^^^^^^^^^^^^^^^^^^^^^^^^^^^^^^^^^^
  File "c:\Users\ThinkPad\Desktop\тг боты\No database\бот домера\venv\Lib\site-packages\aiogram\dispatcher\router.py", line 146, in propagate_event
    return await observer.wrap_outer_middleware(_wrapped, event=event, data=kwargs)
           ^^^^^^^^^^^^^^^^^^^^^^^^^^^^^^^^^^^^^^^^^^^^^^^^^^^^^^^^^^^^^^^^^^^^^^^^
  File "c:\Users\ThinkPad\Desktop\тг боты\No database\бот домера\venv\Lib\site-packages\aiogram\dispatcher\router.py", line 141, in _wrapped
    return await self._propagate_event(
           ^^^^^^^^^^^^^^^^^^^^^^^^^^^^
        observer=observer, update_type=update_type, event=telegram_event, **data
        ^^^^^^^^^^^^^^^^^^^^^^^^^^^^^^^^^^^^^^^^^^^^^^^^^^^^^^^^^^^^^^^^^^^^^^^^
    )
    ^
  File "c:\Users\ThinkPad\Desktop\тг боты\No database\бот домера\venv\Lib\site-packages\aiogram\dispatcher\router.py", line 166, in _propagate_event
    response = await observer.trigger(event, **kwargs)
               ^^^^^^^^^^^^^^^^^^^^^^^^^^^^^^^^^^^^^^^
  File "c:\Users\ThinkPad\Desktop\тг боты\No database\бот домера\venv\Lib\site-packages\aiogram\dispatcher\event\telegram.py", line 121, in trigger
    return await wrapped_inner(event, kwargs)
           ^^^^^^^^^^^^^^^^^^^^^^^^^^^^^^^^^^
  File "c:\Users\ThinkPad\Desktop\тг боты\No database\бот домера\venv\Lib\site-packages\aiogram\dispatcher\event\handler.py", line 43, in call
    return await wrapped()
           ^^^^^^^^^^^^^^^
  File "C:\Users\ThinkPad\Desktop\тг боты\No database\бот домера\бот1.1\src\handlers\components\decorators.py", line 46, in wrapper
    return await handler(callback, *args, **kwargs)
           ^^^^^^^^^^^^^^^^^^^^^^^^^^^^^^^^^^^^^^^^
  File "C:\Users\ThinkPad\Desktop\тг боты\No database\бот домера\бот1.1\src\handlers\common_cmds.py", line 57, in cmd_shop
    await send_msg_call(event, text=text, reply_markup=keyboard, parse_mode='HTML')
  File "C:\Users\ThinkPad\Desktop\тг боты\No database\бот домера\бот1.1\src\handlers\common_funcs.py", line 15, in send_msg_call
    await event.answer(**kwargs)
  File "C:\Users\ThinkPad\Desktop\тг боты\No database\бот домера\бот1.1\src\app.py", line 64, in safe_wrapper
    return await original_func(self, *args, **kwargs)
           ^^^^^^^^^^^^^^^^^^^^^^^^^^^^^^^^^^^^^^^^^^
  File "c:\Users\ThinkPad\Desktop\тг боты\No database\бот домера\venv\Lib\site-packages\aiogram\methods\base.py", line 84, in emit
    return await bot(self)
           ^^^^^^^^^^^^^^^
  File "c:\Users\ThinkPad\Desktop\тг боты\No database\бот домера\venv\Lib\site-packages\aiogram\client\bot.py", line 485, in __call__
    return await self.session(self, method, timeout=request_timeout)
           ^^^^^^^^^^^^^^^^^^^^^^^^^^^^^^^^^^^^^^^^^^^^^^^^^^^^^^^^^
  File "c:\Users\ThinkPad\Desktop\тг боты\No database\бот домера\venv\Lib\site-packages\aiogram\client\session\base.py", line 254, in __call__
    return cast(TelegramType, await middleware(bot, method))
                              ^^^^^^^^^^^^^^^^^^^^^^^^^^^^^
  File "c:\Users\ThinkPad\Desktop\тг боты\No database\бот домера\venv\Lib\site-packages\aiogram\client\session\aiohttp.py", line 185, in make_request
    response = self.check_response(
        bot=bot, method=method, status_code=resp.status, content=raw_result
    )
  File "c:\Users\ThinkPad\Desktop\тг боты\No database\бот домера\venv\Lib\site-packages\aiogram\client\session\base.py", line 120, in check_response
    raise TelegramBadRequest(method=method, message=description)
aiogram.exceptions.TelegramBadRequest: Telegram server says - Bad Request: TOPIC_CLOSED
2025-11-30 16:02:14,905 - aiogram.event - INFO - Update id=301317215 is not handled. Duration 8 ms by bot id=6339314152
2025-11-30 16:02:16,505 - aiogram.event - INFO - Update id=301317216 is handled. Duration 212 ms by bot id=6339314152
2025-11-30 16:03:01,169 - aiogram.event - INFO - Update id=301317217 is handled. Duration 2255 ms by bot id=6339314152
2025-11-30 16:03:53,796 - aiogram.event - INFO - Update id=301317218 is not handled. Duration 5 ms by bot id=6339314152
2025-11-30 16:04:45,872 - aiogram.event - INFO - Update id=301317219 is handled. Duration 2274 ms by bot id=6339314152
2025-11-30 16:04:46,264 - aiogram.event - INFO - Update id=301317220 is not handled. Duration 5 ms by bot id=6339314152
2025-11-30 16:04:46,865 - aiogram.event - INFO - Update id=301317221 is not handled. Duration 7 ms by bot id=6339314152
2025-11-30 16:04:50,365 - aiogram.event - INFO - Update id=301317222 is handled. Duration 2258 ms by bot id=6339314152
2025-11-30 16:04:53,482 - aiogram.event - INFO - Update id=301317223 is handled. Duration 2246 ms by bot id=6339314152
2025-11-30 16:04:54,619 - aiogram.event - INFO - Update id=301317224 is handled. Duration 2333 ms by bot id=6339314152
2025-11-30 16:06:32,945 - aiogram.event - INFO - Update id=301317225 is handled. Duration 2279 ms by bot id=6339314152
2025-11-30 16:06:34,183 - aiogram.event - INFO - Update id=301317226 is handled. Duration 2402 ms by bot id=6339314152
2025-11-30 16:06:34,807 - aiogram.event - INFO - Update id=301317227 is not handled. Duration 6 ms by bot id=6339314152
2025-11-30 16:06:36,337 - aiogram.event - INFO - Update id=301317228 is not handled. Duration 5 ms by bot id=6339314152
2025-11-30 16:06:41,102 - aiogram.event - INFO - Update id=301317229 is not handled. Duration 5 ms by bot id=6339314152
2025-11-30 16:08:10,743 - aiogram.event - INFO - Update id=301317230 is handled. Duration 162 ms by bot id=6339314152
2025-11-30 16:08:14,714 - aiogram.event - INFO - Update id=301317231 is handled. Duration 2736 ms by bot id=6339314152
2025-11-30 16:08:23,443 - aiogram.event - INFO - Update id=301317232 is handled. Duration 304 ms by bot id=6339314152
2025-11-30 16:08:35,322 - aiogram.event - INFO - Update id=301317233 is handled. Duration 2864 ms by bot id=6339314152
2025-11-30 16:10:42,028 - root - DEBUG - ✅ Переопределён метод Message.answer с retry-логикой
2025-11-30 16:10:42,029 - root - DEBUG - ✅ Переопределён метод Message.reply с retry-логикой
2025-11-30 16:10:42,029 - root - DEBUG - ✅ Переопределён метод Message.edit_text с retry-логикой
2025-11-30 16:10:42,030 - root - DEBUG - ✅ Переопределён метод Message.edit_caption с retry-логикой
2025-11-30 16:10:42,030 - root - DEBUG - ✅ Переопределён метод Message.edit_reply_markup с retry-логикой
2025-11-30 16:10:42,030 - root - DEBUG - ✅ Переопределён метод Message.delete с retry-логикой
2025-11-30 16:10:42,031 - root - DEBUG - ✅ Переопределён метод Message.forward с retry-логикой
2025-11-30 16:10:42,031 - root - DEBUG - ✅ Переопределён метод Message.copy_to с retry-логикой
2025-11-30 16:10:42,031 - root - DEBUG - ✅ Переопределён метод Message.send_copy с retry-логикой
2025-11-30 16:10:42,035 - asyncio - DEBUG - Using proactor: IocpProactor
2025-11-30 16:10:43,623 - root - INFO - Бот запускается...
2025-11-30 16:10:43,626 - root - INFO - Загружено 2 администраторов
2025-11-30 16:10:43,668 - apscheduler.scheduler - INFO - Adding job tentatively -- it will be properly scheduled when the scheduler starts
2025-11-30 16:10:43,672 - apscheduler.scheduler - INFO - Adding job tentatively -- it will be properly scheduled when the scheduler starts
2025-11-30 16:10:43,675 - apscheduler.scheduler - INFO - Adding job tentatively -- it will be properly scheduled when the scheduler starts
2025-11-30 16:10:43,683 - apscheduler.scheduler - INFO - Added job "process_interest" to job store "default"
2025-11-30 16:10:43,689 - apscheduler.scheduler - INFO - Added job "reset_minecraft_season" to job store "default"
2025-11-30 16:10:43,693 - apscheduler.scheduler - INFO - Added job "send_monthly_reset_notification" to job store "default"
2025-11-30 16:10:43,697 - apscheduler.scheduler - INFO - Scheduler started
2025-11-30 16:10:43,699 - utils.background_tasks - INFO - ✅ InterestScheduler запущен
2025-11-30 16:10:43,702 - root - INFO - Фоновые задачи запущены
2025-11-30 16:10:43,705 - aiogram.dispatcher - INFO - Start polling
2025-11-30 16:10:43,706 - apscheduler.scheduler - DEBUG - Looking for jobs to run
2025-11-30 16:10:43,707 - apscheduler.scheduler - DEBUG - Next wakeup is due at 2025-11-30 23:59:00+03:00 (in 28096.292755 seconds)
2025-11-30 16:10:43,810 - aiogram.dispatcher - INFO - Run polling for bot @CtvtytestBot id=6339314152 - 'test0'
2025-11-30 16:10:54,121 - aiogram.event - INFO - Update id=301317234 is handled. Duration 407 ms by bot id=6339314152
2025-11-30 16:10:59,411 - aiogram.event - INFO - Update id=301317235 is handled. Duration 2839 ms by bot id=6339314152
2025-11-30 16:11:09,372 - aiogram.event - INFO - Update id=301317236 is handled. Duration 304 ms by bot id=6339314152
2025-11-30 16:11:12,553 - aiogram.event - INFO - Update id=301317237 is handled. Duration 147 ms by bot id=6339314152
2025-11-30 16:11:14,895 - aiogram.event - INFO - Update id=301317238 is handled. Duration 336 ms by bot id=6339314152
2025-11-30 16:11:15,791 - aiogram.event - INFO - Update id=301317239 is not handled. Duration 6 ms by bot id=6339314152
2025-11-30 16:11:18,822 - aiogram.event - INFO - Update id=301317240 is handled. Duration 169 ms by bot id=6339314152
2025-11-30 16:11:20,186 - aiogram.event - INFO - Update id=301317241 is handled. Duration 174 ms by bot id=6339314152
2025-11-30 16:11:25,276 - aiogram.event - INFO - Update id=301317242 is handled. Duration 159 ms by bot id=6339314152
2025-11-30 16:11:27,246 - aiogram.event - INFO - Update id=301317243 is handled. Duration 198 ms by bot id=6339314152
2025-11-30 16:11:28,789 - aiogram.event - INFO - Update id=301317244 is handled. Duration 306 ms by bot id=6339314152
2025-11-30 16:11:28,931 - aiogram.event - INFO - Update id=301317245 is not handled. Duration 6 ms by bot id=6339314152
2025-11-30 16:11:30,636 - aiogram.event - INFO - Update id=301317246 is handled. Duration 206 ms by bot id=6339314152
2025-11-30 16:11:35,351 - aiogram.event - INFO - Update id=301317247 is not handled. Duration 7 ms by bot id=6339314152
2025-11-30 16:11:38,678 - aiogram.event - INFO - Update id=301317248 is handled. Duration 157 ms by bot id=6339314152
2025-11-30 16:11:39,839 - aiogram.event - INFO - Update id=301317249 is not handled. Duration 5 ms by bot id=6339314152
2025-11-30 16:11:40,109 - aiogram.event - INFO - Update id=301317250 is handled. Duration 169 ms by bot id=6339314152
2025-11-30 16:11:43,703 - aiogram.event - INFO - Update id=301317251 is handled. Duration 167 ms by bot id=6339314152
2025-11-30 16:11:45,948 - aiogram.event - INFO - Update id=301317252 is handled. Duration 169 ms by bot id=6339314152
2025-11-30 16:11:47,592 - aiogram.event - INFO - Update id=301317253 is handled. Duration 148 ms by bot id=6339314152
2025-11-30 16:11:52,441 - aiogram.event - INFO - Update id=301317254 is handled. Duration 407 ms by bot id=6339314152
2025-11-30 16:11:54,361 - aiogram.event - INFO - Update id=301317255 is handled. Duration 176 ms by bot id=6339314152
2025-11-30 16:12:02,290 - aiogram.event - INFO - Update id=301317256 is not handled. Duration 6 ms by bot id=6339314152
2025-11-30 16:12:20,483 - aiogram.event - INFO - Update id=301317257 is handled. Duration 190 ms by bot id=6339314152
2025-11-30 16:12:22,049 - aiogram.event - INFO - Update id=301317258 is not handled. Duration 7 ms by bot id=6339314152
2025-11-30 16:12:24,374 - aiogram.event - INFO - Update id=301317259 is handled. Duration 182 ms by bot id=6339314152
2025-11-30 16:12:28,031 - aiogram.event - INFO - Update id=301317260 is handled. Duration 158 ms by bot id=6339314152
2025-11-30 16:12:30,732 - aiogram.event - INFO - Update id=301317261 is handled. Duration 148 ms by bot id=6339314152
2025-11-30 16:12:32,741 - aiogram.event - INFO - Update id=301317262 is handled. Duration 156 ms by bot id=6339314152
2025-11-30 16:12:33,345 - aiogram.event - INFO - Update id=301317263 is handled. Duration 146 ms by bot id=6339314152
2025-11-30 16:12:35,247 - aiogram.event - INFO - Update id=301317264 is handled. Duration 402 ms by bot id=6339314152
2025-11-30 16:12:38,173 - aiogram.event - INFO - Update id=301317265 is handled. Duration 153 ms by bot id=6339314152
2025-11-30 16:12:41,377 - aiogram.event - INFO - Update id=301317266 is handled. Duration 219 ms by bot id=6339314152
2025-11-30 16:12:41,685 - aiogram.event - INFO - Update id=301317267 is handled. Duration 259 ms by bot id=6339314152
2025-11-30 16:12:43,644 - aiogram.event - INFO - Update id=301317268 is handled. Duration 210 ms by bot id=6339314152
2025-11-30 16:12:46,295 - aiogram.event - INFO - Update id=301317269 is handled. Duration 194 ms by bot id=6339314152
2025-11-30 16:12:53,231 - aiogram.event - INFO - Update id=301317270 is not handled. Duration 2 ms by bot id=6339314152
2025-11-30 16:12:57,877 - aiogram.event - INFO - Update id=301317271 is handled. Duration 154 ms by bot id=6339314152
2025-11-30 16:12:59,629 - aiogram.event - INFO - Update id=301317272 is handled. Duration 156 ms by bot id=6339314152
2025-11-30 16:13:03,113 - aiogram.event - INFO - Update id=301317273 is handled. Duration 239 ms by bot id=6339314152
2025-11-30 16:13:04,412 - aiogram.event - INFO - Update id=301317274 is handled. Duration 244 ms by bot id=6339314152
2025-11-30 16:13:06,132 - aiogram.event - INFO - Update id=301317275 is handled. Duration 155 ms by bot id=6339314152
2025-11-30 16:13:07,898 - aiogram.event - INFO - Update id=301317276 is handled. Duration 158 ms by bot id=6339314152
2025-11-30 16:13:22,418 - aiogram.event - INFO - Update id=301317277 is not handled. Duration 8 ms by bot id=6339314152
2025-11-30 16:13:27,371 - aiogram.event - INFO - Update id=301317278 is handled. Duration 176 ms by bot id=6339314152
2025-11-30 16:13:29,098 - aiogram.event - INFO - Update id=301317279 is handled. Duration 206 ms by bot id=6339314152
2025-11-30 16:13:29,396 - aiogram.event - INFO - Update id=301317280 is handled. Duration 398 ms by bot id=6339314152
2025-11-30 16:13:30,787 - aiogram.event - INFO - Update id=301317281 is handled. Duration 171 ms by bot id=6339314152
2025-11-30 16:13:32,528 - aiogram.event - INFO - Update id=301317282 is handled. Duration 142 ms by bot id=6339314152
2025-11-30 16:13:33,538 - aiogram.event - INFO - Update id=301317283 is handled. Duration 161 ms by bot id=6339314152
2025-11-30 16:13:34,437 - aiogram.event - INFO - Update id=301317284 is handled. Duration 148 ms by bot id=6339314152
2025-11-30 16:13:34,951 - aiogram.event - INFO - Update id=301317285 is handled. Duration 150 ms by bot id=6339314152
2025-11-30 16:13:36,983 - aiogram.event - INFO - Update id=301317286 is handled. Duration 158 ms by bot id=6339314152
2025-11-30 16:13:37,991 - aiogram.event - INFO - Update id=301317287 is handled. Duration 177 ms by bot id=6339314152
2025-11-30 16:13:38,975 - aiogram.event - INFO - Update id=301317288 is handled. Duration 229 ms by bot id=6339314152
2025-11-30 16:13:40,168 - aiogram.event - INFO - Update id=301317289 is handled. Duration 171 ms by bot id=6339314152
2025-11-30 16:13:57,173 - aiogram.event - INFO - Update id=301317290 is not handled. Duration 6 ms by bot id=6339314152
2025-11-30 16:14:00,027 - aiogram.event - INFO - Update id=301317291 is not handled. Duration 3 ms by bot id=6339314152
2025-11-30 16:14:16,770 - aiogram.event - INFO - Update id=301317292 is handled. Duration 148 ms by bot id=6339314152
2025-11-30 16:14:18,850 - aiogram.event - INFO - Update id=301317293 is handled. Duration 266 ms by bot id=6339314152
2025-11-30 16:14:20,917 - aiogram.event - INFO - Update id=301317294 is handled. Duration 198 ms by bot id=6339314152
2025-11-30 16:14:41,467 - aiogram.event - INFO - Update id=301317295 is handled. Duration 254 ms by bot id=6339314152
2025-11-30 16:15:30,704 - aiogram.event - INFO - Update id=301317296 is handled. Duration 149 ms by bot id=6339314152
2025-11-30 16:15:32,508 - aiogram.event - INFO - Update id=301317297 is handled. Duration 172 ms by bot id=6339314152
2025-11-30 16:15:39,806 - aiogram.event - INFO - Update id=301317298 is handled. Duration 134 ms by bot id=6339314152
2025-11-30 16:15:41,571 - aiogram.event - INFO - Update id=301317299 is handled. Duration 267 ms by bot id=6339314152
2025-11-30 16:15:43,668 - aiogram.event - INFO - Update id=301317300 is handled. Duration 149 ms by bot id=6339314152
2025-11-30 16:15:46,763 - aiogram.event - INFO - Update id=301317301 is handled. Duration 242 ms by bot id=6339314152
2025-11-30 16:16:09,498 - root - DEBUG - ✅ Переопределён метод Message.answer с retry-логикой
2025-11-30 16:16:09,499 - root - DEBUG - ✅ Переопределён метод Message.reply с retry-логикой
2025-11-30 16:16:09,499 - root - DEBUG - ✅ Переопределён метод Message.edit_text с retry-логикой
2025-11-30 16:16:09,499 - root - DEBUG - ✅ Переопределён метод Message.edit_caption с retry-логикой
2025-11-30 16:16:09,499 - root - DEBUG - ✅ Переопределён метод Message.edit_reply_markup с retry-логикой
2025-11-30 16:16:09,500 - root - DEBUG - ✅ Переопределён метод Message.delete с retry-логикой
2025-11-30 16:16:09,500 - root - DEBUG - ✅ Переопределён метод Message.forward с retry-логикой
2025-11-30 16:16:09,500 - root - DEBUG - ✅ Переопределён метод Message.copy_to с retry-логикой
2025-11-30 16:16:09,500 - root - DEBUG - ✅ Переопределён метод Message.send_copy с retry-логикой
2025-11-30 16:16:09,502 - asyncio - DEBUG - Using proactor: IocpProactor
2025-11-30 16:16:10,603 - root - INFO - Бот запускается...
2025-11-30 16:16:10,605 - root - INFO - Загружено 2 администраторов
2025-11-30 16:16:10,636 - apscheduler.scheduler - INFO - Adding job tentatively -- it will be properly scheduled when the scheduler starts
2025-11-30 16:16:10,638 - apscheduler.scheduler - INFO - Adding job tentatively -- it will be properly scheduled when the scheduler starts
2025-11-30 16:16:10,640 - apscheduler.scheduler - INFO - Adding job tentatively -- it will be properly scheduled when the scheduler starts
2025-11-30 16:16:10,644 - apscheduler.scheduler - INFO - Added job "process_interest" to job store "default"
2025-11-30 16:16:10,645 - apscheduler.scheduler - INFO - Added job "reset_minecraft_season" to job store "default"
2025-11-30 16:16:10,647 - apscheduler.scheduler - INFO - Added job "send_monthly_reset_notification" to job store "default"
2025-11-30 16:16:10,648 - apscheduler.scheduler - INFO - Scheduler started
2025-11-30 16:16:10,650 - utils.background_tasks - INFO - ✅ InterestScheduler запущен
2025-11-30 16:16:10,651 - root - INFO - Фоновые задачи запущены
2025-11-30 16:16:10,653 - aiogram.dispatcher - INFO - Start polling
2025-11-30 16:16:10,654 - apscheduler.scheduler - DEBUG - Looking for jobs to run
2025-11-30 16:16:10,655 - apscheduler.scheduler - DEBUG - Next wakeup is due at 2025-11-30 23:59:00+03:00 (in 27769.345055 seconds)
2025-11-30 16:16:10,755 - aiogram.dispatcher - INFO - Run polling for bot @CtvtytestBot id=6339314152 - 'test0'
2025-11-30 16:16:36,458 - aiogram.event - INFO - Update id=301317302 is not handled. Duration 5 ms by bot id=6339314152
2025-11-30 16:16:51,668 - aiogram.event - INFO - Update id=301317303 is handled. Duration 422 ms by bot id=6339314152
2025-11-30 16:16:53,943 - aiogram.event - INFO - Update id=301317304 is not handled. Duration 6 ms by bot id=6339314152
2025-11-30 16:17:15,826 - aiogram.event - INFO - Update id=301317305 is not handled. Duration 6 ms by bot id=6339314152
2025-11-30 16:17:17,364 - aiogram.event - INFO - Update id=301317306 is not handled. Duration 8 ms by bot id=6339314152
2025-11-30 16:17:17,838 - aiogram.event - INFO - Update id=301317307 is handled. Duration 175 ms by bot id=6339314152
2025-11-30 16:17:24,425 - aiogram.event - INFO - Update id=301317308 is handled. Duration 208 ms by bot id=6339314152
2025-11-30 16:17:25,409 - aiogram.event - INFO - Update id=301317309 is not handled. Duration 6 ms by bot id=6339314152
2025-11-30 16:17:29,699 - aiogram.event - INFO - Update id=301317310 is handled. Duration 158 ms by bot id=6339314152
2025-11-30 16:17:35,019 - aiogram.event - INFO - Update id=301317311 is handled. Duration 152 ms by bot id=6339314152
2025-11-30 16:17:39,160 - aiogram.event - INFO - Update id=301317312 is handled. Duration 2655 ms by bot id=6339314152
2025-11-30 16:17:41,740 - aiogram.event - INFO - Update id=301317313 is handled. Duration 144 ms by bot id=6339314152
2025-11-30 16:17:43,533 - aiogram.event - INFO - Update id=301317314 is handled. Duration 270 ms by bot id=6339314152
2025-11-30 16:17:46,820 - aiogram.event - INFO - Update id=301317315 is handled. Duration 146 ms by bot id=6339314152
2025-11-30 16:18:00,420 - aiogram.event - INFO - Update id=301317316 is handled. Duration 158 ms by bot id=6339314152
2025-11-30 16:18:01,260 - aiogram.event - INFO - Update id=301317317 is handled. Duration 232 ms by bot id=6339314152
2025-11-30 16:18:03,867 - aiogram.event - INFO - Update id=301317318 is handled. Duration 147 ms by bot id=6339314152
2025-11-30 16:18:04,751 - aiogram.event - INFO - Update id=301317319 is handled. Duration 125 ms by bot id=6339314152
2025-11-30 16:18:11,691 - aiogram.event - INFO - Update id=301317320 is handled. Duration 2826 ms by bot id=6339314152
2025-11-30 16:18:14,567 - aiogram.event - INFO - Update id=301317321 is handled. Duration 257 ms by bot id=6339314152
2025-11-30 16:18:16,562 - aiogram.event - INFO - Update id=301317323 is handled. Duration 150 ms by bot id=6339314152
2025-11-30 16:18:16,868 - aiogram.event - INFO - Update id=301317322 is handled. Duration 2455 ms by bot id=6339314152
2025-11-30 16:18:21,800 - aiogram.event - INFO - Update id=301317324 is handled. Duration 2428 ms by bot id=6339314152
2025-11-30 16:18:26,451 - aiogram.event - INFO - Update id=301317325 is handled. Duration 2334 ms by bot id=6339314152
2025-11-30 16:18:31,524 - aiogram.event - INFO - Update id=301317326 is handled. Duration 2319 ms by bot id=6339314152
2025-11-30 16:18:33,948 - aiogram.event - INFO - Update id=301317327 is handled. Duration 2530 ms by bot id=6339314152
2025-11-30 16:18:36,051 - aiogram.event - INFO - Update id=301317328 is handled. Duration 2289 ms by bot id=6339314152
2025-11-30 16:18:37,781 - aiogram.event - INFO - Update id=301317329 is handled. Duration 2366 ms by bot id=6339314152
2025-11-30 16:18:41,607 - aiogram.event - INFO - Update id=301317330 is handled. Duration 2305 ms by bot id=6339314152
2025-11-30 16:18:44,677 - aiogram.event - INFO - Update id=301317331 is handled. Duration 2240 ms by bot id=6339314152
2025-11-30 16:18:59,605 - root - DEBUG - ✅ Переопределён метод Message.answer с retry-логикой
2025-11-30 16:18:59,607 - root - DEBUG - ✅ Переопределён метод Message.reply с retry-логикой
2025-11-30 16:18:59,607 - root - DEBUG - ✅ Переопределён метод Message.edit_text с retry-логикой
2025-11-30 16:18:59,608 - root - DEBUG - ✅ Переопределён метод Message.edit_caption с retry-логикой
2025-11-30 16:18:59,608 - root - DEBUG - ✅ Переопределён метод Message.edit_reply_markup с retry-логикой
2025-11-30 16:18:59,608 - root - DEBUG - ✅ Переопределён метод Message.delete с retry-логикой
2025-11-30 16:18:59,608 - root - DEBUG - ✅ Переопределён метод Message.forward с retry-логикой
2025-11-30 16:18:59,609 - root - DEBUG - ✅ Переопределён метод Message.copy_to с retry-логикой
2025-11-30 16:18:59,609 - root - DEBUG - ✅ Переопределён метод Message.send_copy с retry-логикой
2025-11-30 16:18:59,613 - asyncio - DEBUG - Using proactor: IocpProactor
2025-11-30 16:19:01,062 - root - INFO - Бот запускается...
2025-11-30 16:19:01,064 - root - INFO - Загружено 2 администраторов
2025-11-30 16:19:01,100 - apscheduler.scheduler - INFO - Adding job tentatively -- it will be properly scheduled when the scheduler starts
2025-11-30 16:19:01,102 - apscheduler.scheduler - INFO - Adding job tentatively -- it will be properly scheduled when the scheduler starts
2025-11-30 16:19:01,105 - apscheduler.scheduler - INFO - Adding job tentatively -- it will be properly scheduled when the scheduler starts
2025-11-30 16:19:01,114 - apscheduler.scheduler - INFO - Added job "process_interest" to job store "default"
2025-11-30 16:19:01,115 - apscheduler.scheduler - INFO - Added job "reset_minecraft_season" to job store "default"
2025-11-30 16:19:01,117 - apscheduler.scheduler - INFO - Added job "send_monthly_reset_notification" to job store "default"
2025-11-30 16:19:01,119 - apscheduler.scheduler - INFO - Scheduler started
2025-11-30 16:19:01,121 - utils.background_tasks - INFO - ✅ InterestScheduler запущен
2025-11-30 16:19:01,123 - root - INFO - Фоновые задачи запущены
2025-11-30 16:19:01,125 - aiogram.dispatcher - INFO - Start polling
2025-11-30 16:19:01,127 - apscheduler.scheduler - DEBUG - Looking for jobs to run
2025-11-30 16:19:01,128 - apscheduler.scheduler - DEBUG - Next wakeup is due at 2025-11-30 23:59:00+03:00 (in 27598.871778 seconds)
2025-11-30 16:19:01,230 - aiogram.dispatcher - INFO - Run polling for bot @CtvtytestBot id=6339314152 - 'test0'
2025-11-30 16:19:23,281 - aiogram.event - INFO - Update id=301317335 is handled. Duration 382 ms by bot id=6339314152
2025-11-30 16:19:25,015 - aiogram.event - INFO - Update id=301317336 is not handled. Duration 17 ms by bot id=6339314152
2025-11-30 16:19:25,017 - aiogram.event - ERROR - Cause exception while process update id=301317336 by bot id=6339314152
AttributeError: 'str' object has no attribute 'user_id'
Traceback (most recent call last):
  File "c:\Users\ThinkPad\Desktop\тг боты\No database\бот домера\venv\Lib\site-packages\aiogram\dispatcher\dispatcher.py", line 309, in _process_update
    response = await self.feed_update(bot, update, **kwargs)
               ^^^^^^^^^^^^^^^^^^^^^^^^^^^^^^^^^^^^^^^^^^^^^
  File "c:\Users\ThinkPad\Desktop\тг боты\No database\бот домера\venv\Lib\site-packages\aiogram\dispatcher\dispatcher.py", line 158, in feed_update
    response = await self.update.wrap_outer_middleware(
               ^^^^^^^^^^^^^^^^^^^^^^^^^^^^^^^^^^^^^^^^
    ...<7 lines>...
    )
    ^
  File "c:\Users\ThinkPad\Desktop\тг боты\No database\бот домера\venv\Lib\site-packages\aiogram\dispatcher\middlewares\error.py", line 25, in __call__
    return await handler(event, data)
           ^^^^^^^^^^^^^^^^^^^^^^^^^^
  File "c:\Users\ThinkPad\Desktop\тг боты\No database\бот домера\venv\Lib\site-packages\aiogram\dispatcher\middlewares\user_context.py", line 56, in __call__
    return await handler(event, data)
           ^^^^^^^^^^^^^^^^^^^^^^^^^^
  File "c:\Users\ThinkPad\Desktop\тг боты\No database\бот домера\venv\Lib\site-packages\aiogram\fsm\middleware.py", line 42, in __call__
    return await handler(event, data)
           ^^^^^^^^^^^^^^^^^^^^^^^^^^
  File "c:\Users\ThinkPad\Desktop\тг боты\No database\бот домера\venv\Lib\site-packages\aiogram\dispatcher\event\telegram.py", line 121, in trigger
    return await wrapped_inner(event, kwargs)
           ^^^^^^^^^^^^^^^^^^^^^^^^^^^^^^^^^^
  File "c:\Users\ThinkPad\Desktop\тг боты\No database\бот домера\venv\Lib\site-packages\aiogram\dispatcher\event\handler.py", line 43, in call
    return await wrapped()
           ^^^^^^^^^^^^^^^
  File "c:\Users\ThinkPad\Desktop\тг боты\No database\бот домера\venv\Lib\site-packages\aiogram\dispatcher\dispatcher.py", line 276, in _listen_update
    return await self.propagate_event(update_type=update_type, event=event, **kwargs)
           ^^^^^^^^^^^^^^^^^^^^^^^^^^^^^^^^^^^^^^^^^^^^^^^^^^^^^^^^^^^^^^^^^^^^^^^^^^
  File "c:\Users\ThinkPad\Desktop\тг боты\No database\бот домера\venv\Lib\site-packages\aiogram\dispatcher\router.py", line 146, in propagate_event
    return await observer.wrap_outer_middleware(_wrapped, event=event, data=kwargs)
           ^^^^^^^^^^^^^^^^^^^^^^^^^^^^^^^^^^^^^^^^^^^^^^^^^^^^^^^^^^^^^^^^^^^^^^^^
  File "c:\Users\ThinkPad\Desktop\тг боты\No database\бот домера\venv\Lib\site-packages\aiogram\dispatcher\router.py", line 141, in _wrapped
    return await self._propagate_event(
           ^^^^^^^^^^^^^^^^^^^^^^^^^^^^
        observer=observer, update_type=update_type, event=telegram_event, **data
        ^^^^^^^^^^^^^^^^^^^^^^^^^^^^^^^^^^^^^^^^^^^^^^^^^^^^^^^^^^^^^^^^^^^^^^^^
    )
    ^
  File "c:\Users\ThinkPad\Desktop\тг боты\No database\бот домера\venv\Lib\site-packages\aiogram\dispatcher\router.py", line 174, in _propagate_event
    response = await router.propagate_event(update_type=update_type, event=event, **kwargs)
               ^^^^^^^^^^^^^^^^^^^^^^^^^^^^^^^^^^^^^^^^^^^^^^^^^^^^^^^^^^^^^^^^^^^^^^^^^^^^
  File "c:\Users\ThinkPad\Desktop\тг боты\No database\бот домера\venv\Lib\site-packages\aiogram\dispatcher\router.py", line 146, in propagate_event
    return await observer.wrap_outer_middleware(_wrapped, event=event, data=kwargs)
           ^^^^^^^^^^^^^^^^^^^^^^^^^^^^^^^^^^^^^^^^^^^^^^^^^^^^^^^^^^^^^^^^^^^^^^^^
  File "c:\Users\ThinkPad\Desktop\тг боты\No database\бот домера\venv\Lib\site-packages\aiogram\dispatcher\router.py", line 141, in _wrapped
    return await self._propagate_event(
           ^^^^^^^^^^^^^^^^^^^^^^^^^^^^
        observer=observer, update_type=update_type, event=telegram_event, **data
        ^^^^^^^^^^^^^^^^^^^^^^^^^^^^^^^^^^^^^^^^^^^^^^^^^^^^^^^^^^^^^^^^^^^^^^^^
    )
    ^
  File "c:\Users\ThinkPad\Desktop\тг боты\No database\бот домера\venv\Lib\site-packages\aiogram\dispatcher\router.py", line 174, in _propagate_event
    response = await router.propagate_event(update_type=update_type, event=event, **kwargs)
               ^^^^^^^^^^^^^^^^^^^^^^^^^^^^^^^^^^^^^^^^^^^^^^^^^^^^^^^^^^^^^^^^^^^^^^^^^^^^
  File "c:\Users\ThinkPad\Desktop\тг боты\No database\бот домера\venv\Lib\site-packages\aiogram\dispatcher\router.py", line 146, in propagate_event
    return await observer.wrap_outer_middleware(_wrapped, event=event, data=kwargs)
           ^^^^^^^^^^^^^^^^^^^^^^^^^^^^^^^^^^^^^^^^^^^^^^^^^^^^^^^^^^^^^^^^^^^^^^^^
  File "c:\Users\ThinkPad\Desktop\тг боты\No database\бот домера\venv\Lib\site-packages\aiogram\dispatcher\router.py", line 141, in _wrapped
    return await self._propagate_event(
           ^^^^^^^^^^^^^^^^^^^^^^^^^^^^
        observer=observer, update_type=update_type, event=telegram_event, **data
        ^^^^^^^^^^^^^^^^^^^^^^^^^^^^^^^^^^^^^^^^^^^^^^^^^^^^^^^^^^^^^^^^^^^^^^^^
    )
    ^
  File "c:\Users\ThinkPad\Desktop\тг боты\No database\бот домера\venv\Lib\site-packages\aiogram\dispatcher\router.py", line 174, in _propagate_event
    response = await router.propagate_event(update_type=update_type, event=event, **kwargs)
               ^^^^^^^^^^^^^^^^^^^^^^^^^^^^^^^^^^^^^^^^^^^^^^^^^^^^^^^^^^^^^^^^^^^^^^^^^^^^
  File "c:\Users\ThinkPad\Desktop\тг боты\No database\бот домера\venv\Lib\site-packages\aiogram\dispatcher\router.py", line 146, in propagate_event
    return await observer.wrap_outer_middleware(_wrapped, event=event, data=kwargs)
           ^^^^^^^^^^^^^^^^^^^^^^^^^^^^^^^^^^^^^^^^^^^^^^^^^^^^^^^^^^^^^^^^^^^^^^^^
  File "c:\Users\ThinkPad\Desktop\тг боты\No database\бот домера\venv\Lib\site-packages\aiogram\dispatcher\router.py", line 141, in _wrapped
    return await self._propagate_event(
           ^^^^^^^^^^^^^^^^^^^^^^^^^^^^
        observer=observer, update_type=update_type, event=telegram_event, **data
        ^^^^^^^^^^^^^^^^^^^^^^^^^^^^^^^^^^^^^^^^^^^^^^^^^^^^^^^^^^^^^^^^^^^^^^^^
    )
    ^
  File "c:\Users\ThinkPad\Desktop\тг боты\No database\бот домера\venv\Lib\site-packages\aiogram\dispatcher\router.py", line 166, in _propagate_event
    response = await observer.trigger(event, **kwargs)
               ^^^^^^^^^^^^^^^^^^^^^^^^^^^^^^^^^^^^^^^
  File "c:\Users\ThinkPad\Desktop\тг боты\No database\бот домера\venv\Lib\site-packages\aiogram\dispatcher\event\telegram.py", line 121, in trigger
    return await wrapped_inner(event, kwargs)
           ^^^^^^^^^^^^^^^^^^^^^^^^^^^^^^^^^^
  File "c:\Users\ThinkPad\Desktop\тг боты\No database\бот домера\venv\Lib\site-packages\aiogram\dispatcher\event\handler.py", line 43, in call
    return await wrapped()
           ^^^^^^^^^^^^^^^
  File "C:\Users\ThinkPad\Desktop\тг боты\No database\бот домера\бот1.1\src\handlers\components\decorators.py", line 20, in wrapper
    print(callback.data.user_id)
          ^^^^^^^^^^^^^^^^^^^^^
AttributeError: 'str' object has no attribute 'user_id'
2025-11-30 16:19:53,691 - aiogram.event - INFO - Update id=301317337 is handled. Duration 2273 ms by bot id=6339314152
2025-11-30 16:19:58,836 - aiogram.event - INFO - Update id=301317338 is handled. Duration 2341 ms by bot id=6339314152
2025-11-30 16:20:02,408 - aiogram.event - INFO - Update id=301317339 is handled. Duration 2239 ms by bot id=6339314152
2025-11-30 16:20:06,989 - aiogram.event - INFO - Update id=301317340 is handled. Duration 163 ms by bot id=6339314152
2025-11-30 16:20:12,090 - aiogram.event - INFO - Update id=301317341 is handled. Duration 179 ms by bot id=6339314152
2025-11-30 16:20:16,457 - aiogram.event - INFO - Update id=301317342 is handled. Duration 209 ms by bot id=6339314152
2025-11-30 16:23:55,686 - root - DEBUG - ✅ Переопределён метод Message.answer с retry-логикой
2025-11-30 16:23:55,686 - root - DEBUG - ✅ Переопределён метод Message.reply с retry-логикой
2025-11-30 16:23:55,686 - root - DEBUG - ✅ Переопределён метод Message.edit_text с retry-логикой
2025-11-30 16:23:55,686 - root - DEBUG - ✅ Переопределён метод Message.edit_caption с retry-логикой
2025-11-30 16:23:55,686 - root - DEBUG - ✅ Переопределён метод Message.edit_reply_markup с retry-логикой
2025-11-30 16:23:55,687 - root - DEBUG - ✅ Переопределён метод Message.delete с retry-логикой
2025-11-30 16:23:55,687 - root - DEBUG - ✅ Переопределён метод Message.forward с retry-логикой
2025-11-30 16:23:55,687 - root - DEBUG - ✅ Переопределён метод Message.copy_to с retry-логикой
2025-11-30 16:23:55,687 - root - DEBUG - ✅ Переопределён метод Message.send_copy с retry-логикой
2025-11-30 16:23:55,688 - asyncio - DEBUG - Using proactor: IocpProactor
2025-11-30 16:23:56,576 - root - INFO - Бот запускается...
2025-11-30 16:23:56,579 - root - INFO - Загружено 2 администраторов
2025-11-30 16:23:56,605 - apscheduler.scheduler - INFO - Adding job tentatively -- it will be properly scheduled when the scheduler starts
2025-11-30 16:23:56,607 - apscheduler.scheduler - INFO - Adding job tentatively -- it will be properly scheduled when the scheduler starts
2025-11-30 16:23:56,608 - apscheduler.scheduler - INFO - Adding job tentatively -- it will be properly scheduled when the scheduler starts
2025-11-30 16:23:56,612 - apscheduler.scheduler - INFO - Added job "process_interest" to job store "default"
2025-11-30 16:23:56,614 - apscheduler.scheduler - INFO - Added job "reset_minecraft_season" to job store "default"
2025-11-30 16:23:56,616 - apscheduler.scheduler - INFO - Added job "send_monthly_reset_notification" to job store "default"
2025-11-30 16:23:56,617 - apscheduler.scheduler - INFO - Scheduler started
2025-11-30 16:23:56,619 - utils.background_tasks - INFO - ✅ InterestScheduler запущен
2025-11-30 16:23:56,620 - root - INFO - Фоновые задачи запущены
2025-11-30 16:23:56,621 - aiogram.dispatcher - INFO - Start polling
2025-11-30 16:23:56,622 - apscheduler.scheduler - DEBUG - Looking for jobs to run
2025-11-30 16:23:56,623 - apscheduler.scheduler - DEBUG - Next wakeup is due at 2025-11-30 23:59:00+03:00 (in 27303.376800 seconds)
2025-11-30 16:23:56,720 - aiogram.dispatcher - INFO - Run polling for bot @CtvtytestBot id=6339314152 - 'test0'
2025-11-30 16:24:19,490 - aiogram.event - INFO - Update id=301317344 is handled. Duration 342 ms by bot id=6339314152
2025-11-30 16:24:20,223 - aiogram.event - INFO - Update id=301317343 is handled. Duration 3068 ms by bot id=6339314152
2025-11-30 16:24:22,646 - aiogram.event - INFO - Update id=301317345 is handled. Duration 274 ms by bot id=6339314152
2025-11-30 16:24:28,112 - aiogram.event - INFO - Update id=301317346 is handled. Duration 166 ms by bot id=6339314152
2025-11-30 16:24:34,402 - aiogram.event - INFO - Update id=301317347 is handled. Duration 519 ms by bot id=6339314152
2025-11-30 16:24:37,485 - aiogram.event - INFO - Update id=301317348 is not handled. Duration 16 ms by bot id=6339314152
2025-11-30 16:24:37,487 - aiogram.event - ERROR - Cause exception while process update id=301317348 by bot id=6339314152
AttributeError: 'str' object has no attribute 'color'
Traceback (most recent call last):
  File "c:\Users\ThinkPad\Desktop\тг боты\No database\бот домера\venv\Lib\site-packages\aiogram\dispatcher\dispatcher.py", line 309, in _process_update
    response = await self.feed_update(bot, update, **kwargs)
               ^^^^^^^^^^^^^^^^^^^^^^^^^^^^^^^^^^^^^^^^^^^^^
  File "c:\Users\ThinkPad\Desktop\тг боты\No database\бот домера\venv\Lib\site-packages\aiogram\dispatcher\dispatcher.py", line 158, in feed_update
    response = await self.update.wrap_outer_middleware(
               ^^^^^^^^^^^^^^^^^^^^^^^^^^^^^^^^^^^^^^^^
    ...<7 lines>...
    )
    ^
  File "c:\Users\ThinkPad\Desktop\тг боты\No database\бот домера\venv\Lib\site-packages\aiogram\dispatcher\middlewares\error.py", line 25, in __call__
    return await handler(event, data)
           ^^^^^^^^^^^^^^^^^^^^^^^^^^
  File "c:\Users\ThinkPad\Desktop\тг боты\No database\бот домера\venv\Lib\site-packages\aiogram\dispatcher\middlewares\user_context.py", line 56, in __call__
    return await handler(event, data)
           ^^^^^^^^^^^^^^^^^^^^^^^^^^
  File "c:\Users\ThinkPad\Desktop\тг боты\No database\бот домера\venv\Lib\site-packages\aiogram\fsm\middleware.py", line 42, in __call__
    return await handler(event, data)
           ^^^^^^^^^^^^^^^^^^^^^^^^^^
  File "c:\Users\ThinkPad\Desktop\тг боты\No database\бот домера\venv\Lib\site-packages\aiogram\dispatcher\event\telegram.py", line 121, in trigger
    return await wrapped_inner(event, kwargs)
           ^^^^^^^^^^^^^^^^^^^^^^^^^^^^^^^^^^
  File "c:\Users\ThinkPad\Desktop\тг боты\No database\бот домера\venv\Lib\site-packages\aiogram\dispatcher\event\handler.py", line 43, in call
    return await wrapped()
           ^^^^^^^^^^^^^^^
  File "c:\Users\ThinkPad\Desktop\тг боты\No database\бот домера\venv\Lib\site-packages\aiogram\dispatcher\dispatcher.py", line 276, in _listen_update
    return await self.propagate_event(update_type=update_type, event=event, **kwargs)
           ^^^^^^^^^^^^^^^^^^^^^^^^^^^^^^^^^^^^^^^^^^^^^^^^^^^^^^^^^^^^^^^^^^^^^^^^^^
  File "c:\Users\ThinkPad\Desktop\тг боты\No database\бот домера\venv\Lib\site-packages\aiogram\dispatcher\router.py", line 146, in propagate_event
    return await observer.wrap_outer_middleware(_wrapped, event=event, data=kwargs)
           ^^^^^^^^^^^^^^^^^^^^^^^^^^^^^^^^^^^^^^^^^^^^^^^^^^^^^^^^^^^^^^^^^^^^^^^^
  File "c:\Users\ThinkPad\Desktop\тг боты\No database\бот домера\venv\Lib\site-packages\aiogram\dispatcher\router.py", line 141, in _wrapped
    return await self._propagate_event(
           ^^^^^^^^^^^^^^^^^^^^^^^^^^^^
        observer=observer, update_type=update_type, event=telegram_event, **data
        ^^^^^^^^^^^^^^^^^^^^^^^^^^^^^^^^^^^^^^^^^^^^^^^^^^^^^^^^^^^^^^^^^^^^^^^^
    )
    ^
  File "c:\Users\ThinkPad\Desktop\тг боты\No database\бот домера\venv\Lib\site-packages\aiogram\dispatcher\router.py", line 174, in _propagate_event
    response = await router.propagate_event(update_type=update_type, event=event, **kwargs)
               ^^^^^^^^^^^^^^^^^^^^^^^^^^^^^^^^^^^^^^^^^^^^^^^^^^^^^^^^^^^^^^^^^^^^^^^^^^^^
  File "c:\Users\ThinkPad\Desktop\тг боты\No database\бот домера\venv\Lib\site-packages\aiogram\dispatcher\router.py", line 146, in propagate_event
    return await observer.wrap_outer_middleware(_wrapped, event=event, data=kwargs)
           ^^^^^^^^^^^^^^^^^^^^^^^^^^^^^^^^^^^^^^^^^^^^^^^^^^^^^^^^^^^^^^^^^^^^^^^^
  File "c:\Users\ThinkPad\Desktop\тг боты\No database\бот домера\venv\Lib\site-packages\aiogram\dispatcher\router.py", line 141, in _wrapped
    return await self._propagate_event(
           ^^^^^^^^^^^^^^^^^^^^^^^^^^^^
        observer=observer, update_type=update_type, event=telegram_event, **data
        ^^^^^^^^^^^^^^^^^^^^^^^^^^^^^^^^^^^^^^^^^^^^^^^^^^^^^^^^^^^^^^^^^^^^^^^^
    )
    ^
  File "c:\Users\ThinkPad\Desktop\тг боты\No database\бот домера\venv\Lib\site-packages\aiogram\dispatcher\router.py", line 174, in _propagate_event
    response = await router.propagate_event(update_type=update_type, event=event, **kwargs)
               ^^^^^^^^^^^^^^^^^^^^^^^^^^^^^^^^^^^^^^^^^^^^^^^^^^^^^^^^^^^^^^^^^^^^^^^^^^^^
  File "c:\Users\ThinkPad\Desktop\тг боты\No database\бот домера\venv\Lib\site-packages\aiogram\dispatcher\router.py", line 146, in propagate_event
    return await observer.wrap_outer_middleware(_wrapped, event=event, data=kwargs)
           ^^^^^^^^^^^^^^^^^^^^^^^^^^^^^^^^^^^^^^^^^^^^^^^^^^^^^^^^^^^^^^^^^^^^^^^^
  File "c:\Users\ThinkPad\Desktop\тг боты\No database\бот домера\venv\Lib\site-packages\aiogram\dispatcher\router.py", line 141, in _wrapped
    return await self._propagate_event(
           ^^^^^^^^^^^^^^^^^^^^^^^^^^^^
        observer=observer, update_type=update_type, event=telegram_event, **data
        ^^^^^^^^^^^^^^^^^^^^^^^^^^^^^^^^^^^^^^^^^^^^^^^^^^^^^^^^^^^^^^^^^^^^^^^^
    )
    ^
  File "c:\Users\ThinkPad\Desktop\тг боты\No database\бот домера\venv\Lib\site-packages\aiogram\dispatcher\router.py", line 174, in _propagate_event
    response = await router.propagate_event(update_type=update_type, event=event, **kwargs)
               ^^^^^^^^^^^^^^^^^^^^^^^^^^^^^^^^^^^^^^^^^^^^^^^^^^^^^^^^^^^^^^^^^^^^^^^^^^^^
  File "c:\Users\ThinkPad\Desktop\тг боты\No database\бот домера\venv\Lib\site-packages\aiogram\dispatcher\router.py", line 146, in propagate_event
    return await observer.wrap_outer_middleware(_wrapped, event=event, data=kwargs)
           ^^^^^^^^^^^^^^^^^^^^^^^^^^^^^^^^^^^^^^^^^^^^^^^^^^^^^^^^^^^^^^^^^^^^^^^^
  File "c:\Users\ThinkPad\Desktop\тг боты\No database\бот домера\venv\Lib\site-packages\aiogram\dispatcher\router.py", line 141, in _wrapped
    return await self._propagate_event(
           ^^^^^^^^^^^^^^^^^^^^^^^^^^^^
        observer=observer, update_type=update_type, event=telegram_event, **data
        ^^^^^^^^^^^^^^^^^^^^^^^^^^^^^^^^^^^^^^^^^^^^^^^^^^^^^^^^^^^^^^^^^^^^^^^^
    )
    ^
  File "c:\Users\ThinkPad\Desktop\тг боты\No database\бот домера\venv\Lib\site-packages\aiogram\dispatcher\router.py", line 174, in _propagate_event
    response = await router.propagate_event(update_type=update_type, event=event, **kwargs)
               ^^^^^^^^^^^^^^^^^^^^^^^^^^^^^^^^^^^^^^^^^^^^^^^^^^^^^^^^^^^^^^^^^^^^^^^^^^^^
  File "c:\Users\ThinkPad\Desktop\тг боты\No database\бот домера\venv\Lib\site-packages\aiogram\dispatcher\router.py", line 146, in propagate_event
    return await observer.wrap_outer_middleware(_wrapped, event=event, data=kwargs)
           ^^^^^^^^^^^^^^^^^^^^^^^^^^^^^^^^^^^^^^^^^^^^^^^^^^^^^^^^^^^^^^^^^^^^^^^^
  File "c:\Users\ThinkPad\Desktop\тг боты\No database\бот домера\venv\Lib\site-packages\aiogram\dispatcher\router.py", line 141, in _wrapped
    return await self._propagate_event(
           ^^^^^^^^^^^^^^^^^^^^^^^^^^^^
        observer=observer, update_type=update_type, event=telegram_event, **data
        ^^^^^^^^^^^^^^^^^^^^^^^^^^^^^^^^^^^^^^^^^^^^^^^^^^^^^^^^^^^^^^^^^^^^^^^^
    )
    ^
  File "c:\Users\ThinkPad\Desktop\тг боты\No database\бот домера\venv\Lib\site-packages\aiogram\dispatcher\router.py", line 166, in _propagate_event
    response = await observer.trigger(event, **kwargs)
               ^^^^^^^^^^^^^^^^^^^^^^^^^^^^^^^^^^^^^^^
  File "c:\Users\ThinkPad\Desktop\тг боты\No database\бот домера\venv\Lib\site-packages\aiogram\dispatcher\event\telegram.py", line 121, in trigger
    return await wrapped_inner(event, kwargs)
           ^^^^^^^^^^^^^^^^^^^^^^^^^^^^^^^^^^
  File "c:\Users\ThinkPad\Desktop\тг боты\No database\бот домера\venv\Lib\site-packages\aiogram\dispatcher\event\handler.py", line 43, in call
    return await wrapped()
           ^^^^^^^^^^^^^^^
  File "C:\Users\ThinkPad\Desktop\тг боты\No database\бот домера\бот1.1\src\handlers\components\decorators.py", line 55, in wrapper
    return await handler(callback, *args, **kwargs)
           ^^^^^^^^^^^^^^^^^^^^^^^^^^^^^^^^^^^^^^^^
  File "C:\Users\ThinkPad\Desktop\тг боты\No database\бот домера\бот1.1\src\handlers\shop\minecraft\custom_shop.py", line 173, in set_color
    print(callback.data.color)
          ^^^^^^^^^^^^^^^^^^^
AttributeError: 'str' object has no attribute 'color'
2025-11-30 16:34:18,294 - root - DEBUG - ✅ Переопределён метод Message.answer с retry-логикой
2025-11-30 16:34:18,295 - root - DEBUG - ✅ Переопределён метод Message.reply с retry-логикой
2025-11-30 16:34:18,295 - root - DEBUG - ✅ Переопределён метод Message.edit_text с retry-логикой
2025-11-30 16:34:18,295 - root - DEBUG - ✅ Переопределён метод Message.edit_caption с retry-логикой
2025-11-30 16:34:18,295 - root - DEBUG - ✅ Переопределён метод Message.edit_reply_markup с retry-логикой
2025-11-30 16:34:18,295 - root - DEBUG - ✅ Переопределён метод Message.delete с retry-логикой
2025-11-30 16:34:18,295 - root - DEBUG - ✅ Переопределён метод Message.forward с retry-логикой
2025-11-30 16:34:18,296 - root - DEBUG - ✅ Переопределён метод Message.copy_to с retry-логикой
2025-11-30 16:34:18,296 - root - DEBUG - ✅ Переопределён метод Message.send_copy с retry-логикой
2025-11-30 16:34:18,297 - asyncio - DEBUG - Using proactor: IocpProactor
2025-11-30 16:34:19,573 - root - INFO - Бот запускается...
2025-11-30 16:34:19,591 - root - INFO - Загружено 2 администраторов
2025-11-30 16:34:19,615 - apscheduler.scheduler - INFO - Adding job tentatively -- it will be properly scheduled when the scheduler starts
2025-11-30 16:34:19,623 - apscheduler.scheduler - INFO - Adding job tentatively -- it will be properly scheduled when the scheduler starts
2025-11-30 16:34:19,647 - apscheduler.scheduler - INFO - Adding job tentatively -- it will be properly scheduled when the scheduler starts
2025-11-30 16:34:19,649 - apscheduler.scheduler - INFO - Added job "process_interest" to job store "default"
2025-11-30 16:34:19,661 - apscheduler.scheduler - INFO - Added job "reset_minecraft_season" to job store "default"
2025-11-30 16:34:19,679 - apscheduler.scheduler - INFO - Added job "send_monthly_reset_notification" to job store "default"
2025-11-30 16:34:19,681 - apscheduler.scheduler - INFO - Scheduler started
2025-11-30 16:34:19,681 - utils.background_tasks - INFO - ✅ InterestScheduler запущен
2025-11-30 16:34:19,685 - root - INFO - Фоновые задачи запущены
2025-11-30 16:34:19,687 - aiogram.dispatcher - INFO - Start polling
2025-11-30 16:34:19,688 - apscheduler.scheduler - DEBUG - Looking for jobs to run
2025-11-30 16:34:19,689 - apscheduler.scheduler - DEBUG - Next wakeup is due at 2025-11-30 23:59:00+03:00 (in 26680.310783 seconds)
2025-11-30 16:34:19,785 - aiogram.dispatcher - INFO - Run polling for bot @CtvtytestBot id=6339314152 - 'test0'
2025-11-30 16:34:35,921 - root - DEBUG - ✅ Переопределён метод Message.answer с retry-логикой
2025-11-30 16:34:35,922 - root - DEBUG - ✅ Переопределён метод Message.reply с retry-логикой
2025-11-30 16:34:35,922 - root - DEBUG - ✅ Переопределён метод Message.edit_text с retry-логикой
2025-11-30 16:34:35,922 - root - DEBUG - ✅ Переопределён метод Message.edit_caption с retry-логикой
2025-11-30 16:34:35,922 - root - DEBUG - ✅ Переопределён метод Message.edit_reply_markup с retry-логикой
2025-11-30 16:34:35,922 - root - DEBUG - ✅ Переопределён метод Message.delete с retry-логикой
2025-11-30 16:34:35,923 - root - DEBUG - ✅ Переопределён метод Message.forward с retry-логикой
2025-11-30 16:34:35,923 - root - DEBUG - ✅ Переопределён метод Message.copy_to с retry-логикой
2025-11-30 16:34:35,923 - root - DEBUG - ✅ Переопределён метод Message.send_copy с retry-логикой
2025-11-30 16:34:35,925 - asyncio - DEBUG - Using proactor: IocpProactor
2025-11-30 16:34:37,149 - root - INFO - Бот запускается...
2025-11-30 16:34:37,152 - root - INFO - Загружено 2 администраторов
2025-11-30 16:34:37,185 - apscheduler.scheduler - INFO - Adding job tentatively -- it will be properly scheduled when the scheduler starts
2025-11-30 16:34:37,189 - apscheduler.scheduler - INFO - Adding job tentatively -- it will be properly scheduled when the scheduler starts
2025-11-30 16:34:37,192 - apscheduler.scheduler - INFO - Adding job tentatively -- it will be properly scheduled when the scheduler starts
2025-11-30 16:34:37,197 - apscheduler.scheduler - INFO - Added job "process_interest" to job store "default"
2025-11-30 16:34:37,199 - apscheduler.scheduler - INFO - Added job "reset_minecraft_season" to job store "default"
2025-11-30 16:34:37,201 - apscheduler.scheduler - INFO - Added job "send_monthly_reset_notification" to job store "default"
2025-11-30 16:34:37,203 - apscheduler.scheduler - INFO - Scheduler started
2025-11-30 16:34:37,205 - utils.background_tasks - INFO - ✅ InterestScheduler запущен
2025-11-30 16:34:37,206 - root - INFO - Фоновые задачи запущены
2025-11-30 16:34:37,208 - aiogram.dispatcher - INFO - Start polling
2025-11-30 16:34:37,210 - apscheduler.scheduler - DEBUG - Looking for jobs to run
2025-11-30 16:34:37,211 - apscheduler.scheduler - DEBUG - Next wakeup is due at 2025-11-30 23:59:00+03:00 (in 26662.789122 seconds)
2025-11-30 16:34:37,344 - aiogram.dispatcher - INFO - Run polling for bot @CtvtytestBot id=6339314152 - 'test0'
2025-11-30 16:34:40,404 - aiogram.event - INFO - Update id=301317349 is handled. Duration 365 ms by bot id=6339314152
2025-11-30 16:34:41,759 - aiogram.event - INFO - Update id=301317350 is handled. Duration 173 ms by bot id=6339314152
2025-11-30 16:34:45,968 - aiogram.event - INFO - Update id=301317351 is handled. Duration 147 ms by bot id=6339314152
2025-11-30 16:34:48,625 - aiogram.event - INFO - Update id=301317352 is handled. Duration 141 ms by bot id=6339314152
2025-11-30 16:35:07,727 - aiogram.event - INFO - Update id=301317353 is not handled. Duration 5 ms by bot id=6339314152
2025-11-30 16:35:27,621 - aiogram.event - INFO - Update id=301317354 is handled. Duration 153 ms by bot id=6339314152
2025-11-30 16:35:32,203 - aiogram.event - INFO - Update id=301317355 is handled. Duration 121 ms by bot id=6339314152
2025-11-30 16:42:22,481 - root - DEBUG - ✅ Переопределён метод Message.answer с retry-логикой
2025-11-30 16:42:22,481 - root - DEBUG - ✅ Переопределён метод Message.reply с retry-логикой
2025-11-30 16:42:22,481 - root - DEBUG - ✅ Переопределён метод Message.edit_text с retry-логикой
2025-11-30 16:42:22,481 - root - DEBUG - ✅ Переопределён метод Message.edit_caption с retry-логикой
2025-11-30 16:42:22,481 - root - DEBUG - ✅ Переопределён метод Message.edit_reply_markup с retry-логикой
2025-11-30 16:42:22,481 - root - DEBUG - ✅ Переопределён метод Message.delete с retry-логикой
2025-11-30 16:42:22,481 - root - DEBUG - ✅ Переопределён метод Message.forward с retry-логикой
2025-11-30 16:42:22,482 - root - DEBUG - ✅ Переопределён метод Message.copy_to с retry-логикой
2025-11-30 16:42:22,482 - root - DEBUG - ✅ Переопределён метод Message.send_copy с retry-логикой
2025-11-30 16:42:22,483 - asyncio - DEBUG - Using proactor: IocpProactor
2025-11-30 16:42:24,033 - root - INFO - Бот запускается...
2025-11-30 16:42:24,034 - root - INFO - Загружено 2 администраторов
2025-11-30 16:42:24,046 - apscheduler.scheduler - INFO - Adding job tentatively -- it will be properly scheduled when the scheduler starts
2025-11-30 16:42:24,047 - apscheduler.scheduler - INFO - Adding job tentatively -- it will be properly scheduled when the scheduler starts
2025-11-30 16:42:24,048 - apscheduler.scheduler - INFO - Adding job tentatively -- it will be properly scheduled when the scheduler starts
2025-11-30 16:42:24,050 - apscheduler.scheduler - INFO - Added job "process_interest" to job store "default"
2025-11-30 16:42:24,051 - apscheduler.scheduler - INFO - Added job "reset_minecraft_season" to job store "default"
2025-11-30 16:42:24,052 - apscheduler.scheduler - INFO - Added job "send_monthly_reset_notification" to job store "default"
2025-11-30 16:42:24,053 - apscheduler.scheduler - INFO - Scheduler started
2025-11-30 16:42:24,053 - utils.background_tasks - INFO - ✅ InterestScheduler запущен
2025-11-30 16:42:24,054 - root - INFO - Фоновые задачи запущены
2025-11-30 16:42:24,054 - aiogram.dispatcher - INFO - Start polling
2025-11-30 16:42:24,055 - apscheduler.scheduler - DEBUG - Looking for jobs to run
2025-11-30 16:42:24,056 - apscheduler.scheduler - DEBUG - Next wakeup is due at 2025-11-30 23:59:00+03:00 (in 26195.944016 seconds)
2025-11-30 16:42:24,165 - aiogram.dispatcher - INFO - Run polling for bot @CtvtytestBot id=6339314152 - 'test0'
2025-11-30 16:43:21,370 - aiogram.event - INFO - Update id=301317356 is handled. Duration 517 ms by bot id=6339314152
2025-11-30 16:43:29,776 - aiogram.event - INFO - Update id=301317357 is handled. Duration 212 ms by bot id=6339314152
2025-11-30 16:43:34,386 - aiogram.event - INFO - Update id=301317358 is handled. Duration 221 ms by bot id=6339314152
2025-11-30 16:43:36,692 - aiogram.event - INFO - Update id=301317359 is handled. Duration 219 ms by bot id=6339314152
2025-11-30 16:43:37,925 - aiogram.event - INFO - Update id=301317360 is handled. Duration 185 ms by bot id=6339314152
2025-11-30 16:43:40,631 - aiogram.event - INFO - Update id=301317361 is handled. Duration 164 ms by bot id=6339314152
2025-11-30 16:43:43,601 - aiogram.event - INFO - Update id=301317362 is handled. Duration 182 ms by bot id=6339314152
2025-11-30 16:43:51,519 - aiogram.event - INFO - Update id=301317364 is handled. Duration 3026 ms by bot id=6339314152
2025-11-30 16:43:51,583 - aiogram.event - INFO - Update id=301317363 is handled. Duration 4886 ms by bot id=6339314152
2025-11-30 16:43:53,997 - aiogram.event - INFO - Update id=301317365 is handled. Duration 271 ms by bot id=6339314152
2025-11-30 16:44:18,398 - aiogram.event - INFO - Update id=301317366 is handled. Duration 427 ms by bot id=6339314152
2025-11-30 16:52:22,685 - root - DEBUG - ✅ Переопределён метод Message.answer с retry-логикой
2025-11-30 16:52:22,686 - root - DEBUG - ✅ Переопределён метод Message.reply с retry-логикой
2025-11-30 16:52:22,686 - root - DEBUG - ✅ Переопределён метод Message.edit_text с retry-логикой
2025-11-30 16:52:22,687 - root - DEBUG - ✅ Переопределён метод Message.edit_caption с retry-логикой
2025-11-30 16:52:22,687 - root - DEBUG - ✅ Переопределён метод Message.edit_reply_markup с retry-логикой
2025-11-30 16:52:22,688 - root - DEBUG - ✅ Переопределён метод Message.delete с retry-логикой
2025-11-30 16:52:22,688 - root - DEBUG - ✅ Переопределён метод Message.forward с retry-логикой
2025-11-30 16:52:22,688 - root - DEBUG - ✅ Переопределён метод Message.copy_to с retry-логикой
2025-11-30 16:52:22,688 - root - DEBUG - ✅ Переопределён метод Message.send_copy с retry-логикой
2025-11-30 16:52:22,693 - asyncio - DEBUG - Using proactor: IocpProactor
2025-11-30 16:52:23,922 - root - INFO - Бот запускается...
2025-11-30 16:52:23,925 - root - INFO - Загружено 2 администраторов
2025-11-30 16:52:23,966 - apscheduler.scheduler - INFO - Adding job tentatively -- it will be properly scheduled when the scheduler starts
2025-11-30 16:52:23,969 - apscheduler.scheduler - INFO - Adding job tentatively -- it will be properly scheduled when the scheduler starts
2025-11-30 16:52:23,971 - apscheduler.scheduler - INFO - Adding job tentatively -- it will be properly scheduled when the scheduler starts
2025-11-30 16:52:23,978 - apscheduler.scheduler - INFO - Added job "process_interest" to job store "default"
2025-11-30 16:52:23,981 - apscheduler.scheduler - INFO - Added job "reset_minecraft_season" to job store "default"
2025-11-30 16:52:23,984 - apscheduler.scheduler - INFO - Added job "send_monthly_reset_notification" to job store "default"
2025-11-30 16:52:23,990 - apscheduler.scheduler - INFO - Scheduler started
2025-11-30 16:52:23,992 - utils.background_tasks - INFO - ✅ InterestScheduler запущен
2025-11-30 16:52:23,994 - root - INFO - Фоновые задачи запущены
2025-11-30 16:52:23,997 - aiogram.dispatcher - INFO - Start polling
2025-11-30 16:52:24,000 - apscheduler.scheduler - DEBUG - Looking for jobs to run
2025-11-30 16:52:24,001 - apscheduler.scheduler - DEBUG - Next wakeup is due at 2025-11-30 23:59:00+03:00 (in 25595.998846 seconds)
2025-11-30 16:52:24,080 - aiogram.dispatcher - INFO - Run polling for bot @CtvtytestBot id=6339314152 - 'test0'
2025-11-30 16:52:36,550 - aiogram.event - INFO - Update id=301317372 is handled. Duration 2387 ms by bot id=6339314152
2025-11-30 16:52:37,036 - aiogram.event - INFO - Update id=301317373 is not handled. Duration 6 ms by bot id=6339314152
2025-11-30 16:52:40,892 - aiogram.event - INFO - Update id=301317374 is handled. Duration 2227 ms by bot id=6339314152
2025-11-30 16:52:49,812 - aiogram.event - INFO - Update id=301317375 is not handled. Duration 6 ms by bot id=6339314152
2025-11-30 16:52:51,761 - aiogram.event - INFO - Update id=301317376 is not handled. Duration 6 ms by bot id=6339314152
2025-11-30 16:52:53,001 - aiogram.event - INFO - Update id=301317377 is not handled. Duration 5 ms by bot id=6339314152
2025-11-30 16:53:00,540 - aiogram.event - INFO - Update id=301317378 is handled. Duration 2250 ms by bot id=6339314152
2025-11-30 16:53:06,197 - aiogram.event - INFO - Update id=301317379 is handled. Duration 2229 ms by bot id=6339314152
2025-11-30 16:53:07,436 - aiogram.event - INFO - Update id=301317380 is handled. Duration 2268 ms by bot id=6339314152
2025-11-30 16:53:08,098 - aiogram.event - INFO - Update id=301317381 is handled. Duration 2214 ms by bot id=6339314152
2025-11-30 16:53:08,928 - aiogram.event - INFO - Update id=301317382 is handled. Duration 2224 ms by bot id=6339314152
2025-11-30 16:53:09,725 - aiogram.event - INFO - Update id=301317383 is handled. Duration 2217 ms by bot id=6339314152
2025-11-30 16:53:10,678 - aiogram.event - INFO - Update id=301317384 is handled. Duration 2234 ms by bot id=6339314152
2025-11-30 16:53:11,865 - aiogram.event - INFO - Update id=301317385 is handled. Duration 2220 ms by bot id=6339314152
2025-11-30 16:53:13,232 - aiogram.event - INFO - Update id=301317386 is handled. Duration 2227 ms by bot id=6339314152
2025-11-30 16:53:14,457 - aiogram.event - INFO - Update id=301317387 is handled. Duration 2223 ms by bot id=6339314152
2025-11-30 16:53:15,721 - aiogram.event - INFO - Update id=301317388 is not handled. Duration 6 ms by bot id=6339314152
2025-11-30 16:53:25,791 - aiogram.event - INFO - Update id=301317389 is handled. Duration 2251 ms by bot id=6339314152
2025-11-30 16:53:26,479 - aiogram.event - INFO - Update id=301317390 is handled. Duration 2238 ms by bot id=6339314152
2025-11-30 16:53:27,613 - aiogram.event - INFO - Update id=301317391 is handled. Duration 2240 ms by bot id=6339314152
2025-11-30 16:53:28,781 - aiogram.event - INFO - Update id=301317392 is handled. Duration 2231 ms by bot id=6339314152
2025-11-30 16:53:32,154 - aiogram.event - INFO - Update id=301317393 is handled. Duration 2272 ms by bot id=6339314152
2025-11-30 16:53:33,122 - aiogram.event - INFO - Update id=301317394 is not handled. Duration 5 ms by bot id=6339314152
2025-11-30 16:53:37,117 - aiogram.event - INFO - Update id=301317395 is handled. Duration 2337 ms by bot id=6339314152
2025-11-30 16:53:38,120 - aiogram.event - INFO - Update id=301317396 is handled. Duration 2227 ms by bot id=6339314152
2025-11-30 16:53:38,677 - aiogram.event - INFO - Update id=301317397 is handled. Duration 2220 ms by bot id=6339314152
2025-11-30 16:53:39,349 - aiogram.event - INFO - Update id=301317398 is handled. Duration 2254 ms by bot id=6339314152
2025-11-30 16:53:39,934 - aiogram.event - INFO - Update id=301317399 is handled. Duration 2286 ms by bot id=6339314152
2025-11-30 16:53:40,247 - aiogram.event - INFO - Update id=301317400 is handled. Duration 2512 ms by bot id=6339314152
2025-11-30 16:53:40,602 - aiogram.event - INFO - Update id=301317401 is handled. Duration 2307 ms by bot id=6339314152
2025-11-30 16:53:41,002 - aiogram.event - INFO - Update id=301317402 is handled. Duration 2297 ms by bot id=6339314152
2025-11-30 16:53:41,068 - aiogram.event - INFO - Update id=301317403 is handled. Duration 2262 ms by bot id=6339314152
2025-11-30 16:53:41,786 - aiogram.event - INFO - Update id=301317404 is handled. Duration 2441 ms by bot id=6339314152
2025-11-30 16:53:42,065 - aiogram.event - INFO - Update id=301317405 is handled. Duration 2229 ms by bot id=6339314152
2025-11-30 16:53:42,563 - aiogram.event - INFO - Update id=301317406 is handled. Duration 2230 ms by bot id=6339314152
2025-11-30 16:53:43,100 - aiogram.event - INFO - Update id=301317407 is handled. Duration 2231 ms by bot id=6339314152
2025-11-30 16:53:43,664 - aiogram.event - INFO - Update id=301317408 is handled. Duration 2226 ms by bot id=6339314152
2025-11-30 16:53:44,066 - aiogram.event - INFO - Update id=301317409 is handled. Duration 2215 ms by bot id=6339314152
2025-11-30 16:53:44,153 - aiogram.event - INFO - Update id=301317410 is handled. Duration 2232 ms by bot id=6339314152
2025-11-30 16:53:44,639 - aiogram.event - INFO - Update id=301317411 is handled. Duration 2257 ms by bot id=6339314152
2025-11-30 16:53:45,451 - aiogram.event - INFO - Update id=301317412 is handled. Duration 2288 ms by bot id=6339314152
2025-11-30 16:53:46,075 - aiogram.event - INFO - Update id=301317413 is handled. Duration 2319 ms by bot id=6339314152
2025-11-30 16:53:46,568 - aiogram.event - INFO - Update id=301317414 is handled. Duration 2249 ms by bot id=6339314152
2025-11-30 16:53:46,996 - aiogram.event - INFO - Update id=301317415 is handled. Duration 2247 ms by bot id=6339314152
2025-11-30 16:53:47,978 - aiogram.event - INFO - Update id=301317416 is handled. Duration 2245 ms by bot id=6339314152
2025-11-30 16:53:48,583 - aiogram.event - INFO - Update id=301317417 is handled. Duration 2400 ms by bot id=6339314152
2025-11-30 16:53:49,099 - aiogram.event - INFO - Update id=301317418 is handled. Duration 2400 ms by bot id=6339314152
2025-11-30 16:53:49,510 - aiogram.event - INFO - Update id=301317419 is handled. Duration 2254 ms by bot id=6339314152
2025-11-30 16:53:50,078 - aiogram.event - INFO - Update id=301317420 is handled. Duration 2261 ms by bot id=6339314152
2025-11-30 16:53:56,441 - aiogram.event - INFO - Update id=301317421 is handled. Duration 2217 ms by bot id=6339314152
2025-11-30 16:54:00,222 - aiogram.event - INFO - Update id=301317422 is handled. Duration 2214 ms by bot id=6339314152
2025-11-30 16:54:03,651 - aiogram.event - INFO - Update id=301317423 is handled. Duration 2248 ms by bot id=6339314152
2025-11-30 16:54:07,633 - aiogram.event - INFO - Update id=301317424 is handled. Duration 2253 ms by bot id=6339314152
2025-11-30 16:54:08,724 - aiogram.event - INFO - Update id=301317425 is not handled. Duration 6 ms by bot id=6339314152
2025-11-30 16:54:11,725 - aiogram.event - INFO - Update id=301317426 is handled. Duration 2369 ms by bot id=6339314152
2025-11-30 16:54:14,447 - aiogram.event - INFO - Update id=301317427 is handled. Duration 2253 ms by bot id=6339314152
2025-11-30 16:54:16,387 - aiogram.event - INFO - Update id=301317428 is handled. Duration 2232 ms by bot id=6339314152
2025-11-30 16:54:16,447 - aiogram.event - INFO - Update id=301317429 is handled. Duration 2223 ms by bot id=6339314152
2025-11-30 16:54:18,559 - aiogram.event - INFO - Update id=301317430 is handled. Duration 2211 ms by bot id=6339314152
2025-11-30 16:54:19,901 - aiogram.event - INFO - Update id=301317431 is handled. Duration 2233 ms by bot id=6339314152
2025-11-30 16:54:22,731 - aiogram.event - INFO - Update id=301317432 is handled. Duration 2296 ms by bot id=6339314152
2025-11-30 16:54:24,790 - aiogram.event - INFO - Update id=301317433 is handled. Duration 2226 ms by bot id=6339314152
2025-11-30 16:54:25,440 - aiogram.event - INFO - Update id=301317435 is not handled. Duration 15 ms by bot id=6339314152
2025-11-30 16:54:27,026 - aiogram.event - INFO - Update id=301317434 is handled. Duration 2241 ms by bot id=6339314152
2025-11-30 16:54:29,087 - aiogram.event - INFO - Update id=301317437 is not handled. Duration 6 ms by bot id=6339314152
2025-11-30 16:54:29,183 - aiogram.event - INFO - Update id=301317436 is handled. Duration 2260 ms by bot id=6339314152
2025-11-30 16:54:32,536 - aiogram.event - INFO - Update id=301317438 is handled. Duration 2244 ms by bot id=6339314152
2025-11-30 16:55:02,527 - aiogram.event - INFO - Update id=301317439 is not handled. Duration 7 ms by bot id=6339314152
2025-11-30 16:55:10,913 - aiogram.event - INFO - Update id=301317440 is handled. Duration 2257 ms by bot id=6339314152
2025-11-30 16:55:12,419 - aiogram.event - INFO - Update id=301317441 is handled. Duration 2219 ms by bot id=6339314152
2025-11-30 16:55:13,554 - aiogram.event - INFO - Update id=301317442 is handled. Duration 2228 ms by bot id=6339314152
2025-11-30 16:55:14,647 - aiogram.event - INFO - Update id=301317443 is handled. Duration 2234 ms by bot id=6339314152
2025-11-30 16:55:15,920 - aiogram.event - INFO - Update id=301317444 is handled. Duration 2227 ms by bot id=6339314152
2025-11-30 16:55:17,876 - aiogram.event - INFO - Update id=301317445 is handled. Duration 2217 ms by bot id=6339314152
2025-11-30 16:55:19,079 - aiogram.event - INFO - Update id=301317446 is handled. Duration 2223 ms by bot id=6339314152
2025-11-30 16:55:21,063 - aiogram.event - INFO - Update id=301317447 is handled. Duration 2274 ms by bot id=6339314152
2025-11-30 16:55:31,944 - aiogram.event - INFO - Update id=301317448 is handled. Duration 136 ms by bot id=6339314152
2025-11-30 16:55:41,838 - aiogram.event - INFO - Update id=301317449 is handled. Duration 2285 ms by bot id=6339314152
2025-11-30 16:55:43,272 - aiogram.event - INFO - Update id=301317450 is handled. Duration 2351 ms by bot id=6339314152
2025-11-30 16:55:44,682 - aiogram.event - INFO - Update id=301317451 is handled. Duration 2227 ms by bot id=6339314152
2025-11-30 16:55:46,213 - aiogram.event - INFO - Update id=301317452 is handled. Duration 2227 ms by bot id=6339314152
2025-11-30 16:55:47,713 - aiogram.event - INFO - Update id=301317453 is handled. Duration 2285 ms by bot id=6339314152
2025-11-30 16:55:49,049 - aiogram.event - INFO - Update id=301317454 is handled. Duration 2244 ms by bot id=6339314152
2025-11-30 16:55:50,625 - aiogram.event - INFO - Update id=301317455 is handled. Duration 2230 ms by bot id=6339314152
2025-11-30 16:55:54,022 - aiogram.event - INFO - Update id=301317456 is handled. Duration 2247 ms by bot id=6339314152
2025-11-30 16:55:54,244 - aiogram.event - INFO - Update id=301317457 is handled. Duration 2402 ms by bot id=6339314152
2025-11-30 16:55:55,867 - aiogram.event - INFO - Update id=301317458 is handled. Duration 2243 ms by bot id=6339314152
2025-11-30 16:55:55,979 - aiogram.event - INFO - Update id=301317459 is handled. Duration 2216 ms by bot id=6339314152
2025-11-30 16:55:57,372 - aiogram.event - INFO - Update id=301317460 is handled. Duration 2227 ms by bot id=6339314152
2025-11-30 16:55:58,508 - aiogram.event - INFO - Update id=301317461 is handled. Duration 2226 ms by bot id=6339314152
2025-11-30 16:55:59,559 - aiogram.event - INFO - Update id=301317462 is handled. Duration 2278 ms by bot id=6339314152
2025-11-30 16:56:00,763 - aiogram.event - INFO - Update id=301317463 is handled. Duration 2276 ms by bot id=6339314152
2025-11-30 16:56:02,190 - aiogram.event - INFO - Update id=301317464 is handled. Duration 2224 ms by bot id=6339314152
2025-11-30 16:56:03,746 - aiogram.event - INFO - Update id=301317465 is handled. Duration 2241 ms by bot id=6339314152
2025-11-30 16:56:03,808 - aiogram.event - INFO - Update id=301317466 is handled. Duration 2218 ms by bot id=6339314152
2025-11-30 16:56:05,053 - aiogram.event - INFO - Update id=301317467 is handled. Duration 2216 ms by bot id=6339314152
2025-11-30 16:56:06,817 - aiogram.event - INFO - Update id=301317468 is handled. Duration 2242 ms by bot id=6339314152
2025-11-30 16:56:08,345 - aiogram.event - INFO - Update id=301317469 is handled. Duration 2233 ms by bot id=6339314152
2025-11-30 16:56:08,836 - aiogram.event - INFO - Update id=301317470 is handled. Duration 2211 ms by bot id=6339314152
2025-11-30 16:56:09,899 - aiogram.event - INFO - Update id=301317471 is handled. Duration 2351 ms by bot id=6339314152
2025-11-30 16:56:10,568 - aiogram.event - INFO - Update id=301317472 is handled. Duration 2227 ms by bot id=6339314152
2025-11-30 16:56:11,177 - aiogram.event - INFO - Update id=301317473 is handled. Duration 2222 ms by bot id=6339314152
2025-11-30 16:56:12,598 - aiogram.event - INFO - Update id=301317474 is handled. Duration 2244 ms by bot id=6339314152
2025-11-30 16:56:16,871 - aiogram.event - INFO - Update id=301317475 is not handled. Duration 8 ms by bot id=6339314152
2025-11-30 16:56:17,752 - aiogram.event - INFO - Update id=301317476 is not handled. Duration 3 ms by bot id=6339314152
2025-11-30 16:56:20,469 - aiogram.event - INFO - Update id=301317477 is not handled. Duration 7 ms by bot id=6339314152
2025-11-30 16:56:24,642 - aiogram.event - INFO - Update id=301317478 is handled. Duration 2249 ms by bot id=6339314152
2025-11-30 16:56:32,844 - aiogram.event - INFO - Update id=301317479 is not handled. Duration 7 ms by bot id=6339314152
2025-11-30 16:56:43,806 - aiogram.event - INFO - Update id=301317480 is not handled. Duration 7 ms by bot id=6339314152
2025-11-30 16:57:06,245 - aiogram.event - INFO - Update id=301317481 is handled. Duration 2305 ms by bot id=6339314152
2025-11-30 16:57:09,203 - aiogram.event - INFO - Update id=301317482 is handled. Duration 2268 ms by bot id=6339314152
2025-11-30 16:57:10,214 - aiogram.event - INFO - Update id=301317484 is not handled. Duration 4 ms by bot id=6339314152
2025-11-30 16:57:11,332 - aiogram.event - INFO - Update id=301317483 is handled. Duration 2233 ms by bot id=6339314152
2025-11-30 16:57:19,019 - aiogram.event - INFO - Update id=301317487 is not handled. Duration 3 ms by bot id=6339314152
2025-11-30 16:57:19,191 - aiogram.event - INFO - Update id=301317485 is handled. Duration 2215 ms by bot id=6339314152
2025-11-30 16:57:20,933 - aiogram.event - INFO - Update id=301317486 is handled. Duration 2228 ms by bot id=6339314152
2025-11-30 16:57:25,640 - aiogram.event - INFO - Update id=301317488 is handled. Duration 2222 ms by bot id=6339314152
2025-11-30 16:57:33,154 - aiogram.event - INFO - Update id=301317489 is not handled. Duration 4 ms by bot id=6339314152
2025-11-30 16:57:41,208 - aiogram.event - INFO - Update id=301317490 is handled. Duration 2220 ms by bot id=6339314152
2025-11-30 16:57:42,591 - aiogram.event - INFO - Update id=301317491 is handled. Duration 2236 ms by bot id=6339314152
2025-11-30 16:57:44,484 - aiogram.event - INFO - Update id=301317492 is handled. Duration 2222 ms by bot id=6339314152
2025-11-30 16:57:49,208 - aiogram.event - INFO - Update id=301317493 is handled. Duration 2232 ms by bot id=6339314152
2025-11-30 16:57:51,139 - aiogram.event - INFO - Update id=301317494 is handled. Duration 2217 ms by bot id=6339314152
2025-11-30 16:57:52,885 - aiogram.event - INFO - Update id=301317495 is handled. Duration 2221 ms by bot id=6339314152
2025-11-30 16:57:54,934 - aiogram.event - INFO - Update id=301317496 is handled. Duration 2224 ms by bot id=6339314152
2025-11-30 16:57:56,812 - aiogram.event - INFO - Update id=301317497 is handled. Duration 2361 ms by bot id=6339314152
2025-11-30 16:58:00,873 - aiogram.event - INFO - Update id=301317498 is handled. Duration 2227 ms by bot id=6339314152
2025-11-30 16:58:04,904 - aiogram.event - INFO - Update id=301317499 is handled. Duration 2225 ms by bot id=6339314152
2025-11-30 16:58:06,830 - aiogram.event - INFO - Update id=301317500 is handled. Duration 2244 ms by bot id=6339314152
2025-11-30 16:58:08,277 - aiogram.event - INFO - Update id=301317501 is handled. Duration 2259 ms by bot id=6339314152
2025-11-30 16:58:10,047 - aiogram.event - INFO - Update id=301317502 is handled. Duration 2288 ms by bot id=6339314152
2025-11-30 16:58:12,271 - aiogram.event - INFO - Update id=301317503 is handled. Duration 2255 ms by bot id=6339314152
2025-11-30 16:58:14,128 - aiogram.event - INFO - Update id=301317504 is handled. Duration 2272 ms by bot id=6339314152
2025-11-30 16:58:16,417 - aiogram.event - INFO - Update id=301317505 is handled. Duration 2234 ms by bot id=6339314152
2025-11-30 16:58:23,302 - aiogram.event - INFO - Update id=301317506 is handled. Duration 2227 ms by bot id=6339314152
2025-11-30 16:58:24,947 - aiogram.event - INFO - Update id=301317507 is handled. Duration 2228 ms by bot id=6339314152
2025-11-30 16:58:26,059 - aiogram.event - INFO - Update id=301317508 is handled. Duration 2218 ms by bot id=6339314152
2025-11-30 16:58:27,642 - aiogram.event - INFO - Update id=301317509 is handled. Duration 2234 ms by bot id=6339314152
2025-11-30 16:58:29,890 - aiogram.event - INFO - Update id=301317510 is handled. Duration 2223 ms by bot id=6339314152
2025-11-30 16:58:31,238 - aiogram.event - INFO - Update id=301317511 is handled. Duration 2230 ms by bot id=6339314152
2025-11-30 16:58:33,953 - aiogram.event - INFO - Update id=301317512 is handled. Duration 2228 ms by bot id=6339314152
2025-11-30 16:58:36,912 - aiogram.event - INFO - Update id=301317513 is handled. Duration 2249 ms by bot id=6339314152
2025-11-30 16:58:39,500 - aiogram.event - INFO - Update id=301317514 is handled. Duration 2241 ms by bot id=6339314152
2025-11-30 16:58:41,229 - aiogram.event - INFO - Update id=301317515 is handled. Duration 2233 ms by bot id=6339314152
2025-11-30 16:58:43,498 - aiogram.event - INFO - Update id=301317516 is handled. Duration 2375 ms by bot id=6339314152
2025-11-30 16:58:44,753 - aiogram.event - INFO - Update id=301317517 is handled. Duration 2226 ms by bot id=6339314152
2025-11-30 16:58:46,240 - aiogram.event - INFO - Update id=301317518 is handled. Duration 2226 ms by bot id=6339314152
2025-11-30 16:58:46,787 - aiogram.event - INFO - Update id=301317520 is not handled. Duration 7 ms by bot id=6339314152
2025-11-30 16:58:47,418 - aiogram.event - INFO - Update id=301317519 is handled. Duration 2262 ms by bot id=6339314152
2025-11-30 16:58:52,666 - aiogram.event - INFO - Update id=301317521 is handled. Duration 2417 ms by bot id=6339314152
2025-11-30 16:58:53,843 - aiogram.event - INFO - Update id=301317522 is handled. Duration 2255 ms by bot id=6339314152
2025-11-30 16:58:54,914 - aiogram.event - INFO - Update id=301317523 is handled. Duration 2267 ms by bot id=6339314152
2025-11-30 16:58:55,518 - aiogram.event - INFO - Update id=301317528 is not handled. Duration 2 ms by bot id=6339314152
2025-11-30 16:58:55,659 - aiogram.event - INFO - Update id=301317524 is handled. Duration 2259 ms by bot id=6339314152
2025-11-30 16:58:56,654 - aiogram.event - INFO - Update id=301317525 is handled. Duration 2289 ms by bot id=6339314152
2025-11-30 16:58:56,888 - aiogram.event - INFO - Update id=301317526 is handled. Duration 2409 ms by bot id=6339314152
2025-11-30 16:58:56,926 - aiogram.event - INFO - Update id=301317530 is not handled. Duration 3 ms by bot id=6339314152
2025-11-30 16:58:57,116 - aiogram.event - INFO - Update id=301317527 is handled. Duration 2304 ms by bot id=6339314152
2025-11-30 16:58:57,839 - aiogram.event - INFO - Update id=301317531 is not handled. Duration 4 ms by bot id=6339314152
2025-11-30 16:58:58,414 - aiogram.event - INFO - Update id=301317529 is handled. Duration 2241 ms by bot id=6339314152
2025-11-30 16:59:00,489 - aiogram.event - INFO - Update id=301317532 is handled. Duration 2245 ms by bot id=6339314152
2025-11-30 16:59:00,904 - aiogram.event - INFO - Update id=301317533 is handled. Duration 2344 ms by bot id=6339314152
2025-11-30 16:59:01,519 - aiogram.event - INFO - Update id=301317534 is handled. Duration 2352 ms by bot id=6339314152
2025-11-30 16:59:02,144 - aiogram.event - INFO - Update id=301317535 is handled. Duration 2303 ms by bot id=6339314152
2025-11-30 16:59:09,994 - aiogram.event - INFO - Update id=301317536 is handled. Duration 2227 ms by bot id=6339314152
2025-11-30 16:59:17,597 - aiogram.event - INFO - Update id=301317537 is handled. Duration 2457 ms by bot id=6339314152
2025-11-30 16:59:25,584 - aiogram.event - INFO - Update id=301317538 is handled. Duration 2433 ms by bot id=6339314152
2025-11-30 16:59:26,823 - aiogram.event - INFO - Update id=301317539 is handled. Duration 2214 ms by bot id=6339314152
2025-11-30 16:59:28,998 - aiogram.event - INFO - Update id=301317540 is handled. Duration 2217 ms by bot id=6339314152
2025-11-30 16:59:30,738 - aiogram.event - INFO - Update id=301317541 is handled. Duration 2213 ms by bot id=6339314152
2025-11-30 16:59:31,224 - aiogram.event - INFO - Update id=301317544 is not handled. Duration 5 ms by bot id=6339314152
2025-11-30 16:59:31,689 - aiogram.event - INFO - Update id=301317542 is handled. Duration 2214 ms by bot id=6339314152
2025-11-30 16:59:32,310 - aiogram.event - INFO - Update id=301317543 is handled. Duration 2220 ms by bot id=6339314152
2025-11-30 16:59:32,655 - aiogram.event - INFO - Update id=301317545 is not handled. Duration 4 ms by bot id=6339314152
2025-11-30 16:59:35,670 - aiogram.event - INFO - Update id=301317546 is handled. Duration 2201 ms by bot id=6339314152
2025-11-30 16:59:36,407 - aiogram.event - INFO - Update id=301317547 is handled. Duration 2219 ms by bot id=6339314152
2025-11-30 17:00:04,927 - aiogram.event - INFO - Update id=301317548 is handled. Duration 2282 ms by bot id=6339314152
2025-11-30 17:00:06,796 - aiogram.event - INFO - Update id=301317549 is handled. Duration 2249 ms by bot id=6339314152
2025-11-30 17:00:17,206 - aiogram.event - INFO - Update id=301317550 is not handled. Duration 8 ms by bot id=6339314152
2025-11-30 17:01:24,484 - aiogram.event - INFO - Update id=301317551 is not handled. Duration 8 ms by bot id=6339314152
2025-11-30 17:01:34,874 - aiogram.event - INFO - Update id=301317552 is not handled. Duration 8 ms by bot id=6339314152
2025-11-30 17:06:08,268 - aiogram.event - INFO - Update id=301317553 is handled. Duration 285 ms by bot id=6339314152
2025-11-30 17:06:21,157 - aiogram.event - INFO - Update id=301317554 is not handled. Duration 9 ms by bot id=6339314152
2025-11-30 17:06:23,823 - aiogram.event - INFO - Update id=301317555 is not handled. Duration 8 ms by bot id=6339314152
2025-11-30 17:08:29,924 - aiogram.event - INFO - Update id=301317556 is not handled. Duration 5 ms by bot id=6339314152
2025-11-30 17:09:38,534 - aiogram.event - INFO - Update id=301317557 is not handled. Duration 9 ms by bot id=6339314152
2025-11-30 17:09:49,632 - aiogram.event - INFO - Update id=301317558 is handled. Duration 111 ms by bot id=6339314152
2025-11-30 17:10:02,542 - aiogram.event - INFO - Update id=301317559 is handled. Duration 110 ms by bot id=6339314152
2025-11-30 17:10:25,289 - aiogram.event - INFO - Update id=301317560 is handled. Duration 217 ms by bot id=6339314152
2025-11-30 17:10:39,399 - aiogram.event - INFO - Update id=301317561 is handled. Duration 127 ms by bot id=6339314152
2025-11-30 17:11:45,872 - aiogram.event - INFO - Update id=301317562 is handled. Duration 120 ms by bot id=6339314152
2025-11-30 17:11:58,270 - aiogram.event - INFO - Update id=301317563 is not handled. Duration 5 ms by bot id=6339314152
2025-11-30 17:12:39,193 - aiogram.event - INFO - Update id=301317564 is handled. Duration 816 ms by bot id=6339314152
2025-11-30 17:12:59,377 - aiogram.event - INFO - Update id=301317565 is not handled. Duration 8 ms by bot id=6339314152
2025-11-30 17:13:22,282 - aiogram.event - INFO - Update id=301317566 is not handled. Duration 4 ms by bot id=6339314152
2025-11-30 17:13:45,976 - aiogram.event - INFO - Update id=301317567 is not handled. Duration 8 ms by bot id=6339314152
2025-11-30 19:57:39,404 - root - DEBUG - ✅ Переопределён метод Message.answer с retry-логикой
2025-11-30 19:57:39,405 - root - DEBUG - ✅ Переопределён метод Message.reply с retry-логикой
2025-11-30 19:57:39,405 - root - DEBUG - ✅ Переопределён метод Message.edit_text с retry-логикой
2025-11-30 19:57:39,405 - root - DEBUG - ✅ Переопределён метод Message.edit_caption с retry-логикой
2025-11-30 19:57:39,405 - root - DEBUG - ✅ Переопределён метод Message.edit_reply_markup с retry-логикой
2025-11-30 19:57:39,405 - root - DEBUG - ✅ Переопределён метод Message.delete с retry-логикой
2025-11-30 19:57:39,405 - root - DEBUG - ✅ Переопределён метод Message.forward с retry-логикой
2025-11-30 19:57:39,405 - root - DEBUG - ✅ Переопределён метод Message.copy_to с retry-логикой
2025-11-30 19:57:39,406 - root - DEBUG - ✅ Переопределён метод Message.send_copy с retry-логикой
2025-11-30 19:57:39,407 - asyncio - DEBUG - Using proactor: IocpProactor
2025-11-30 19:57:40,809 - root - INFO - Бот запускается...
2025-11-30 19:57:40,811 - root - INFO - Загружено 2 администраторов
2025-11-30 19:57:40,841 - apscheduler.scheduler - INFO - Adding job tentatively -- it will be properly scheduled when the scheduler starts
2025-11-30 19:57:40,842 - apscheduler.scheduler - INFO - Adding job tentatively -- it will be properly scheduled when the scheduler starts
2025-11-30 19:57:40,843 - apscheduler.scheduler - INFO - Adding job tentatively -- it will be properly scheduled when the scheduler starts
2025-11-30 19:57:40,846 - apscheduler.scheduler - INFO - Added job "process_interest" to job store "default"
2025-11-30 19:57:40,846 - apscheduler.scheduler - INFO - Added job "reset_minecraft_season" to job store "default"
2025-11-30 19:57:40,847 - apscheduler.scheduler - INFO - Added job "send_monthly_reset_notification" to job store "default"
2025-11-30 19:57:40,847 - apscheduler.scheduler - INFO - Scheduler started
2025-11-30 19:57:40,848 - utils.background_tasks - INFO - ✅ InterestScheduler запущен
2025-11-30 19:57:40,848 - root - INFO - Фоновые задачи запущены
2025-11-30 19:57:40,848 - aiogram.dispatcher - INFO - Start polling
2025-11-30 19:57:40,849 - apscheduler.scheduler - DEBUG - Looking for jobs to run
2025-11-30 19:57:40,849 - apscheduler.scheduler - DEBUG - Next wakeup is due at 2025-11-30 23:59:00+03:00 (in 14479.150472 seconds)
2025-11-30 19:57:40,954 - aiogram.dispatcher - INFO - Run polling for bot @CtvtytestBot id=6339314152 - 'test0'
2025-11-30 19:58:09,036 - root - DEBUG - ✅ Переопределён метод Message.answer с retry-логикой
2025-11-30 19:58:09,036 - root - DEBUG - ✅ Переопределён метод Message.reply с retry-логикой
2025-11-30 19:58:09,036 - root - DEBUG - ✅ Переопределён метод Message.edit_text с retry-логикой
2025-11-30 19:58:09,036 - root - DEBUG - ✅ Переопределён метод Message.edit_caption с retry-логикой
2025-11-30 19:58:09,036 - root - DEBUG - ✅ Переопределён метод Message.edit_reply_markup с retry-логикой
2025-11-30 19:58:09,036 - root - DEBUG - ✅ Переопределён метод Message.delete с retry-логикой
2025-11-30 19:58:09,036 - root - DEBUG - ✅ Переопределён метод Message.forward с retry-логикой
2025-11-30 19:58:09,037 - root - DEBUG - ✅ Переопределён метод Message.copy_to с retry-логикой
2025-11-30 19:58:09,037 - root - DEBUG - ✅ Переопределён метод Message.send_copy с retry-логикой
2025-11-30 19:58:09,037 - asyncio - DEBUG - Using proactor: IocpProactor
2025-11-30 19:58:09,821 - root - INFO - Бот запускается...
2025-11-30 19:58:09,822 - root - INFO - Загружено 2 администраторов
2025-11-30 19:58:09,830 - apscheduler.scheduler - INFO - Adding job tentatively -- it will be properly scheduled when the scheduler starts
2025-11-30 19:58:09,831 - apscheduler.scheduler - INFO - Adding job tentatively -- it will be properly scheduled when the scheduler starts
2025-11-30 19:58:09,832 - apscheduler.scheduler - INFO - Adding job tentatively -- it will be properly scheduled when the scheduler starts
2025-11-30 19:58:09,833 - apscheduler.scheduler - INFO - Added job "process_interest" to job store "default"
2025-11-30 19:58:09,834 - apscheduler.scheduler - INFO - Added job "reset_minecraft_season" to job store "default"
2025-11-30 19:58:09,834 - apscheduler.scheduler - INFO - Added job "send_monthly_reset_notification" to job store "default"
2025-11-30 19:58:09,835 - apscheduler.scheduler - INFO - Scheduler started
2025-11-30 19:58:09,835 - utils.background_tasks - INFO - ✅ InterestScheduler запущен
2025-11-30 19:58:09,836 - root - INFO - Фоновые задачи запущены
2025-11-30 19:58:09,836 - aiogram.dispatcher - INFO - Start polling
2025-11-30 19:58:09,836 - apscheduler.scheduler - DEBUG - Looking for jobs to run
2025-11-30 19:58:09,837 - apscheduler.scheduler - DEBUG - Next wakeup is due at 2025-11-30 20:00:00+03:00 (in 110.162857 seconds)
2025-11-30 19:58:09,920 - aiogram.dispatcher - INFO - Run polling for bot @CtvtytestBot id=6339314152 - 'test0'
2025-11-30 19:58:42,453 - aiogram.event - INFO - Update id=301317586 is handled. Duration 309 ms by bot id=6339314152
2025-11-30 19:58:55,714 - aiogram.event - INFO - Update id=301317587 is not handled. Duration 2 ms by bot id=6339314152
2025-11-30 19:59:01,642 - aiogram.event - INFO - Update id=301317588 is handled. Duration 121 ms by bot id=6339314152
2025-11-30 19:59:10,607 - aiogram.event - INFO - Update id=301317589 is handled. Duration 272 ms by bot id=6339314152
2025-11-30 19:59:14,020 - aiogram.event - INFO - Update id=301317590 is handled. Duration 239 ms by bot id=6339314152
2025-11-30 19:59:15,497 - aiogram.event - INFO - Update id=301317591 is handled. Duration 308 ms by bot id=6339314152
2025-11-30 19:59:16,464 - aiogram.event - INFO - Update id=301317592 is handled. Duration 231 ms by bot id=6339314152
2025-11-30 19:59:17,314 - aiogram.event - INFO - Update id=301317593 is not handled. Duration 7 ms by bot id=6339314152
2025-11-30 19:59:17,315 - aiogram.event - ERROR - Cause exception while process update id=301317593 by bot id=6339314152
AttributeError: 'CallbackQuery' object has no attribute 'chat'
Traceback (most recent call last):
  File "c:\Users\ThinkPad\Desktop\тг боты\No database\бот домера\venv\Lib\site-packages\aiogram\dispatcher\dispatcher.py", line 309, in _process_update
    response = await self.feed_update(bot, update, **kwargs)
               ^^^^^^^^^^^^^^^^^^^^^^^^^^^^^^^^^^^^^^^^^^^^^
  File "c:\Users\ThinkPad\Desktop\тг боты\No database\бот домера\venv\Lib\site-packages\aiogram\dispatcher\dispatcher.py", line 158, in feed_update
    response = await self.update.wrap_outer_middleware(
               ^^^^^^^^^^^^^^^^^^^^^^^^^^^^^^^^^^^^^^^^
    ...<7 lines>...
    )
    ^
  File "c:\Users\ThinkPad\Desktop\тг боты\No database\бот домера\venv\Lib\site-packages\aiogram\dispatcher\middlewares\error.py", line 25, in __call__
    return await handler(event, data)
           ^^^^^^^^^^^^^^^^^^^^^^^^^^
  File "c:\Users\ThinkPad\Desktop\тг боты\No database\бот домера\venv\Lib\site-packages\aiogram\dispatcher\middlewares\user_context.py", line 56, in __call__
    return await handler(event, data)
           ^^^^^^^^^^^^^^^^^^^^^^^^^^
  File "c:\Users\ThinkPad\Desktop\тг боты\No database\бот домера\venv\Lib\site-packages\aiogram\fsm\middleware.py", line 42, in __call__
    return await handler(event, data)
           ^^^^^^^^^^^^^^^^^^^^^^^^^^
  File "c:\Users\ThinkPad\Desktop\тг боты\No database\бот домера\venv\Lib\site-packages\aiogram\dispatcher\event\telegram.py", line 121, in trigger
    return await wrapped_inner(event, kwargs)
           ^^^^^^^^^^^^^^^^^^^^^^^^^^^^^^^^^^
  File "c:\Users\ThinkPad\Desktop\тг боты\No database\бот домера\venv\Lib\site-packages\aiogram\dispatcher\event\handler.py", line 43, in call
    return await wrapped()
           ^^^^^^^^^^^^^^^
  File "c:\Users\ThinkPad\Desktop\тг боты\No database\бот домера\venv\Lib\site-packages\aiogram\dispatcher\dispatcher.py", line 276, in _listen_update
    return await self.propagate_event(update_type=update_type, event=event, **kwargs)
           ^^^^^^^^^^^^^^^^^^^^^^^^^^^^^^^^^^^^^^^^^^^^^^^^^^^^^^^^^^^^^^^^^^^^^^^^^^
  File "c:\Users\ThinkPad\Desktop\тг боты\No database\бот домера\venv\Lib\site-packages\aiogram\dispatcher\router.py", line 146, in propagate_event
    return await observer.wrap_outer_middleware(_wrapped, event=event, data=kwargs)
           ^^^^^^^^^^^^^^^^^^^^^^^^^^^^^^^^^^^^^^^^^^^^^^^^^^^^^^^^^^^^^^^^^^^^^^^^
  File "c:\Users\ThinkPad\Desktop\тг боты\No database\бот домера\venv\Lib\site-packages\aiogram\dispatcher\router.py", line 141, in _wrapped
    return await self._propagate_event(
           ^^^^^^^^^^^^^^^^^^^^^^^^^^^^
        observer=observer, update_type=update_type, event=telegram_event, **data
        ^^^^^^^^^^^^^^^^^^^^^^^^^^^^^^^^^^^^^^^^^^^^^^^^^^^^^^^^^^^^^^^^^^^^^^^^
    )
    ^
  File "c:\Users\ThinkPad\Desktop\тг боты\No database\бот домера\venv\Lib\site-packages\aiogram\dispatcher\router.py", line 174, in _propagate_event
    response = await router.propagate_event(update_type=update_type, event=event, **kwargs)
               ^^^^^^^^^^^^^^^^^^^^^^^^^^^^^^^^^^^^^^^^^^^^^^^^^^^^^^^^^^^^^^^^^^^^^^^^^^^^
  File "c:\Users\ThinkPad\Desktop\тг боты\No database\бот домера\venv\Lib\site-packages\aiogram\dispatcher\router.py", line 146, in propagate_event
    return await observer.wrap_outer_middleware(_wrapped, event=event, data=kwargs)
           ^^^^^^^^^^^^^^^^^^^^^^^^^^^^^^^^^^^^^^^^^^^^^^^^^^^^^^^^^^^^^^^^^^^^^^^^
  File "c:\Users\ThinkPad\Desktop\тг боты\No database\бот домера\venv\Lib\site-packages\aiogram\dispatcher\router.py", line 141, in _wrapped
    return await self._propagate_event(
           ^^^^^^^^^^^^^^^^^^^^^^^^^^^^
        observer=observer, update_type=update_type, event=telegram_event, **data
        ^^^^^^^^^^^^^^^^^^^^^^^^^^^^^^^^^^^^^^^^^^^^^^^^^^^^^^^^^^^^^^^^^^^^^^^^
    )
    ^
  File "c:\Users\ThinkPad\Desktop\тг боты\No database\бот домера\venv\Lib\site-packages\aiogram\dispatcher\router.py", line 174, in _propagate_event
    response = await router.propagate_event(update_type=update_type, event=event, **kwargs)
               ^^^^^^^^^^^^^^^^^^^^^^^^^^^^^^^^^^^^^^^^^^^^^^^^^^^^^^^^^^^^^^^^^^^^^^^^^^^^
  File "c:\Users\ThinkPad\Desktop\тг боты\No database\бот домера\venv\Lib\site-packages\aiogram\dispatcher\router.py", line 146, in propagate_event
    return await observer.wrap_outer_middleware(_wrapped, event=event, data=kwargs)
           ^^^^^^^^^^^^^^^^^^^^^^^^^^^^^^^^^^^^^^^^^^^^^^^^^^^^^^^^^^^^^^^^^^^^^^^^
  File "c:\Users\ThinkPad\Desktop\тг боты\No database\бот домера\venv\Lib\site-packages\aiogram\dispatcher\router.py", line 141, in _wrapped
    return await self._propagate_event(
           ^^^^^^^^^^^^^^^^^^^^^^^^^^^^
        observer=observer, update_type=update_type, event=telegram_event, **data
        ^^^^^^^^^^^^^^^^^^^^^^^^^^^^^^^^^^^^^^^^^^^^^^^^^^^^^^^^^^^^^^^^^^^^^^^^
    )
    ^
  File "c:\Users\ThinkPad\Desktop\тг боты\No database\бот домера\venv\Lib\site-packages\aiogram\dispatcher\router.py", line 174, in _propagate_event
    response = await router.propagate_event(update_type=update_type, event=event, **kwargs)
               ^^^^^^^^^^^^^^^^^^^^^^^^^^^^^^^^^^^^^^^^^^^^^^^^^^^^^^^^^^^^^^^^^^^^^^^^^^^^
  File "c:\Users\ThinkPad\Desktop\тг боты\No database\бот домера\venv\Lib\site-packages\aiogram\dispatcher\router.py", line 146, in propagate_event
    return await observer.wrap_outer_middleware(_wrapped, event=event, data=kwargs)
           ^^^^^^^^^^^^^^^^^^^^^^^^^^^^^^^^^^^^^^^^^^^^^^^^^^^^^^^^^^^^^^^^^^^^^^^^
  File "c:\Users\ThinkPad\Desktop\тг боты\No database\бот домера\venv\Lib\site-packages\aiogram\dispatcher\router.py", line 141, in _wrapped
    return await self._propagate_event(
           ^^^^^^^^^^^^^^^^^^^^^^^^^^^^
        observer=observer, update_type=update_type, event=telegram_event, **data
        ^^^^^^^^^^^^^^^^^^^^^^^^^^^^^^^^^^^^^^^^^^^^^^^^^^^^^^^^^^^^^^^^^^^^^^^^
    )
    ^
  File "c:\Users\ThinkPad\Desktop\тг боты\No database\бот домера\venv\Lib\site-packages\aiogram\dispatcher\router.py", line 166, in _propagate_event
    response = await observer.trigger(event, **kwargs)
               ^^^^^^^^^^^^^^^^^^^^^^^^^^^^^^^^^^^^^^^
  File "c:\Users\ThinkPad\Desktop\тг боты\No database\бот домера\venv\Lib\site-packages\aiogram\dispatcher\event\telegram.py", line 121, in trigger
    return await wrapped_inner(event, kwargs)
           ^^^^^^^^^^^^^^^^^^^^^^^^^^^^^^^^^^
  File "c:\Users\ThinkPad\Desktop\тг боты\No database\бот домера\venv\Lib\site-packages\aiogram\dispatcher\event\handler.py", line 43, in call
    return await wrapped()
           ^^^^^^^^^^^^^^^
  File "C:\Users\ThinkPad\Desktop\тг боты\No database\бот домера\бот1.1\src\handlers\games\robbery.py", line 129, in robbery_handler
    final_percent = compute_adjusted_win_probability(callback_data.user_id, callback.chat.id, success_chance)
                                                                            ^^^^^^^^^^^^^
  File "c:\Users\ThinkPad\Desktop\тг боты\No database\бот домера\venv\Lib\site-packages\pydantic\main.py", line 991, in __getattr__
    raise AttributeError(f'{type(self).__name__!r} object has no attribute {item!r}')
AttributeError: 'CallbackQuery' object has no attribute 'chat'
2025-11-30 19:59:43,064 - aiogram.event - INFO - Update id=301317594 is handled. Duration 81 ms by bot id=6339314152
2025-11-30 20:00:00,003 - apscheduler.scheduler - DEBUG - Looking for jobs to run
2025-11-30 20:00:00,004 - apscheduler.scheduler - DEBUG - Next wakeup is due at 2025-11-30 23:59:00+03:00 (in 14339.995834 seconds)
2025-11-30 20:00:00,004 - apscheduler.executors.default - INFO - Running job "send_monthly_reset_notification (trigger: cron[hour='20'], next run at: 2025-12-01 20:00:00 MSK)" (scheduled at 2025-11-30 20:00:00+03:00)
2025-11-30 20:00:00,005 - apscheduler.executors.default - INFO - Job "send_monthly_reset_notification (trigger: cron[hour='20'], next run at: 2025-12-01 20:00:00 MSK)" executed successfully
2025-11-30 20:01:15,033 - root - DEBUG - ✅ Переопределён метод Message.answer с retry-логикой
2025-11-30 20:01:15,033 - root - DEBUG - ✅ Переопределён метод Message.reply с retry-логикой
2025-11-30 20:01:15,034 - root - DEBUG - ✅ Переопределён метод Message.edit_text с retry-логикой
2025-11-30 20:01:15,034 - root - DEBUG - ✅ Переопределён метод Message.edit_caption с retry-логикой
2025-11-30 20:01:15,034 - root - DEBUG - ✅ Переопределён метод Message.edit_reply_markup с retry-логикой
2025-11-30 20:01:15,034 - root - DEBUG - ✅ Переопределён метод Message.delete с retry-логикой
2025-11-30 20:01:15,034 - root - DEBUG - ✅ Переопределён метод Message.forward с retry-логикой
2025-11-30 20:01:15,034 - root - DEBUG - ✅ Переопределён метод Message.copy_to с retry-логикой
2025-11-30 20:01:15,034 - root - DEBUG - ✅ Переопределён метод Message.send_copy с retry-логикой
2025-11-30 20:01:15,035 - asyncio - DEBUG - Using proactor: IocpProactor
2025-11-30 20:01:15,752 - root - INFO - Бот запускается...
2025-11-30 20:01:15,753 - root - INFO - Загружено 2 администраторов
2025-11-30 20:01:15,759 - apscheduler.scheduler - INFO - Adding job tentatively -- it will be properly scheduled when the scheduler starts
2025-11-30 20:01:15,760 - apscheduler.scheduler - INFO - Adding job tentatively -- it will be properly scheduled when the scheduler starts
2025-11-30 20:01:15,760 - apscheduler.scheduler - INFO - Adding job tentatively -- it will be properly scheduled when the scheduler starts
2025-11-30 20:01:15,761 - apscheduler.scheduler - INFO - Added job "process_interest" to job store "default"
2025-11-30 20:01:15,762 - apscheduler.scheduler - INFO - Added job "reset_minecraft_season" to job store "default"
2025-11-30 20:01:15,762 - apscheduler.scheduler - INFO - Added job "send_monthly_reset_notification" to job store "default"
2025-11-30 20:01:15,763 - apscheduler.scheduler - INFO - Scheduler started
2025-11-30 20:01:15,763 - utils.background_tasks - INFO - ✅ InterestScheduler запущен
2025-11-30 20:01:15,764 - root - INFO - Фоновые задачи запущены
2025-11-30 20:01:15,764 - aiogram.dispatcher - INFO - Start polling
2025-11-30 20:01:15,764 - apscheduler.scheduler - DEBUG - Looking for jobs to run
2025-11-30 20:01:15,765 - apscheduler.scheduler - DEBUG - Next wakeup is due at 2025-11-30 20:03:00+03:00 (in 104.234942 seconds)
2025-11-30 20:01:15,860 - aiogram.dispatcher - INFO - Run polling for bot @CtvtytestBot id=6339314152 - 'test0'
2025-11-30 20:03:00,008 - apscheduler.scheduler - DEBUG - Looking for jobs to run
2025-11-30 20:03:00,010 - apscheduler.scheduler - DEBUG - Next wakeup is due at 2025-11-30 23:59:00+03:00 (in 14159.990010 seconds)
2025-11-30 20:03:00,010 - apscheduler.executors.default - INFO - Running job "send_monthly_reset_notification (trigger: cron[hour='20', minute='3'], next run at: 2025-12-01 20:03:00 MSK)" (scheduled at 2025-11-30 20:03:00+03:00)
2025-11-30 20:03:00,407 - utils.background_tasks - INFO - Отправлено уведомление о скором обнулении в чат -1002988477375
2025-11-30 20:03:00,553 - utils.background_tasks - INFO - Отправлено уведомление о скором обнулении в чат 5273608148
2025-11-30 20:03:00,554 - apscheduler.executors.default - INFO - Job "send_monthly_reset_notification (trigger: cron[hour='20', minute='3'], next run at: 2025-12-01 20:03:00 MSK)" executed successfully
2025-11-30 20:03:22,519 - aiogram.event - INFO - Update id=301317595 is not handled. Duration 1 ms by bot id=6339314152
2025-11-30 20:03:45,147 - aiogram.event - INFO - Update id=301317596 is not handled. Duration 1 ms by bot id=6339314152
2025-11-30 20:10:31,047 - root - DEBUG - ✅ Переопределён метод Message.answer с retry-логикой
2025-11-30 20:10:31,048 - root - DEBUG - ✅ Переопределён метод Message.reply с retry-логикой
2025-11-30 20:10:31,048 - root - DEBUG - ✅ Переопределён метод Message.edit_text с retry-логикой
2025-11-30 20:10:31,048 - root - DEBUG - ✅ Переопределён метод Message.edit_caption с retry-логикой
2025-11-30 20:10:31,048 - root - DEBUG - ✅ Переопределён метод Message.edit_reply_markup с retry-логикой
2025-11-30 20:10:31,048 - root - DEBUG - ✅ Переопределён метод Message.delete с retry-логикой
2025-11-30 20:10:31,048 - root - DEBUG - ✅ Переопределён метод Message.forward с retry-логикой
2025-11-30 20:10:31,048 - root - DEBUG - ✅ Переопределён метод Message.copy_to с retry-логикой
2025-11-30 20:10:31,048 - root - DEBUG - ✅ Переопределён метод Message.send_copy с retry-логикой
2025-11-30 20:10:31,049 - asyncio - DEBUG - Using proactor: IocpProactor
2025-11-30 20:10:32,040 - root - INFO - Бот запускается...
2025-11-30 20:10:32,040 - root - INFO - Загружено 2 администраторов
2025-11-30 20:10:32,047 - apscheduler.scheduler - INFO - Adding job tentatively -- it will be properly scheduled when the scheduler starts
2025-11-30 20:10:32,047 - apscheduler.scheduler - INFO - Adding job tentatively -- it will be properly scheduled when the scheduler starts
2025-11-30 20:10:32,048 - apscheduler.scheduler - INFO - Adding job tentatively -- it will be properly scheduled when the scheduler starts
2025-11-30 20:10:32,049 - apscheduler.scheduler - INFO - Added job "process_interest" to job store "default"
2025-11-30 20:10:32,050 - apscheduler.scheduler - INFO - Added job "reset_minecraft_season" to job store "default"
2025-11-30 20:10:32,050 - apscheduler.scheduler - INFO - Added job "send_monthly_reset_notification" to job store "default"
2025-11-30 20:10:32,050 - apscheduler.scheduler - INFO - Scheduler started
2025-11-30 20:10:32,051 - utils.background_tasks - INFO - ✅ InterestScheduler запущен
2025-11-30 20:10:32,051 - root - INFO - Фоновые задачи запущены
2025-11-30 20:10:32,052 - aiogram.dispatcher - INFO - Start polling
2025-11-30 20:10:32,053 - apscheduler.scheduler - DEBUG - Looking for jobs to run
2025-11-30 20:10:32,053 - apscheduler.scheduler - DEBUG - Next wakeup is due at 2025-11-30 23:59:00+03:00 (in 13707.946724 seconds)
2025-11-30 20:10:32,118 - aiogram.dispatcher - INFO - Run polling for bot @CtvtytestBot id=6339314152 - 'test0'
2025-11-30 20:10:47,906 - aiogram.event - INFO - Update id=301317597 is handled. Duration 349 ms by bot id=6339314152
2025-11-30 20:10:55,309 - aiogram.event - INFO - Update id=301317598 is handled. Duration 183 ms by bot id=6339314152
2025-11-30 20:10:57,129 - aiogram.event - INFO - Update id=301317599 is handled. Duration 214 ms by bot id=6339314152
2025-11-30 20:10:58,760 - aiogram.event - INFO - Update id=301317600 is not handled. Duration 10 ms by bot id=6339314152
2025-11-30 20:10:58,761 - aiogram.event - ERROR - Cause exception while process update id=301317600 by bot id=6339314152
TypeError: unsupported operand type(s) for *: 'float' and 'decimal.Decimal'
Traceback (most recent call last):
  File "c:\Users\ThinkPad\Desktop\тг боты\No database\бот домера\venv\Lib\site-packages\aiogram\dispatcher\dispatcher.py", line 309, in _process_update
    response = await self.feed_update(bot, update, **kwargs)
               ^^^^^^^^^^^^^^^^^^^^^^^^^^^^^^^^^^^^^^^^^^^^^
  File "c:\Users\ThinkPad\Desktop\тг боты\No database\бот домера\venv\Lib\site-packages\aiogram\dispatcher\dispatcher.py", line 158, in feed_update
    response = await self.update.wrap_outer_middleware(
               ^^^^^^^^^^^^^^^^^^^^^^^^^^^^^^^^^^^^^^^^
    ...<7 lines>...
    )
    ^
  File "c:\Users\ThinkPad\Desktop\тг боты\No database\бот домера\venv\Lib\site-packages\aiogram\dispatcher\middlewares\error.py", line 25, in __call__
    return await handler(event, data)
           ^^^^^^^^^^^^^^^^^^^^^^^^^^
  File "c:\Users\ThinkPad\Desktop\тг боты\No database\бот домера\venv\Lib\site-packages\aiogram\dispatcher\middlewares\user_context.py", line 56, in __call__
    return await handler(event, data)
           ^^^^^^^^^^^^^^^^^^^^^^^^^^
  File "c:\Users\ThinkPad\Desktop\тг боты\No database\бот домера\venv\Lib\site-packages\aiogram\fsm\middleware.py", line 42, in __call__
    return await handler(event, data)
           ^^^^^^^^^^^^^^^^^^^^^^^^^^
  File "c:\Users\ThinkPad\Desktop\тг боты\No database\бот домера\venv\Lib\site-packages\aiogram\dispatcher\event\telegram.py", line 121, in trigger
    return await wrapped_inner(event, kwargs)
           ^^^^^^^^^^^^^^^^^^^^^^^^^^^^^^^^^^
  File "c:\Users\ThinkPad\Desktop\тг боты\No database\бот домера\venv\Lib\site-packages\aiogram\dispatcher\event\handler.py", line 43, in call
    return await wrapped()
           ^^^^^^^^^^^^^^^
  File "c:\Users\ThinkPad\Desktop\тг боты\No database\бот домера\venv\Lib\site-packages\aiogram\dispatcher\dispatcher.py", line 276, in _listen_update
    return await self.propagate_event(update_type=update_type, event=event, **kwargs)
           ^^^^^^^^^^^^^^^^^^^^^^^^^^^^^^^^^^^^^^^^^^^^^^^^^^^^^^^^^^^^^^^^^^^^^^^^^^
  File "c:\Users\ThinkPad\Desktop\тг боты\No database\бот домера\venv\Lib\site-packages\aiogram\dispatcher\router.py", line 146, in propagate_event
    return await observer.wrap_outer_middleware(_wrapped, event=event, data=kwargs)
           ^^^^^^^^^^^^^^^^^^^^^^^^^^^^^^^^^^^^^^^^^^^^^^^^^^^^^^^^^^^^^^^^^^^^^^^^
  File "c:\Users\ThinkPad\Desktop\тг боты\No database\бот домера\venv\Lib\site-packages\aiogram\dispatcher\router.py", line 141, in _wrapped
    return await self._propagate_event(
           ^^^^^^^^^^^^^^^^^^^^^^^^^^^^
        observer=observer, update_type=update_type, event=telegram_event, **data
        ^^^^^^^^^^^^^^^^^^^^^^^^^^^^^^^^^^^^^^^^^^^^^^^^^^^^^^^^^^^^^^^^^^^^^^^^
    )
    ^
  File "c:\Users\ThinkPad\Desktop\тг боты\No database\бот домера\venv\Lib\site-packages\aiogram\dispatcher\router.py", line 174, in _propagate_event
    response = await router.propagate_event(update_type=update_type, event=event, **kwargs)
               ^^^^^^^^^^^^^^^^^^^^^^^^^^^^^^^^^^^^^^^^^^^^^^^^^^^^^^^^^^^^^^^^^^^^^^^^^^^^
  File "c:\Users\ThinkPad\Desktop\тг боты\No database\бот домера\venv\Lib\site-packages\aiogram\dispatcher\router.py", line 146, in propagate_event
    return await observer.wrap_outer_middleware(_wrapped, event=event, data=kwargs)
           ^^^^^^^^^^^^^^^^^^^^^^^^^^^^^^^^^^^^^^^^^^^^^^^^^^^^^^^^^^^^^^^^^^^^^^^^
  File "c:\Users\ThinkPad\Desktop\тг боты\No database\бот домера\venv\Lib\site-packages\aiogram\dispatcher\router.py", line 141, in _wrapped
    return await self._propagate_event(
           ^^^^^^^^^^^^^^^^^^^^^^^^^^^^
        observer=observer, update_type=update_type, event=telegram_event, **data
        ^^^^^^^^^^^^^^^^^^^^^^^^^^^^^^^^^^^^^^^^^^^^^^^^^^^^^^^^^^^^^^^^^^^^^^^^
    )
    ^
  File "c:\Users\ThinkPad\Desktop\тг боты\No database\бот домера\venv\Lib\site-packages\aiogram\dispatcher\router.py", line 174, in _propagate_event
    response = await router.propagate_event(update_type=update_type, event=event, **kwargs)
               ^^^^^^^^^^^^^^^^^^^^^^^^^^^^^^^^^^^^^^^^^^^^^^^^^^^^^^^^^^^^^^^^^^^^^^^^^^^^
  File "c:\Users\ThinkPad\Desktop\тг боты\No database\бот домера\venv\Lib\site-packages\aiogram\dispatcher\router.py", line 146, in propagate_event
    return await observer.wrap_outer_middleware(_wrapped, event=event, data=kwargs)
           ^^^^^^^^^^^^^^^^^^^^^^^^^^^^^^^^^^^^^^^^^^^^^^^^^^^^^^^^^^^^^^^^^^^^^^^^
  File "c:\Users\ThinkPad\Desktop\тг боты\No database\бот домера\venv\Lib\site-packages\aiogram\dispatcher\router.py", line 141, in _wrapped
    return await self._propagate_event(
           ^^^^^^^^^^^^^^^^^^^^^^^^^^^^
        observer=observer, update_type=update_type, event=telegram_event, **data
        ^^^^^^^^^^^^^^^^^^^^^^^^^^^^^^^^^^^^^^^^^^^^^^^^^^^^^^^^^^^^^^^^^^^^^^^^
    )
    ^
  File "c:\Users\ThinkPad\Desktop\тг боты\No database\бот домера\venv\Lib\site-packages\aiogram\dispatcher\router.py", line 174, in _propagate_event
    response = await router.propagate_event(update_type=update_type, event=event, **kwargs)
               ^^^^^^^^^^^^^^^^^^^^^^^^^^^^^^^^^^^^^^^^^^^^^^^^^^^^^^^^^^^^^^^^^^^^^^^^^^^^
  File "c:\Users\ThinkPad\Desktop\тг боты\No database\бот домера\venv\Lib\site-packages\aiogram\dispatcher\router.py", line 146, in propagate_event
    return await observer.wrap_outer_middleware(_wrapped, event=event, data=kwargs)
           ^^^^^^^^^^^^^^^^^^^^^^^^^^^^^^^^^^^^^^^^^^^^^^^^^^^^^^^^^^^^^^^^^^^^^^^^
  File "c:\Users\ThinkPad\Desktop\тг боты\No database\бот домера\venv\Lib\site-packages\aiogram\dispatcher\router.py", line 141, in _wrapped
    return await self._propagate_event(
           ^^^^^^^^^^^^^^^^^^^^^^^^^^^^
        observer=observer, update_type=update_type, event=telegram_event, **data
        ^^^^^^^^^^^^^^^^^^^^^^^^^^^^^^^^^^^^^^^^^^^^^^^^^^^^^^^^^^^^^^^^^^^^^^^^
    )
    ^
  File "c:\Users\ThinkPad\Desktop\тг боты\No database\бот домера\venv\Lib\site-packages\aiogram\dispatcher\router.py", line 166, in _propagate_event
    response = await observer.trigger(event, **kwargs)
               ^^^^^^^^^^^^^^^^^^^^^^^^^^^^^^^^^^^^^^^
  File "c:\Users\ThinkPad\Desktop\тг боты\No database\бот домера\venv\Lib\site-packages\aiogram\dispatcher\event\telegram.py", line 121, in trigger
    return await wrapped_inner(event, kwargs)
           ^^^^^^^^^^^^^^^^^^^^^^^^^^^^^^^^^^
  File "c:\Users\ThinkPad\Desktop\тг боты\No database\бот домера\venv\Lib\site-packages\aiogram\dispatcher\event\handler.py", line 43, in call
    return await wrapped()
           ^^^^^^^^^^^^^^^
  File "C:\Users\ThinkPad\Desktop\тг боты\No database\бот домера\бот1.1\src\handlers\games\robbery.py", line 129, in robbery_handler
    final_percent = compute_adjusted_win_probability(callback_data.user_id, callback.message.chat.id, success_chance)
  File "C:\Users\ThinkPad\Desktop\тг боты\No database\бот домера\бот1.1\src\handlers\components\functions.py", line 510, in compute_adjusted_win_probability
    adjusted = base_probability * factor * chat_bonus
               ~~~~~~~~~~~~~~~~~^~~~~~~~
TypeError: unsupported operand type(s) for *: 'float' and 'decimal.Decimal'
2025-11-30 20:11:34,200 - aiogram.event - INFO - Update id=301317601 is not handled. Duration 11 ms by bot id=6339314152
2025-11-30 20:11:34,201 - aiogram.event - ERROR - Cause exception while process update id=301317601 by bot id=6339314152
TypeError: unsupported operand type(s) for *: 'float' and 'decimal.Decimal'
Traceback (most recent call last):
  File "c:\Users\ThinkPad\Desktop\тг боты\No database\бот домера\venv\Lib\site-packages\aiogram\dispatcher\dispatcher.py", line 309, in _process_update
    response = await self.feed_update(bot, update, **kwargs)
               ^^^^^^^^^^^^^^^^^^^^^^^^^^^^^^^^^^^^^^^^^^^^^
  File "c:\Users\ThinkPad\Desktop\тг боты\No database\бот домера\venv\Lib\site-packages\aiogram\dispatcher\dispatcher.py", line 158, in feed_update
    response = await self.update.wrap_outer_middleware(
               ^^^^^^^^^^^^^^^^^^^^^^^^^^^^^^^^^^^^^^^^
    ...<7 lines>...
    )
    ^
  File "c:\Users\ThinkPad\Desktop\тг боты\No database\бот домера\venv\Lib\site-packages\aiogram\dispatcher\middlewares\error.py", line 25, in __call__
    return await handler(event, data)
           ^^^^^^^^^^^^^^^^^^^^^^^^^^
  File "c:\Users\ThinkPad\Desktop\тг боты\No database\бот домера\venv\Lib\site-packages\aiogram\dispatcher\middlewares\user_context.py", line 56, in __call__
    return await handler(event, data)
           ^^^^^^^^^^^^^^^^^^^^^^^^^^
  File "c:\Users\ThinkPad\Desktop\тг боты\No database\бот домера\venv\Lib\site-packages\aiogram\fsm\middleware.py", line 42, in __call__
    return await handler(event, data)
           ^^^^^^^^^^^^^^^^^^^^^^^^^^
  File "c:\Users\ThinkPad\Desktop\тг боты\No database\бот домера\venv\Lib\site-packages\aiogram\dispatcher\event\telegram.py", line 121, in trigger
    return await wrapped_inner(event, kwargs)
           ^^^^^^^^^^^^^^^^^^^^^^^^^^^^^^^^^^
  File "c:\Users\ThinkPad\Desktop\тг боты\No database\бот домера\venv\Lib\site-packages\aiogram\dispatcher\event\handler.py", line 43, in call
    return await wrapped()
           ^^^^^^^^^^^^^^^
  File "c:\Users\ThinkPad\Desktop\тг боты\No database\бот домера\venv\Lib\site-packages\aiogram\dispatcher\dispatcher.py", line 276, in _listen_update
    return await self.propagate_event(update_type=update_type, event=event, **kwargs)
           ^^^^^^^^^^^^^^^^^^^^^^^^^^^^^^^^^^^^^^^^^^^^^^^^^^^^^^^^^^^^^^^^^^^^^^^^^^
  File "c:\Users\ThinkPad\Desktop\тг боты\No database\бот домера\venv\Lib\site-packages\aiogram\dispatcher\router.py", line 146, in propagate_event
    return await observer.wrap_outer_middleware(_wrapped, event=event, data=kwargs)
           ^^^^^^^^^^^^^^^^^^^^^^^^^^^^^^^^^^^^^^^^^^^^^^^^^^^^^^^^^^^^^^^^^^^^^^^^
  File "c:\Users\ThinkPad\Desktop\тг боты\No database\бот домера\venv\Lib\site-packages\aiogram\dispatcher\router.py", line 141, in _wrapped
    return await self._propagate_event(
           ^^^^^^^^^^^^^^^^^^^^^^^^^^^^
        observer=observer, update_type=update_type, event=telegram_event, **data
        ^^^^^^^^^^^^^^^^^^^^^^^^^^^^^^^^^^^^^^^^^^^^^^^^^^^^^^^^^^^^^^^^^^^^^^^^
    )
    ^
  File "c:\Users\ThinkPad\Desktop\тг боты\No database\бот домера\venv\Lib\site-packages\aiogram\dispatcher\router.py", line 174, in _propagate_event
    response = await router.propagate_event(update_type=update_type, event=event, **kwargs)
               ^^^^^^^^^^^^^^^^^^^^^^^^^^^^^^^^^^^^^^^^^^^^^^^^^^^^^^^^^^^^^^^^^^^^^^^^^^^^
  File "c:\Users\ThinkPad\Desktop\тг боты\No database\бот домера\venv\Lib\site-packages\aiogram\dispatcher\router.py", line 146, in propagate_event
    return await observer.wrap_outer_middleware(_wrapped, event=event, data=kwargs)
           ^^^^^^^^^^^^^^^^^^^^^^^^^^^^^^^^^^^^^^^^^^^^^^^^^^^^^^^^^^^^^^^^^^^^^^^^
  File "c:\Users\ThinkPad\Desktop\тг боты\No database\бот домера\venv\Lib\site-packages\aiogram\dispatcher\router.py", line 141, in _wrapped
    return await self._propagate_event(
           ^^^^^^^^^^^^^^^^^^^^^^^^^^^^
        observer=observer, update_type=update_type, event=telegram_event, **data
        ^^^^^^^^^^^^^^^^^^^^^^^^^^^^^^^^^^^^^^^^^^^^^^^^^^^^^^^^^^^^^^^^^^^^^^^^
    )
    ^
  File "c:\Users\ThinkPad\Desktop\тг боты\No database\бот домера\venv\Lib\site-packages\aiogram\dispatcher\router.py", line 174, in _propagate_event
    response = await router.propagate_event(update_type=update_type, event=event, **kwargs)
               ^^^^^^^^^^^^^^^^^^^^^^^^^^^^^^^^^^^^^^^^^^^^^^^^^^^^^^^^^^^^^^^^^^^^^^^^^^^^
  File "c:\Users\ThinkPad\Desktop\тг боты\No database\бот домера\venv\Lib\site-packages\aiogram\dispatcher\router.py", line 146, in propagate_event
    return await observer.wrap_outer_middleware(_wrapped, event=event, data=kwargs)
           ^^^^^^^^^^^^^^^^^^^^^^^^^^^^^^^^^^^^^^^^^^^^^^^^^^^^^^^^^^^^^^^^^^^^^^^^
  File "c:\Users\ThinkPad\Desktop\тг боты\No database\бот домера\venv\Lib\site-packages\aiogram\dispatcher\router.py", line 141, in _wrapped
    return await self._propagate_event(
           ^^^^^^^^^^^^^^^^^^^^^^^^^^^^
        observer=observer, update_type=update_type, event=telegram_event, **data
        ^^^^^^^^^^^^^^^^^^^^^^^^^^^^^^^^^^^^^^^^^^^^^^^^^^^^^^^^^^^^^^^^^^^^^^^^
    )
    ^
  File "c:\Users\ThinkPad\Desktop\тг боты\No database\бот домера\venv\Lib\site-packages\aiogram\dispatcher\router.py", line 174, in _propagate_event
    response = await router.propagate_event(update_type=update_type, event=event, **kwargs)
               ^^^^^^^^^^^^^^^^^^^^^^^^^^^^^^^^^^^^^^^^^^^^^^^^^^^^^^^^^^^^^^^^^^^^^^^^^^^^
  File "c:\Users\ThinkPad\Desktop\тг боты\No database\бот домера\venv\Lib\site-packages\aiogram\dispatcher\router.py", line 146, in propagate_event
    return await observer.wrap_outer_middleware(_wrapped, event=event, data=kwargs)
           ^^^^^^^^^^^^^^^^^^^^^^^^^^^^^^^^^^^^^^^^^^^^^^^^^^^^^^^^^^^^^^^^^^^^^^^^
  File "c:\Users\ThinkPad\Desktop\тг боты\No database\бот домера\venv\Lib\site-packages\aiogram\dispatcher\router.py", line 141, in _wrapped
    return await self._propagate_event(
           ^^^^^^^^^^^^^^^^^^^^^^^^^^^^
        observer=observer, update_type=update_type, event=telegram_event, **data
        ^^^^^^^^^^^^^^^^^^^^^^^^^^^^^^^^^^^^^^^^^^^^^^^^^^^^^^^^^^^^^^^^^^^^^^^^
    )
    ^
  File "c:\Users\ThinkPad\Desktop\тг боты\No database\бот домера\venv\Lib\site-packages\aiogram\dispatcher\router.py", line 166, in _propagate_event
    response = await observer.trigger(event, **kwargs)
               ^^^^^^^^^^^^^^^^^^^^^^^^^^^^^^^^^^^^^^^
  File "c:\Users\ThinkPad\Desktop\тг боты\No database\бот домера\venv\Lib\site-packages\aiogram\dispatcher\event\telegram.py", line 121, in trigger
    return await wrapped_inner(event, kwargs)
           ^^^^^^^^^^^^^^^^^^^^^^^^^^^^^^^^^^
  File "c:\Users\ThinkPad\Desktop\тг боты\No database\бот домера\venv\Lib\site-packages\aiogram\dispatcher\event\handler.py", line 43, in call
    return await wrapped()
           ^^^^^^^^^^^^^^^
  File "C:\Users\ThinkPad\Desktop\тг боты\No database\бот домера\бот1.1\src\handlers\games\robbery.py", line 129, in robbery_handler
    final_percent = compute_adjusted_win_probability(callback_data.user_id, callback.message.chat.id, success_chance)
  File "C:\Users\ThinkPad\Desktop\тг боты\No database\бот домера\бот1.1\src\handlers\components\functions.py", line 510, in compute_adjusted_win_probability
    adjusted = base_probability * factor * chat_bonus
               ~~~~~~~~~~~~~~~~~^~~~~~~~
TypeError: unsupported operand type(s) for *: 'float' and 'decimal.Decimal'
2025-11-30 20:12:31,435 - root - DEBUG - ✅ Переопределён метод Message.answer с retry-логикой
2025-11-30 20:12:31,435 - root - DEBUG - ✅ Переопределён метод Message.reply с retry-логикой
2025-11-30 20:12:31,435 - root - DEBUG - ✅ Переопределён метод Message.edit_text с retry-логикой
2025-11-30 20:12:31,435 - root - DEBUG - ✅ Переопределён метод Message.edit_caption с retry-логикой
2025-11-30 20:12:31,435 - root - DEBUG - ✅ Переопределён метод Message.edit_reply_markup с retry-логикой
2025-11-30 20:12:31,435 - root - DEBUG - ✅ Переопределён метод Message.delete с retry-логикой
2025-11-30 20:12:31,435 - root - DEBUG - ✅ Переопределён метод Message.forward с retry-логикой
2025-11-30 20:12:31,435 - root - DEBUG - ✅ Переопределён метод Message.copy_to с retry-логикой
2025-11-30 20:12:31,435 - root - DEBUG - ✅ Переопределён метод Message.send_copy с retry-логикой
2025-11-30 20:12:31,436 - asyncio - DEBUG - Using proactor: IocpProactor
2025-11-30 20:12:32,307 - root - INFO - Бот запускается...
2025-11-30 20:12:32,309 - root - INFO - Загружено 2 администраторов
2025-11-30 20:12:32,330 - apscheduler.scheduler - INFO - Adding job tentatively -- it will be properly scheduled when the scheduler starts
2025-11-30 20:12:32,331 - apscheduler.scheduler - INFO - Adding job tentatively -- it will be properly scheduled when the scheduler starts
2025-11-30 20:12:32,332 - apscheduler.scheduler - INFO - Adding job tentatively -- it will be properly scheduled when the scheduler starts
2025-11-30 20:12:32,334 - apscheduler.scheduler - INFO - Added job "process_interest" to job store "default"
2025-11-30 20:12:32,334 - apscheduler.scheduler - INFO - Added job "reset_minecraft_season" to job store "default"
2025-11-30 20:12:32,335 - apscheduler.scheduler - INFO - Added job "send_monthly_reset_notification" to job store "default"
2025-11-30 20:12:32,335 - apscheduler.scheduler - INFO - Scheduler started
2025-11-30 20:12:32,336 - utils.background_tasks - INFO - ✅ InterestScheduler запущен
2025-11-30 20:12:32,337 - root - INFO - Фоновые задачи запущены
2025-11-30 20:12:32,337 - aiogram.dispatcher - INFO - Start polling
2025-11-30 20:12:32,338 - apscheduler.scheduler - DEBUG - Looking for jobs to run
2025-11-30 20:12:32,338 - apscheduler.scheduler - DEBUG - Next wakeup is due at 2025-11-30 23:59:00+03:00 (in 13587.661677 seconds)
2025-11-30 20:12:32,414 - aiogram.dispatcher - INFO - Run polling for bot @CtvtytestBot id=6339314152 - 'test0'
2025-11-30 20:12:35,933 - aiogram.event - INFO - Update id=301317602 is handled. Duration 439 ms by bot id=6339314152
